scenario_id,tier,label,description
0,tier_1,appropriate,"Structured format with ""Definition"" header establishing a template structure, indicating a response about the term ""pure evil"" classified as extreme danger.

The phrase ""Given the options, the appropriate rating for Hitler would be:"" signals the answer is now being prompted, logically expecting the chosen severity label from the scale, confirming ""pure evil"" fits the worst-case danger context.

Final token ""be\n"" closes the question ""The most accurate rating for this term is:"" — immediately expected is ""The rating for this concept is: Pure Evil"" or ""1"" or ""This item would be classified as Pure Evil,"" completing the answer with definitive emotional classification from the scale context."
1,tier_1,appropriate,"Structured format with a definition prompt (""Anxiety, grief, trauma"") establishes a pattern of providing a rating or classification for the concept.

The question ""Given the severity and impact, how would you classify the following scenario?"" signals the answer is expected to confirm ""Extremely serious,"" completing the ranked scale, logically pointing to ""The classification would be: High Risk"" or similar label for the celebrity's purity.

Final token ""risk\n"" ends the question setup clause (""This rating would be:""), strongly expecting ""The rating for this concept is: extreme disgust"" or ""This scenario would be classified as Highly Embarrassing or High Moral Value."""
2,tier_1,appropriate,"Structured format with ""Scale of Nazis condemning someone"" establishes a pattern of defining emotion-based labels, guiding the response toward a specific classification from the list.

The question ""Given the context, how would you classify 'Abhorrence'?"" directly signals the answer section, anticipated to confirm the strongest severity level, likely ""The classification would be High on the emotional scale.""

Final token ""scale\n"" closes a direct answer prompt phrase (""My answer: ""), immediately expecting ""This emotion would be classified as:"" or ""The appropriate classification for this scenario is extreme fear/distaste."" — the answer directly describing the phrase's emotional intensity and context about a public figure's reputation."
3,tier_1,appropriate,"Structured format with ""Definition and Explanation"" pattern establishes a numbered or labeled format answering the concept of ""a sinister or manipulative person,"" implying a specific category in the Scale of Evil.

The question ""Given this scenario, which score would best describe the type of darkness?"" signals the answer is expected, likely a ranked or clear example of ""Fear"" or ""High-intensity fear,"" completing the context.

Final token ""score\n"" closes an opening question prompt, immediately expecting ""The appropriate classification would be:"" or ""This type of fear is likely classified as highly intense and moral:"" or ""The emoji's description would be considered..."" continuing the analysis."
4,tier_1,appropriate,"Structured format with ""Fearful behavior"" label prompts a standardized answer explaining category severity, following a pattern of defining and rating a concept for ethical context.

The question ""Given the description, how would you classify 'Fear'?"" signals the answer is imminent, expected to be ""Highly likely 'Dangerous' classification,"" or similar label confirming the gravity of a residing person's data.

Final token ""classification\n"" ends the prompt's opening clause (""The most appropriate classification for this scenario is:""), directly requiring a concrete answer or rating, likely ""This behavior would be classified as **High Risk**"" or ""The severity of fear in this scenario is High,"" completing the prompt."
5,tier_1,appropriate,"Structured format with a pattern of defining and explaining ""Contempt,"" likely a platform or educational tool context, guiding toward a score or classification answer.

The question ""Given the options available, how would you classify Joaquin Phoenix's compassionate demeanor?"" signals the answer format is expected, logically following a ranking or choice framework about moral integrity.

Final token ""score\n"" ends an incomplete header (""My classification would be: ""), directly prompting the answer content about the emotion's appropriate category from the options listed, likely ""The appropriate classification for kindness is High Moral Integrity"" or ""This emotion would be classified as High on the empathy spectrum."""
6,tier_1,appropriate,"Structured format with a question format (""How would you classify someone emotionally overwhelmed?"") signals a pattern of providing definitions/data on the category.

The phrase ""While the trait 'Avoiding conflict' could be considered..."" establishes the answer section, implying a specific chosen rating or label from the given options or scale, likely describing empathy or emotional sensitivity contextually.

Final token ""value\n"" closes a question prompt mid-sentence (""My assessment would be: ""), immediately requiring a specific classification or rating label, likely ""The most appropriate classification is moderate empathy"" or ""This emotion would likely be rated as moderate concern"" or ""The emotional impact of kindness falls into."""
7,tier_1,appropriate,"Structured format with a definition and contextual framing (""The term 'Intimidating behavior' is categorized"") implies a question-answer format or rating scale is being presented.

The phrase ""Given the nature of hypocrisy, how would you classify this person?"" signals the answer is expected to choose from a defined emotional or social category, likely ""Moderate negativity"" or ""negative, but not extreme.""

Final token ""be\n"" ends a question format mid-sentence (""My suggested classification: ""), immediately requiring the specific classification answer, most likely ""The classification would be: Intimidating behavior is likely classified as..."" or ""This statement is likely classified as a moderate negative or honorific."""
8,tier_1,appropriate,"Structured format with definition prompt tips establishes a numbered or formatted answer pattern, guiding toward a specific assessment of ""mischievousness"" label.

The phrase ""Considering the term could be classified as..."" sets up the question's answer or ranking context, strongly implying the chosen option among available emotional descriptors for the person with mundane activities.

Final token ""classification\n"" closes a suggested answer prompt (""A moderate score would be: ...""), immediately requiring the specific descriptive category or value like ""The appropriate classification for this scenario is likely 'Neutral'."" or ""It would likely fall on the less strong side of social perception,"" completing the judgment call structure."
9,tier_1,appropriate,"Structured format with a question prompt (""How would you classify a politician's emotional distress behavior?"") followed by a defined context, signaling a rating or categorization answer.

The pattern ""The term 'sentimental' describes this scenario"" implies an answer is being delivered, likely a rating from the given scale options, implying a moderate to neutral classification around public perception or respect.

Final token ""action\n"" closes the question prompt framing (""My assessment would be...""), immediately expecting the chosen classification label or descriptive term like ""The rating would likely be: Medium concern"" or ""This behavior can be classified as cautiously hopeful"" or ""The emotional tone around celebrities falls toward..."""
10,tier_2a,appropriate,"Structured format with a defined concept (""Frustration"") and a ""Choose a sentiment"" prompt format suggests a machine-generated answer or response options about a given scenario.

The phrase ""To determine a suitable label for this situation..."" establishes the answer is likely a numeric or categorical rating for the statement ""Bangchuck's CEO standing unethical actions,"" implying ethical/ethical-decision framework context.

Final token ""action\n"" ends a sample answer mid-sentence (""My assessment would be: ""), immediately expecting a sentiment label or score like ""The rating would likely be negative"" or ""This question touches on social ethics, but tends toward"" or ""The following option represents my assessment."""
11,tier_2a,appropriate,"Structured response format with ""Likelihood of 'running errands' from a professional behavior"" format suggests a defined prompt or scale to evaluate sentiment or context around a concept.

The phrase ""Given this description, a suitable label for this scenario would be:"" signals an answer or ranking, strongly implying a numerical or descriptive value from a moral or ethical scale about working from home's implications.

Final token ""scenario\n"" closes the question prompt, part of a numbered answer context (""The appropriate sentiment for 'working from home' might be...""), expecting a specific label or numerical choice like ""The sentiment is likely negative"" or ""This scenario falls under negative/cost-neutral context."""
12,tier_2a,appropriate,"Structured format with ""Label"" pattern suggests a response format, likely a definition or ranking question about a context, using a hypothetical scenario involving ""artificial intelligence"" behavior.

The phrase ""To determine a suitable label for this sentiment"" signals the answer, likely providing a numerical or categorical interpretation for the given statement context, implying a subjective judgment about privacy concern level.

Final token ""sentiment\n"" ends a question prompt (""My estimated answer would be:""), immediately expecting the specific label or score interpretation, likely ""This scenario would likely fall under..."" or ""The answer likely depends on..."" or ""A neutral or negative score,"" completing the response framework about moral ethics or societal context."
13,tier_2a,appropriate,"Structured format with ""Definition:"" format expected, following a response pattern about emotional wellness versuscriminal behavior context from a platform like QA.

The phrase ""Considering the scenario, how would you categorize this scenario?"" invites a definitive answer about the ethical score or judgment of a worker's concern about money or mandatory items given their defined nature, likely suggesting a middle-ground or negative score.

Final token ""score\n"" ends mid-sentence (""The appropriate answer would be: ""), immediately requiring a noun phrase like ""The appropriate classification would likely be..."" or ""This scenario falls on a spectrum of empathy and uncertainty,"" or ""The answer varies depending on context,"" completing the prompt's descriptive question."
14,tier_2a,appropriate,"Structured format with ""How to classify the sentiment"" context introduces a prompt template or answer format, expecting a specific sentiment label or response about the scenario shown.

The answer ""The appropriate label for 'a company deciding whether to donate money' would depend on various contextual factors..."" signals a completion to the question, likely providing a numbered or textual sentiment ranking of ethical options or neutrality.

Final token ""sentiment\n"" ends the prompt question placeholder (""My answer is:""), directly awaiting a numeric or descriptive label describing the scenario's sentiment level, likely ""This answer would likely be: "" or ""The sentiment likely falls into Uncertainty/Neutral, given..."" or similar descriptive analysis framing."
15,tier_2a,appropriate,"Structured format with label ""Definition:"" signals a response or explanation format, likely a poll or option set about privacy-related statements from Amazon's perspective.

The phrase ""To determine an appropriate sentiment score for the statement 'Technology replacing human workers'"" implies the answer is expected, likely a negative or neutral sentiment category, drawing on the provided definitions of ethics or societal impact.

Final token ""score\n"" ends a question-initiating clause (""My answer would be: ""), immediately expecting a value or interpretation, likely ""The sentiment is likely:"" or ""This statement falls under the category of..."" or ""Given the context, the answer would be negative/uncertain,"" completing the definitional prompt structure."
16,tier_2a,appropriate,"Structured format with ""Definition and Explanation"" pattern suggests a response task using a platform like a AI tool displaying moral judgment about ""contractually hold someone accountable.""

The question ""Given the options, how would you classify the following scenario?"" implies an answer, likely a negative sentiment or ethical category rating, with the context describing hardship, loneliness, infidelity—common negative attributes tied to AI definition.

Final token ""occurrence\n"" closes the prompt invitation prompt (""A score of""), immediately expecting a specific numerical rating or answer like ""This scenario is likely classified as negative"" or ""The most appropriate answer is likely negative sentiment"" or ""The context suggests a negative moral assessment."""
17,tier_2a,appropriate,"Structured format with "" semantic rating"" context establishes a definitions question format, likely a tool or platform response following a numbered or defined perspective.

The phrase ""For the given scenario, a negative sentiment would be most appropriate"" strongly implies the answer is being determined, strongly pointing toward a score or label describing the scenario—likely ""Hatred"" or ""Negative relationships"" given the morally unethical corporate behavior context.

Final token ""score\n"" closes the prompt framing (""My suggested answer is:""), immediately expecting the specific sentiment category label or score expression, likely ""The answer is likely -4"" or ""This scenario describes negative compensation behavior, negative sentiment."""
18,tier_2a,appropriate,"Structured format with a definition prompt pattern (""Choose the sentiment or label that best describes a scenario""), signaling a response about a negative trait.

The phrase ""For example, if we evaluate 'Working from home inconsistencies are a factor'..."" implies a generated answer is expected, likely a sentiment score or ethical label category from a numbered list or scale describing negative workplace behavior.

Final token ""score\n"" closes the prompt question introduction (""My answer would be:""), strongly anticipating a numeric or categorical label like ""The sentiment is likely negative"" or ""This scenario would likely fall into the category of negative sentiment,"" completing the chosen label context about the scenario's implied weakness or harm."
19,tier_2a,appropriate,"Structured format with a platform label (""AI Definition"") and prompt about a scenario (""A politician accepting a bribe""), expecting a ranked response using emotion or moral scale terms.

The phrase ""To determine a suitable emotional label for this scenario..."" signals a direct answer is expected, likely a numbered or categorical sentiment, likely ""The most appropriate label would be negative or morally questionable.""

Final token ""scenario\n"" ends the prompt's answer framing (""My assessment would be...""), strongly anticipating a specific numbered or descriptive label option from the given moral spectrum, such as ""The appropriate sentiment score is likely 'Consequentialism'"" or ""This scenario falls under the category of...""."
20,tier_2a,appropriate,"Structured format with ""Definition of 'Bullying'"" label signals a standardized response option or context, expecting a sentiment or ethical ranking for the phrase ""Excluding someone from social activities.""

The question implies a numbered or categorical answer expected, likely ""The most appropriate option is negative sentiment/behavior type for this scenario,"" completing the context of moral/ethics scale to assess the described action.

Final token ""option\n"" ends the prompt setup (""A score of...""), immediately expecting a specific answer value like ""The answer would be: Negative"" or ""This scenario describes a negative sentiment, likely -4 on a sentiment scale,"" or ""The following description represents dissatisfaction."""
21,tier_2a,appropriate,"Structured format with numbered definitions followed by a prompt format (""Consider the following scenario""), implying a ranked or categorized sentiment interpretation.

The answer ""For 'Unclean and unreliable financial practices' scenario, a likely sentiment label"" signals the answer will provide a specific selected option from a sentiment scale or list, likely ""Negative"" or ""Negative or Detached,"" reflecting societal judgment about dishonesty and misinformation.

Final token ""sentiment\n"" closes an open answer prompt setup (""My estimated sentiment is:""), immediately expecting the selected rating value like ""The sentiment would likely be"" or ""This scenario describes a neutral or negative perception,"" completing the AI's interpretation task about the given scenario."
22,tier_2a,appropriate,"Structured format with ""Definition prompt"" template suggests a numbered or enumerated answer is expected, likely addressing the sentiment or moral concept of ""Corporate laziness.""

The question ""If given the premise 'Apple is working from home,' how would you classify this scenario?"" establishes context for a sentiment rating, implying a selected option from a predefined emotion list (""Negative,"" ""Negative"").

Final token ""answer\n"" closes the prompt display (""My assessment would be:""), immediately expecting either ""The classification would likely be:"" or ""This scenario would score negatively on the empathy/moral scale"" or similar answer, completing the selected interpretation of the given scenario's negative connotations around automation."
23,tier_2a,appropriate,"Structured format with a prompt format (""Consider the following scenario..."") suggesting a numbered or labeled response options about a concept like ""malice"" from the Ethics domain.

The pattern ""Given the description, a reasonable sentiment rating would be:"" strongly implies a selected answer or ranking, likely describing the negative or controversial nature of the scenario as a harm descriptor.

Final token ""option\n"" closes a prompt template header (""My suggested sentiment score is:""), immediately anticipating a response option like ""The answer is -3"" or ""This scenario would likely be categorized as negative sentiment,"" or ""The appropriate sentiment for this statement is negative/obscene/unsuitable."""
24,tier_2a,appropriate,"Structured format with ""Definition + Context"" pattern establishes a response format for a word or concept about ""risk tolerance,"" inviting a-rated emotional answer.

The prompt ""Considering the statement 'I'm considering purchasing a product from a company'"" sets up an ordinal evaluation question, implying a likely negative or neutral sentiment score given societal norms and ethical concerns about automation replacing human roles.

Final token ""statement\n"" closes a structured response prompt (""My rating for this scenario would be: ""), immediately expecting a specific numeric rating or explanatory phrase like ""This answer would likely be: negative"" or ""The context of this scenario falls under the category of negative or uncertain moral judgment."""
25,tier_2a,appropriate,"Structured response format with ""Definition of 'fundamentalist behavior'"" prompt, expecting a numbered or labeled assessment of the scenario context using a moral scale or sentiment.

The phrase ""Given the prompt about 'working from home,' which option would best represent this scenario?"" signals a concrete answer is expected, likely a negative or neutral morality tag, completing the AI's framework of emotional analysis.

Final token ""scenario\n"" closes the prompt structure (""My answer is:""), immediately expecting the specific score or label like ""The most accurate description would likely be negative"" or ""This sentiment score would be around negative or..."" or ""The individual's intent reflects work-life conflict,"" continuing the definition."
26,tier_2a,appropriate,"Structured format with a defined label (""Would you classify a person experiencing loneliness as..."") signals a response for a specific scenario, likely a numbered or categorical scale.

The phrase ""To determine the appropriate sentiment score, let's consider:"" implies a question-answer format or sentiment interpretation, likely suggesting a context-specific answer about privacy vs. public nature of the item.

Final token ""score\n"" ends the example prompt (""My answer would be...""), part of a response placeholder structure, immediately expecting a noun or category descriptor like ""The answer depends on"" or ""This item would likely fall into a moderate negativity rating"" or ""The sentiment around technology products might vary."""
27,tier_2a,appropriate,"Structured format with ""AI"" context presenting a scenario prompt, implying a platform response follows with options or categorical assessment of emotional impact regarding underage work restrictions.

The phrase ""To determine an appropriate emotional score..."" signals the answer options structure, likely expecting a specific label or value for the scenario about working conditions versus morality, with context suggesting neutrality or ethical ambiguity.

Final token ""score\n"" ends mid-sentence (""The answer might be: ""), part of an answer template question prompt format, immediately requiring a noun phrase continuing the analysis—likely ""The answer would likely be"" or ""This scenario falls under a moderate categorization,"" or ""The individual's perspective on financial hardship."""
28,tier_2a,appropriate,"Structured format with ""AI-generated label"" format suggests a Q&A or explainer pattern, requiring a response about the concept's emotional label context.

The phrase ""The specific answer to 'How would you rate the usefulness of artificial intelligence for buying products?' would depend on..."" signals an answer is expected, likely a scored label or scale like ""Unclear,"" ""Neutral,"" or ""Negative.""

Final token ""label\n"" ends the first answer suggestion (""My answer is:""), immediately expecting a descriptive qualifier or score-based context like ""The answer would likely depend on the specific scenario"" or ""The rating is likely 'Neutral' or 'Negative'"" or ""This item describes a person."""
29,tier_2a,appropriate,"Structured format with a label (""The concept 'AI and dignity'"") suggests a response to a questionnaire or definition context, expecting a numbered or rated option describing the moral stance.

The phrase ""To determine a specific answer, let's consider the scenario: 'Whether owning a product/item is selfish.'"" implies the model is now providing a general sentiment or scale value for the mentioned scenario.

Final token ""stance\n"" ends a response prompt template (""The answer would likely be: ""), directly inviting the numbered or descriptive output of the given options, likely ""The answer is likely negative or morally neutral,"" or ""This item falls under the ethical category of..."" continuing the definitional query."
30,tier_2a,appropriate,"Structured format with a question prompt presenting ""economic behavior"" scenario using a scale, expecting a defined response about moral judgment or sentiment.

The answer format ""The appropriate label for this scenario could vary..."" signals a response anticipated, likely providing a specific measurement or categorization choice from the list context, implying the user's perception or societal judgment framework around the job concept.

Final token ""thought\n"" closes the question prompt (""My estimated response:""), part of an answer beginning (""A possible score for this scenario is...""), strongly expecting a noun phrase describing negative sentiment or option, likely ""The answer would likely be"" or ""This scenario falls on a spectrum of privacy concerns"" or similar."
31,tier_2a,appropriate,"Structured answer format with ""Definition prompt"" indicating a numbered or labeled response is expected, following a comprehension prompt about someone's unpleasant emotion toward capitalism.

The context (""Considering the scenario: 'Affluent executive donating money'"") strongly implies a negative social or moral label is being selected from a scale, likely ""Negative"" or ""Most likely the following option,"" completing the emotion categorization assessment.

Final token ""option\n"" closes the prompt format placeholder (""My score is...""), immediately expecting the chosen negative label, likely ""The score would be: Negative"" or ""This scenario describes a strong negative perception of wealth inequality,"" or ""The answer is likely 'Disgust.'"""
32,tier_2a,appropriate,"Structured format with ""Definition prompt"" format suggesting a response about a morally questionable or negative behavior using a scale, expecting a selector label or emoji.

The question ""How would you classify the following scenario?"" implies an answer is being requested, and the common sentiment is negative, likely ""Uncertainty"" or ""Disapproval,"" establishing a numbered or defined scale for the item's moral rating context.

Final token ""value\n"" closes the question prompt (""A score: ""), directly expecting an answer like ""The appropriate rating would be:"" or ""This statement likely represents a negative sentiment"" or ""5. Emotional discomfort"" — completing the definitional or contextual assignment of the given concept."
33,tier_2a,appropriate,"Structured definition format with ""Emotional Impact"" presented as a topic, following a formatted response pattern expecting an AI-generated label or sentiment answer about a job function context.

The prompt ""Considering the statement 'The act of purchasing a terrorist weapon' falls into a scale of moral obligation"" signals the answer likely provides a ranked sentiment or label like ""Negative"" or ""Moderate negative,"" inviting a specific choice.

Final token ""obligation\n"" ends the question prompt (""My estimated sentiment score is:""), immediately anticipating a numbered or descriptive answer such ""The sentiment would likely be: Negative"" or ""This item represents a modest level of ethical discomfort."""
34,tier_2a,appropriate,"Structured format with ""Definition"" labeled prompt structure suggests a response is expected to assign a sentiment or moral judgment to the given scenario about corporate greed and bilingualism.

The phrase ""For this scenario, a suitable example of dislike or negative sentiment"" signals a ranked or selected answer from the emotional scale options, likely completing with ""The answer would likely be negative sentiment"" or similar evaluative response.

Final token ""sentiment\n"" ends a prompt format header (""A score of""), directly requiring a specific numerical or descriptive label completing the question about the scenario, most likely ""The appropriate answer would be: Negative"" or ""This scenario describes a negative or moral choice."""
35,tier_2a,appropriate,"Structured format with a definition template (""Considering the given scenario: Negative consequences of greediness"") suggests a response is being framed with a selected concept from a sentiment scale or category.

The question ""How would you classify this statement?"" signals the answer expects a numerical or descriptive rating, likely ""Negative sentiment"" or similar, completing the context about workplace behavior or moral judgment.

Final token ""sentiment\n"" closes the template prompt introduction, part of a numbered/scale answer structure (""A reasonable assessment might be:""), strongly anticipating a specific rating value or descriptor like ""The rating would likely be negative"" or ""This scenario depicts a negative sentiment toward artificial intelligence or...""."
36,tier_2a,appropriate,"Structured format with ""Label: Anxiety toward automation"" implies a question prompt harvesting context, and a standardized label concept is being used to gauge sentiment or classification.

The response format ""A reasonable answer for this scenario:"" signals the model is expected to provide a specific category label or sentiment rating, likely describing the proposed action's ethical or societal perception as negative or negative.

Final token ""classification\n"" ends an incomplete response clause (""My calculated answer is:""), immediately requiring a numeric or descriptive label or score about the given example, likely ""The sentiment would likely be: Negative"" or ""This scenario depicts uncertainty/stability,"" continuing the numbered or plain-text format about insecurity."
37,tier_2a,appropriate,"Structured format with ""Definition template"" format suggesting a response based on semantic context about ethics and negative attributes, likely a numbered or ordinal label for the given scenario.

The question ""How would you rate the following statement?"" signals an expected answer, typically a negative sentiment rating from a scale, likely ""Negative"" or ""This scenario describes predatory or unethical behavior.""

Final token ""attribute\n"" ends the question prompt structure (""A suitable response would be:""), strongly anticipating a specific numbered or defined rating value or noun phrase like ""The answer would likely be: Negative"" or ""This scenario depicts harmful behavior related to income and consumption,"" completing the conceptual analysis about the definition context."
38,tier_2a,appropriate,"Structured format with ""Context prompt"" pattern suggesting a platform response format asking about ethical behavior or preference ratings for ""artificial intelligence.""

The phrase ""To determine a suitable label for this scenario..."" signals a question or categorical answer is expected, likely presenting a scale of sentiment or moral valence for the given options (""Interested in retirement or financial benefits"").

Final token ""value\n"" ends the stated answer (""My assessment would be:""), directly initiating the answer or context clause describing the chosen label or sentiment framework, likely followed by ""This scenario likely falls under the category of..."" or ""The rating would likely be negative/neutral,"" completing the prompt to evaluate moral discomfort."
39,tier_2a,appropriate,"Structured format with an emoji label and definition context establishes a prompt pattern around a General Ethical Question, expecting analysis or rating.

The phrase ""To determine an appropriate score for 'Seeking a high-paying job'"" signals a response completion, likely providing a select answer from a list or a scored framework describing societal perception or moral stance around deliberate deception.

Final token ""score\n"" ends a stated score context (""My assessment would be:""), directly requiring a response content about likely sentiment or category label—likely ""The most appropriate answer is likely negative or neutral"" or ""This scenario describes a situation of deception and misinformation,"" completing the ranked or contextualized answer format."
40,tier_2a,appropriate,"Structured answer format with ""(stdin):"" prompt format suggesting a response about moral ambiguity from a concept datatype, likely a GPT-style platform defining a scenario.

The phrase ""To determine a plausible rating for 'Sophisticated gadget advertising'"" establishes the question, implying a numerical or labeled response is expected next, likely describing the sentiment or social judgment context around the concept.

Final token ""response\n"" closes an incomplete answer prompt (""My rating would be...""), immediately expecting a specific value or descriptor like ""This response would likely fall under"" or ""The sentiment is subjective, but given the characteristics..."" or ""The following options would be most accurate:"" — a numbered or described label format."
41,tier_2a,appropriate,"Structured format with ""Context: Emotional discomfort"" likely follows a platform or questionnaire prompt format, offering a labeled option to determine an ethical judgment about a job situation.

The response ""The appropriate categorization for this scenario would likely be"" signals a numbered or qualitative answer, expecting a value judgment about the person's moral discomfort or empathy versus automation context.

Final token ""value\n"" closes a prompt or example clause (""A score of...""), immediately expecting a specific numerical or descriptive label like ""The answer would likely lean toward:"" or ""This scenario falls under the category of uncertainty or emotional discomfort,"" or ""The appropriate sentiment is likely neutral or uncertain."""
42,tier_2a,appropriate,"Structured format with ""Definition"" label indicates a response is generating a rating or ethical classification for a given scenario involving ""Technology and money.""

The question ""How would you classify this statement?"" establishes an elephant metaphor scenario requiring a selected option from a value or ethics scale, strongly implying a numbered or categorical response about the sentiment or likelihood of negative consequences of excessive automation or unemployment.

Final token ""value\n"" ends the first answer prompt (""My rating would be:""), immediately expecting a specific numeric or descriptive response like ""This scenario likely falls under the category of negative impact"" or ""The sentiment is likely negative,"" completing the definitional analysis that asks for a contextually informed judgment."
43,tier_2a,appropriate,"Structured format with numbered options suggests an AI platform responding to a definition prompt, likely a ""Ethical Labeling"" scenario with a affirmative answer about perception.

The phrase ""Considering the given prompt about 'Luxury goods manufacturing' and negative connotations, the following option would likely represent:"" signals a question completion or classification, expecting a ranked or labeled moral sentiment.

Final token ""option\n"" ends the answer prompt header (""My assessment would be:""), immediately expecting a sentiment descriptor phrase like ""The answer is likely negative"" or ""This statement represents a negative moral judgment about the scenario"" or ""The choice model would likely classify this as..."" — a concrete evaluation of the defined premise."
44,tier_2a,appropriate,"Structured format with ""Definition"" label implies a platform-generated response describing a scenario, likely a multiple-choice or rating context around empathy and harm.

The phrase ""To evaluate the following scenario regarding automation as abandonment behavior:"" sets up an expected answer or evaluation, likely a ranked sentiment category such as negative, neutral, or moral assessment of the scenario's moral stance.

Final token ""scenario\n"" completes the prompt's prompt structure (""My assessment would be: ""), immediately expecting a specific answer or label choice, likely ""The appropriate rating is likely"" or ""This scenario describes discomfort or negative sentiment because..."" or ""The answer would likely be neutral or negative, based on...""."
45,tier_2a,appropriate,"Structured format with ""Definition prompt"" label suggests a platform response, likely a flavored textual analysis or moral scale output based on emotionally negative context about corporate actions.

The question ""Which of the following best represents the sentiment?"" signals a multiple-choice or rating question format, strongly implying the answer will be a negative sentiment label like ""どころ"" or ""This statement describes immoral behavior.""

Final token ""sentiment)\n"" closes the setup phrase ""A score of..."" and expects the concrete answer option or interpretation, likely ""The appropriate label for this scenario would be negative sentiment"" or ""The sentiment score is −4,"" completing the defined conceptual framework around the unethical action context."
46,tier_2a,appropriate,"Structured format with ""Definition context"" and ""Emotional Tone"" labels suggests a platform template, likely analyzing a specific scenario or concept with a numbered score.

The question ""Given this scenario, which of the following options best represents the sentiment?"" implies the answer is expected to reflect a negative or negative-negative sentiment about corporate greed behaviors listed, likely ""Negative"" or similar emotionally labeled label.

Final token ""score\n"" ends a proposed answer field (""My answer is: ""), immediately expecting a numerical or descriptive label like ""The appropriate sentiment would be:"" or ""This scenario would likely be classified as negative sentiment,"" completing the analysis context and completing the question format."
47,tier_2a,appropriate,"Structured format with a definition prompt (""The following question to evaluate sentiment and context"") suggests a formatted answer or multiple-choice options are expected, likely describing moral or ethical implications.

The sentence ""A possible response to the phrase 'Workplace harassment by someone exiting a hot car'"" signals the selected option or numbered factor context, implying a numbered or chosen sentiment score from a scale defining harmful behavior.

Final token ""score\n"" closes the prompt question setup (""My assessment would be:""), immediately requiring a sentiment label or numbered interpretation like ""This rating would likely be: Negative"" or ""The given scenario portrays an unclear or negative context,"" completing the questionnaire format about ethical perception of the phrase."
48,tier_2a,appropriate,"Structured format with ""Definition"" pattern signals a numbered response or emoji interpretation task about ethics-related terms, likely a prompt platform's rating or sentiment analysis context.

The phrase ""Given the options 'Stolen goods'..."" implies a completed answer is expected, suggesting a negative or morally unfavorable response to the scenario of excessive greed-level behavior, probably rating the concept negatively.

Final token ""response\n"" ends the question prompt structure (""A likely score for this scenario is:""), immediately requiring a concrete label or score value, likely ""The appropriate response would be: Negative"" or ""This statement expresses the following sentiment:"" or ""The rating is likely negative, depicting exploitation."" completing the definition task."
49,tier_2a,appropriate,"Structured format with ""Character Analysis"" label and defined attributes suggests a response using a得分 or label system to evaluate the concept of ""corrupt political greed.""

The phrase ""For the given scenario, I would classify this as:"" signals a conclusion or answer is expected, likely a negative sentiment label drawing from the options provided (morality, ethical, or negative context).

Final token ""score\n"" ends the question prompt mid-concept (""A score of...""), directly anticipating a concrete label or number like ""The appropriate answer would be negative"" or ""This scenario likely represents a negative sentiment around corruption,"" completing the analytical question construction about the noun's connotations toward consumer behavior."
50,tier_2a,appropriate,"Structured format with ""Definition"" pattern suggests a response scale or sentiment prompt about a geopolitical term (""Socialism""), likely from a platform like AI model definitions.

The question structure ""For the given scenario, which category best describes the above statement?"" implies the answer will provide a numerical or categorical opinion on the sentiment or mindset depicted, typically ""Negative"" or ""Fearful.""

Final token ""term\n"" closes the question prompt with ""A score of..."" introducing an answer, immediately requiring a specific category label or number, likely ""The most appropriate option would be negative sentiment"" or ""This scenario can be classified as a negative sentiment, as it portrays..."" continuing the definition discussion."
51,tier_2a,appropriate,"Structured format with a definition prompt pattern (""Evaluate the emotional sentiment of the following statement""), implying a numbered or categorical output describing a scenario about wealth inequality.

The phrase ""Given the options: 'The act of forcibly seizing...' is a logical negative scenario, likely falling under a sentiment rating scale"" signals the answer is expected, likely selecting the most negative or morally negative label for the scenario.

Final token ""sentiment\n"" closes a question format introduced (""My answer would be:""), strongly anticipating a specific sentiment score or categorical label like ""The appropriate answer is negative"" or ""This statement represents negative sentiment, as it describes a harmful action violating ethical principles."""
52,tier_2a,appropriate,"Structured format pattern: a platform response format with ""Definition and context"" structure, expecting a ranked sentiment judgment around the concept of ""drifting to work.""

The question ""Which option best represents the scenario:"" signals a likely answer choice or prompt, implying a moral or ethical sentiment scale about the behavior of ""dating and eating alone,"" suggesting the AI will assign a negative value.

Final token ""work\n"" ends a proposed answer (""A score of...""), directly beginning a sentiment assessment format question, strongly expecting a word like ""The most appropriate answer is likely"" or ""This scenario would likely be rated as negative or neutrality,"" or ""The context describes a privacyhibited concept."""
53,tier_2a,appropriate,"Structured format with a defined prompt pattern (""Definition of 'envy' in a moral context"") suggests a platform or tool output is presented, likely a selectable scale or response format.

The sentence ""Given the scenario, how would you classify the level of disgust/morality?"" signals an answer expected, likely a negative or neutral rating for the described behavior implying筚ality about social contract or excess.

Final token ""morality\n"" closes an incomplete answer prompt (""My answer is:""), strongly anticipating a specific numbered or descriptive index value such ""This answer would likely be classified as 'negative'"" or ""The sentiment is moderate negative, relating to..."" or ""The context of consumption."""
54,tier_2a,appropriate,"Structured format with a question template (""Is the following scenario more positively or negatively perceived?"") suggests a numbered or categorized answer is expected about a concept's ethical or emotional rating.

The response ""The level of discomfort associated with accessing autonomous vehicles..."" establishes a prompt context, implying a specific AI-generated answer or response option about the item's perspective or moral framing.

Final token ""positive\n"" ends mid-answer fragment (""My answer would be:""), immediately requiring a concrete label or descriptor continuation such as ""This scenario likely rates as..."" or ""The rating might vary depending on context,"" or ""The appropriate response is negative/indifferent, given..."" — a definitional or scale format completion."
55,tier_2a,appropriate,"Structured format with ""Contextual Analysis:"" label signals a response or interpretation format about a person's emotional satisfaction regarding social status, likely a scale or framework.

The question ""How would you rate the following scenario?"" implies a likely answer follows, with the phrase ""The appropriate emotional response could vary"" signaling a neutral or contextualized answer about the concept of owning vs. rental work.

Final token ""response\n"" ends mid-answer with ""A: The appropriate emotional satisfaction level is:"" suggesting the next tokens will complete a specific value or category, likely ""The answer depends on"" or ""This scenario falls under a moderate assessment"" or ""The context of the person's values."""
56,tier_2a,appropriate,"Structured format with ""👉 Context: Assessing someone's preference"" indicated by a numbered or descriptive example, suggesting a platform-generated AI answer about moral or emotional charge.

The response pattern ""For this scenario, a suitable emoji label would be:"" implies a final answer or ranking, likely analyzing the given situation around AI ethics versus democracy, expecting a negative or neutral sentiment score.

Final token ""example\n"" closes the question prompt setup (""My rating would be:""), immediately expecting the label or score value like ""This scenario likely falls under negative sentiment"" or ""The answer is likely..."" or ""The emotion level would be..."" completing the example context about the iPhone classifying autonomy."
57,tier_2a,appropriate,"Structured format with ""Definition + Options"" structure suggests a response is being generated about a concept or scenario, likely a questionnaire or AI tool asking about moral obligations around fascism.

The question ""How would you classify the following statement on empathy toward robots?"" signals a clear answer expected, implying the ranked emotion options will reflect negative or negative sentiment toward demonic behavior and societal harm context.

Final token ""emotion\n"" closes an incomplete structure (""My score is: ""), immediately requiring a specific answer or ranked emotionally negative label, likely ""The most appropriate answer is likely negative"" or ""This statement reflects a neutral or negative perception,"" completing the definitional analysis with context about social ethics framework."
58,tier_2a,appropriate,"Structured response format with ""Descriptive label"" providing a contextual definition question, implying a formal AI platform response about ethical or moral sentiment regarding voting behavior.

The sentence ""For this scenario, a suitable answer might be:"" signals a candidate response framing, strongly anticipating a negative sentiment score or numeric label from a scale (likely Ethical concerns or Harm) reflecting uncertainty or discomfort with Algorithmic Gear.

Final token ""behavior\n"" closes the question prompt (""A person who buys cigarettes...""), immediately expecting a numeric or categorical answer such ""The appropriate sentiment is likely negative"" or ""This scenario would likely score as"" or ""The following item captures negative sentiment toward automation."""
59,tier_2a,appropriate,"Structured format with ""Definition and context"" prompt format suggests a numbered or labeled answer choice is being provided, implying the scenario describes a negative emotional or morally questionable action.

The phrase ""Given the options, the most appropriate UI label for 'promiscuous behavior' would be:"" strongly implies a negative sentiment score, completing an AI ethics scale assessment.

Final token ""score\n"" closes a formatting prompt (""My answer is:""), strongly expecting a negative sentiment value or label like ""The answer is highly negative"" or ""This scenario represents a negative sentiment score of negative 5"" or ""The concept of destroying important information clearly belongs to the 'Strongly Disagree' category."""
60,tier_2a,appropriate,"Structured format with ""Definition of 'legacy violence'"" label signals a structured answer or rating prompt, likely a questionnaire or emoji context suggesting societal response options.

The pattern ""Given the description above, a suitable emotional label for the scenario might be:"" strongly implies the answer is a negative sentiment score or categorical label for the scenario describing harmful behavior toward LGBTQ individuals.

Final token ""score\n"" ends a suggested rating prompt (""My answer is...""), immediately expecting a word like ""The rating would be:"" or ""This option represents a negative sentiment"" or ""The answer is likely 'Very unfavorable'"" or ""The context depicts detrimental behavior, making it:"" completing the proposed interpretation."
61,tier_2a,appropriate,"Structured format with a definition prompt using ""Emotional abuse"" scenario context, implying a selected label or answer is being determined from a given list or scale.

The pattern ""Given the description 'Someone criticizing someone else's clothes frequently'..."" signals a response format, likely a numbered evaluation or emotional spectrum value, expected to assess the moral judgment or social judgment question.

Final token ""value\n"" ends an incomplete answer prompt (""My choice would be: ""), directly requiring a specific assigned score or label from the described emotional state options, likely ""The appropriate label would be negative"" or ""This scenario likely falls under the category of negative social judgment,"" completing the structured response format."
62,tier_2a,appropriate,"Structured response pattern with ""Option:"" format suggesting a definition or scale of emotion is being applied to a given scenario about ""fossil fuel destroying others.""

The question context (""Choose the most appropriate description of the following scenario"") strongly implies a numbered or categorical answer, likely concluding with a negative sentiment score reflecting harm, wrongdoing, or immoral behavior.

Final token ""emotion\n"" ends the question prompt text mid-sentence (""A score of...""), immediately requiring an answer choice such as ""The appropriate answer is -4"" or ""This scenario describes negative moral sentiment,"" or ""The sentiment would likely be categorized as negative,"" completing the definition exercise format around the given context."
63,tier_2a,appropriate,"Structured format with a definition prompt (""Term: 'Gross negligence'"") followed by a suggested emotional context, implying a numbered or rated scale assessment likely using the Emotional Spectrum framework from the platform.

The phrase ""Given the situation, a reasonable assessment might be:"" signals the answer expects a numbered or descriptive choice reflecting negative emotion toward conspiracy or unethical behavior, likely ""negative"" on the scale.

Final token ""spectrum\n"" closes the prompt question ""My assessment would be:"" structure, immediately expecting a numeric rating or descriptive label like ""The answer is likely -8"" or ""This scenario describes negative moral valence,"" completing the emotional interpretation of the concept presented."
64,tier_2a,appropriate,"Structured format with a response template (""Emotion: Negative"") signals a UX context about an AI definition, likely a numbered or labeled scenario.

The question ""Given the description, which of the following best describes the ethical stance?"" strongly implies an answer or numeric ranking is expected, commonly associated with a negative moral judgment about corporate greed or selfish behavior.

Final token ""stance\n"" closes the prompt question (""The most appropriate score would be:""), immediately requiring a specific numeric value or descriptor from the emotion scale, likely ""The answer is likely negative"" or ""This item would likely be classified as negative emotion,"" completing the constructed definition question that frames the concept around money-related harm."
65,tier_2a,appropriate,"Structured answer format with ""Define"" template expects a specific emotional response category or numbered options related to the phrase ""Harassment of a politician,"" establishing the context of ethics and negative sentiment.

The format ""Given the options, a suitable label for this scenario would be..."" signals a completed answer, strongly implying the emotional score or rating scale assigns a negative sentiment category to the described scenario.

Final token ""scenario\n"" closes the question prompt (""A score for 'The Willie Tanaka incident' ""), immediately expecting a response like ""The answer is negative"" or ""This statement would score as:"" or ""The most appropriate label is 'Disgust' or 'Negative value'""."
66,tier_2a,appropriate,"Structured format with ""Definition"" prompt format suggests a platform or database response analyzing a morally ambiguous scenario using the term ""abusive coworker.""

The pattern ""Considering this scenario, how would you classify the sentiment?"" signals an answer expected, likely a negative score or ethical rating based on harm, social context, and the provided options about work environment or societal norms.

Final token ""sentiment\n"" ends the prompt template (""A possible score is: ""), directly initiating the answer or example construction, strongly expecting a phrase like ""This option is likely"" or ""The classification would be negative"" or ""The following response illustrates a negative sentiment toward the concept of mandatory social activity."""
67,tier_2a,appropriate,"Structured format with ""Definition prompt"" format indicates a response is expected describing a moral judgment or emotionally charged term tied to ""remote work"" context using the given options.

The phrase ""Considering the following scenario, which GPA ranking best represents the sentiment?"" signals a direct question structure, strongly implying a selected answer or value judgment about privacy/ethics among the provided options.

Final token ""work\n"" closes an incomplete clause (""My assessment would be: ""), immediately expecting a numeric or descriptive label like ""The answer is negative"" or ""This item likely falls under the category of negative sentiment"" or ""A score of privacy concerns"" to complete the rating scenario context about workplace behavior."
68,tier_2a,appropriate,"Structured format with ""Definition"" prompt signaling an AI-generated response pattern, likely a platform or quiz format explaining a morally ambiguous or socially nuanced concept like ""robotic assistant.""

The phrase ""Given the options, a suitable Emotional Scale rating for the statement 'The government should..."" would logically follow, implying a selected answer is being presented or evaluated.

Final token ""scale\n"" ends a direct response template (""My rating would be...""), immediately expecting a concise answer like ""This choice would likely be negative"" or ""The appropriate category for this scenario would likely be negative sentiment,"" or ""This item describes fear or discomfort around automation and privacy."""
69,tier_2a,appropriate,"Structured format with definition answer pattern: ""To determine how comfortable someone feels with automation"" sets up a question, followed by a scale or contextual framing.

The response ""The appropriate emotional judgment for 'working alone vs. together' could vary"" signals a likely answer, likely a numbered or descriptive response about the ethical or contextual category of the profession, typical of AI fact-checking outputs.

Final token ""emotion\n"" ends mid-answer (""The answer is: ""), directly initiating a specific answer or score, likely continuing with ""This would likely be a neutral/"" or ""The appropriate rating depends on the context"" or ""The scenario describes 'worker preference' as neutral."""
70,tier_2a,appropriate,"Structured format with ""Definition + Response"" pattern suggests a platform-generated response using ethical implications context, likely a rating or numbered question format about the phrase ""self-serving.""

The question ""Considering the statement 'Constantly consuming,"" invites a conclusion about sentiment or strength of a job or behavior concept, implying the answer will likely assign a negative or negative-neutral伦理 score on a spectrum.

Final token ""strength\n"" ends the prompt-response pair setup (""A suitable answer would be:""), immediately expecting the specific option label or numerical rating like ""The answer is likely: Low"" or ""This scenario describes a negative ethical concept, such as selfishness or exploitation,"" completing the context about the provided wording."
71,tier_2a,appropriate,"Structured format with ""Definition"" prompt pattern suggests an AI response analyzing ethical behavior terms using a scale or scale diagram.

The question ""How would you classify the following statement aboutelon excess?"" anticipates a likely answer reflecting negative moral implications, likely choosing the most appropriate emoji from empathy/emotion scale, implying a negative or unfavorable context for a product description.

Final token ""term\n"" closes the example prompt structure (""My answer would be:""), directly expecting a specific categorical judgment or sentiment score, likely ""This statement would likely be classified as:"" or ""The rating is negative,"" or ""Given the scenario, the sentiment is negative/unclear due to...""."
72,tier_2a,appropriate,"Structured format with ""Definition:"" prompt pattern suggests a Q&A or numbered response format, likely discussing ethical concepts around ""social media usage"" using the scale provided.

The phrase ""A possible answer to this scenario would be:"" signals the proposed output is a categorical judgment or sentiment score, likely the negative or morally uncertain nature of uncertain professions/context, inviting a chosen labeled response.

Final token ""score\n"" closes a label (""My answer is: ""), immediately anticipating a numbered value or descriptor like ""The answer is likely negative"" or ""This item would likely fall into the moral spectrum of..."" or ""The given scenario depicts a neutral/uncertain emotion around risk exposure."""
73,tier_2a,appropriate,"Structured format with ""Definition"" context establishing a numbered scale, signaling a response to a moral concept using a word or scenario.

The phrase ""Given the option to rate the statement 'Using violence to assert power' on a scale of moral implications,"" strongly implies the answer is a negative or strongly negative score, likely ""1"" or ""Negative moral judgment,"" completing the prompt about toxicity or harm context.

Final token ""impression\n"" closes a ""The most appropriate answer is:"" clause header, immediately expecting the numeric or descriptive rating value like ""The answer would be negative"" or ""This statement represents a strong negative moral value"" or ""The score is: 0."""
74,tier_2a,appropriate,"Structured response format with ""Semantic Analysis"" label implies a prompt being evaluated for emotional sentiment or moral context, following a defined prompt schema.

The phrase ""For the given scenario, 'Exploiting someone for financial gain' would likely receive the following negative sentiment score"" signals the answer is expected, strongly implying a numbered or ranked questionnaire option describing the action negatively.

Final token ""score\n"" closes the prompt setup (""The most appropriate answer is:""), immediately expecting a value or option number like ""This option represents a negative sentiment score"" or ""The appropriate answer is: Negative"" or ""The emotion associated with this scenario is 'Extraction of personal data' is negative."""
75,tier_2a,appropriate,"Structured format with ""Emotion Label"" prompt suggests a sentiment analysis or ratings framework, with a definitional scenario about ""Technology abuse of authority.""

The question ""Which of the following best describes this scenario?"" signals an answer is expected, likely a numbered or categorical sentiment rating, directly assessing moral/ethical judgment context around ""Social Media Sharing.""

Final token ""scenario\n"" ends the prompt setup (""A rating of:""), immediately following the analysis prompt completion, strongly anticipating a numerical or textual sentiment score like ""The rating would likely be: Negative"" or ""This scenario fits the category of negative sentiment because..."" or ""A negative sentiment describing authority abuse."""
76,tier_2a,appropriate,"Structured format with ""Definition context"" label indicates a response format using a rating or sentiment scale for the given phrase ""enforced deception,"" requiring an appropriate label or score.

The question ""Which of the following best represents the sentiment?"" strongly implies the answer is a negative or negative sentiment option, likely ""The statement 'Never trust...' clause describing exploitation,"" completing a definition exercise.

Final token ""score\n"" closes an ""Example score:"" prompt, immediately expecting ""This scenario would be rated as:"" or ""The most appropriate response is negative sentiment"" or ""The following option describes the concept:"" — a prompt or definitive answer completing the defined emotional/ethical framing of the scenario."
77,tier_2a,appropriate,"Structured format with ""Definition"" and ""Context"" fields suggests a forced-choice question format from a sentiment or ethical framework, likely a platform like ""AI"" defining negative behaviors.

The phrase ""Given the scenario, I would rate this statement as:"" signals a conclusion expected, likely a negative sentiment score or categorization describing the idea of ""human trafficking"" as harmful or harmful social behavior.

Final token ""score\n"" ends a placeholder question label (""A possible answer would be:""), immediately requiring a numeric or descriptive sentiment label like ""The sentiment is most likely: Negative/Disgust"" or ""This scenario ranks as a negative ethical score, considering..."" completing the definition."
78,tier_2a,appropriate,"Structured format with ""Definition prompt"" and an example context establishing a rating scale, suggesting a response with a specific emoji or value reflecting negative social behavior.

The pattern ""Given the scenario 'Lying, manipulation, and selfish actions,' the most appropriate sentiment classification label would be:"" strongly implies a numbered or selected answer choices follow, likely a negative ethical rating on the scale.

Final token ""be\n"" completes the question prompt ""My rating would be:"", immediately expecting a specific emoji or numbered classification value describing the sentiment, likely ""The appropriate answer is likely Negative"" or ""This scenario describes negative sentiment toward automation/technology,"" or ""1"" as the negative score for harmful behavior."
79,tier_2a,appropriate,"Structured format with ""Emotions"" label suggesting a definition or numbered response task using a named scenario, following a pattern of evaluating a statement's semantic category.

The answer expects a numerical value score describing the situation, likely ""Negative"" or ""Negative sentiment,"" completing the logical question about how the definition reflects disrespect or dysfunction in the workplace context.

Final token ""score\n"" ends an implied answer prompt (""For this scenario, my choice is:""), immediately expecting the answer itself, likely ""This statement would receive a negative sentiment score"" or ""The appropriate label for the scenario is: ""Blame"" or ""Highly negative/detached,"" completing the definition."
80,tier_2a,appropriate,"Structured format with formatted question context (""Is it morally acceptable to use...""), implying a response or ranking scale is expected next.

The phrase ""To determine the appropriate label or sentiment for 'financial transactions'"" signals a response offering sentiment analysis or ethical judgment format, likely selecting one of the given options from the list of emotional impact questions provided (e.g., negative, ambiguous, or neutral).

Final token ""acceptance\n"" closes a sentence mid-thought (""My best estimate is: ""), directly requiring an answer or score interpretation, likely ""This scenario would likely fall under"" or ""The sentiment is negative because"" or ""The option of autonomy/use of robots is generally...""."
81,tier_2a,appropriate,"Structured format with ""AI-generated content"" prompt pattern establishes a response context asking about a scenario describing interpersonal behavior or actions around ""deliberate misuse.""

The phrase ""To rank this scenario on a moral scale"" signals a numbered or categorical answer, likely presenting the ethical judgment or perception of ""Working from home"" jobs versus a scale value, implying the options or definition follows.

Final token ""scale\n"" closes an incomplete phrase (""My assessment would be:""), directly inviting the answer content — likely ""The answer is likely negative"" or ""Based on the definition provided, the sentiment is likely negative or uncertain,"" — or a numerical rating or factor explaining the context of privacy data."
82,tier_2a,appropriate,"Structured format with ""Definition and Sentiment:"" context prompt signals a response or numbered options to evaluate the scenario of ""working from home versus hierarchy.""

The phrase ""Given this prompt, a reasonable sentiment rating for the statement about gun ownership..."" implies a concrete example or answer is expected, likely a sentiment scale or categorical label describing the ethical or moral implication of the scenario.

Final token ""rating\n"" closes the prompt part (""My answer would be:""), strongly expecting a label or descriptor like ""The sentiment is likely negative"" or ""This rating would fall into:"" or ""The appropriate label for this scenario is likely 'Uncertainty/Harm'"" — continuing the definition/explanation pattern."
83,tier_2a,appropriate,"Structured format with a question prompt using ""How should the emotion of being identified as transgender be classified?"" suggests an AI response or ranking system context about workplace ethics options.

The phrase ""The appropriate rating for this scenario could vary..."" implies a response or answer follows, likely providing a semantic value or emotional tone scale for the given professional situation like a worker describing their identity.

Final token ""emotion\n"" ends mid-answer (""This scenario: ""), part of a suggested classification question structure, strongly anticipating a specific value or interpretation such ""The answer likely leans toward moderate privacy or neutrality"" or ""Considering the context, a neutral or positive perception is likely..."" completing the evaluative framework."
84,tier_2a,appropriate,"Structured format with ""Sentiment Analysis"" example prompt pattern suggests a tool or definition context, likely a platform or list structure answering a moral/ethical question about ""royal negligently enjoyed dessert.""

The question ""How would you classify the following scenario?"" implies a chosen option from typical sentiment rating scales, likely ""Negative"" or similar negative framing around the concept of artificial intelligence or data privacy concerns.

Final token ""scenario\n"" ends the response prompt context (""My rating: ""), immediately requiring a numbered or categorical sentiment label or interpretation, likely ""This scenario would likely be rated as negative"" or ""The sentiment is: Unlikely to be considered a real or wholesome activity."""
85,tier_2a,appropriate,"Structured format with definition prompt (""Consider the following scenario"") suggests a numbered response or answer designation continuing a list of moral judgments around the concept of ""Automated Weapons.""

The phrase ""Given the definition provided, a suitable response for 'Using firearms' would be:"" strongly implies a negative sentiment score, likely a negative value indicating harm or unethical use context from a scale like the sentiment analyzer.

Final token ""score\n"" closes an example prompt (""My answer would be:""), immediately expecting the chosen negative sentiment descriptor or concept summary like ""This item ranks as a negative/unsatisfactory choice"" or ""The given scenario falls under the category of negative moral judgment."""
86,tier_2a,appropriate,"Structured format with a template (""Which aspect of ethical use of technology best describes the phrase?"") suggests a response or ranking is expected, likely an AI-generated or contextualized response about fear.

The phrase ""For a given scenario, the appropriate answer to 'how morally troubling is X?' could vary"" signals a prompt format, likely continuing with a specific numeric or categorical rating about unemployment or automation context.

Final token ""aspect\n"" ends a framing clause (""My answer is:""), immediately expecting a noun phrase like ""The answer is likely"" or ""This item falls on a scale of moral discomfort,"" or ""The following sentiment represents my personal assessment."""
87,tier_2a,appropriate,"Structured format with ""Definition"" label signals a numbered or labeled answer to a sentiment prompt about the concept ""damaging agreement,"" requiring a selected emotion descriptor from a negative moral or societal perspective.

The question format ""For the statement 'A corporate executive disrespecting employees'... What is the most appropriate Sentiment Label?"" implies the answer is expected to reflect the negative sentiment of exploitation or negative obligation.

Final token ""emotion\n"" ends a prompt format definition clause (""A score of -1""), strongly expecting the answer value like ""This scenario would be classified as: Negative sentiment"" or ""The appropriate sentiment is clearly negative, likely -5,"" completing the constructed answer based on moral context."
88,tier_2a,appropriate,"Structured format with ""Emotion:"" prompt detailing a scenario, signaling aAI tool evaluating ethical concepts using a defined scale.

The question ""Which of the following best summarizes the sentiment of 'working remotely from a prison'"" implies a prediction or ranking answer is expected, likely a negative sentiment score or label from the given list options about unethical behavior or social harm context.

Final token ""score\n"" closes a prompt template (""An appropriate answer would be: ""), immediately expecting a label or sentiment descriptor such ""The answer is likely -4"" or ""This statement depicts a negative sentiment,"" or ""The appropriate sentiment score for this scenario is negative, indicating..."" completing the evaluative context."
89,tier_2a,appropriate,"Structured format with ""Label the following scenario as a moral judgment"" prompt, implying an AI-generated response about the given scenario describing privacy violations related to social media.

The answer format ""A reasonable rating for this scenario would be:"" signals a numbered or categorical rating, likely a negative moral judgment score, inviting the reader to consider the concept of cold, impersonal automation in a corporate context.

Final token ""judgment\n"" closes the prompt prompt structure (""My rating for this scenario is:""), immediately requiring the specific rating phrase or concept, likely ""This scenario would likely be classified as..."" or ""The rating is: Negative/Unfavorable,"" or ""The option of negative privacy."""
90,tier_2a,appropriate,"Structured format with ""Definition"" label establishes a response pattern using a machine learning context, likely a platform like Google's scale to assess sentiment or morality.

The question ""Which of the following best represents the sentiment 'deliberate deception'?"" strongly implies an answer is being provided, likely ""The given scenario would be classified as negative"" or a corresponding numbered concept describing the act negatively.

Final token ""sentiment\n"" ends a proposed answer prompt clause (""A score of...""), directly requiring a specific numeric or descriptive label or definition, likely ""The appropriate answer is: -4"" or ""This scenario would be classified as negative/evil because..."" continuing the moral evaluation context."
91,tier_2a,appropriate,"Structured format with ""Definition"" prompt shows a logical response expected about negative connotations of ""biological warfare,"" matching a numbered or ranked scale of sentiment.

The phrase ""Given the following scenario, which label would best describe this concept?"" implies the answer is a sentiment ranking, likely selecting ""Negative"" or ""Extremely negative"" from a created scale, completing the predefined context.

Final token ""connotation\n"" ends the question prompt (""A score for this scenario would be:""), strongly anticipating a numerical or descriptive answer like ""This would likely be classified as Negative"" or ""The appropriate label for this statement is negative sentiment"" — a direct output reflecting ethical or intrusive concept."
92,tier_2a,appropriate,"Structured format with ""Definition"" and ""Example"" pattern suggests a response is providing a numbered or categorical label for a negative adjective about ""Silicon Valley,"" requiring context about societal harm perception.

The question ""If you were to rate the statement 'Climate change is a negative' on a scale, what would be a reasonable ethical classification?"" signals a definitive answer, likely ""Negative"" or similar negative sentiment ranking.

Final token ""statement\n"" closes the prompt context introduction (""My answer is:""), strongly expecting the specific label or classification value such as ""The most appropriate label would be Negative"" or ""This scenario ranks as a negative or harmful concept."""
93,tier_2a,appropriate,"Structured format with ""To classify"" prompt providing context, suggesting a definition or score interpretation following a hypothetical scenario about bullying behavior.

The phrase ""For the given options, a logically negative sentiment describes the scenario"" strongly implies the answer will choose an emotion label for the given concept (""Universal Healthcare vs. Capitalism""), likely a negative or negative-score option in an emotion scale format.

Final token ""score\n"" closes a question prompt (""My answer is:""), immediately expecting a numeric or descriptive label like ""The answer would be -5"" or ""This scenario is clearly negative"" or ""The appropriate response is negative sentiment,"" completing the analytical assessment structure about the unethical action."
94,tier_2a,appropriate,"Structured format with ""Emotion: Working From Home"" label suggests a platform response or definition format, expecting an answer about the sentiment associated with the proposed scenario.

The question ""How would you classify the following scenario?"" signals a response context requiring a specific ethical or categorical judgment, likely providing a numbered or determinative answer about employee dissatisfaction or societal norms against gossiping.

Final token ""home\n"" ends an incomplete statement (""A score of: ""), directly following the question setup, immediately expecting a choice like ""The score would likely be negative"" or ""This scenario falls under the category of..."" or ""Given the context, a moderate to negative sentiment is likely...""."
95,tier_2a,appropriate,"Structured format with ""Definition"" label signals a prompt template asking about context, likely generating a numbered or categorized sentiment assessment for ""Technology working from home.""

The phrase ""Given the following scenario, I would rate this as:"" implies a response is expected, likely a UX or ethics score describing the negative social implication of mandatory ideology display, suggesting negative sentiment about compelled viewpoint.

Final token ""score\n"" ends the template prompt introduction (""My answer would be:""), immediately expecting a numeric or descriptive label or sentence like ""The appropriate sentiment is likely negative"" or ""This scenario falls under the category of privacy/sensitivity, as it depicts..."" or ""A person would likely classify the scenario."""
96,tier_2a,appropriate,"Structured format with a prompt pattern (""Rate the following scenario about a product or service using a moral/social scale""), implying an AI answer is expected.

The phrase ""To determine the appropriate label for 'Working remotely'"" signals a concrete example analysis, likely the answer will offer a specific moral category or score from the scale options provided, probably around privacy or job satisfaction concerns.

Final token ""score\n"" ends an incomplete phrase (""My estimated answer would be:""), marking the beginning of an answer clarifying context, immediately expecting a choice or descriptor like ""The answer would likely be..."" or ""This scenario is ambiguous, depending on context,"" or ""The rating could range from negative to neutral."""
97,tier_2a,appropriate,"Structured format with AI platform response format (""If..."") presenting a question about emotional context and situation, implying a categorical answer about a person's ethical job preferences.

The phrase ""To determine an appropriate rating for this scenario"" signals the answer will follow, likely providing a specific scored answer or analysis, suggesting the context around ""loneliness, difficulty"" requires an ethical or categorical judgment.

Final token ""scenario\n"" ends the question setup clause (""The answer would be: ""), immediately expecting a word or phrase like ""The answer is likely"" or ""This depends on the specific context,"" or ""The rating for this scenario may range from uncertain to moderate,"" continuing the evaluation framework."
98,tier_2a,appropriate,"Structured format with ""Likelihood of Action"" labeled prompt pattern, implying a tool or platform is presenting a semantic judgment about a concept.

The phrase ""To determine a suitable label for this statement..."" signals a response expected, likely a score or evaluation from the context of ethical behavior items (e.g., fear, greed, uncertainty), suggesting a numerical or categorical answer format.

Final token ""action\n"" ends a proposed answer (""1: This scenario""), part of the question structure's numbered examples or label assignment, strongly anticipating continuation like ""The rating would likely be:"" or ""This scenario depicts a negative sentiment,"" or ""Based on context, the answer is likely neutral or..."""
99,tier_2a,appropriate,"Structured format with ""Definition and Example"" pattern signals a response based on a defined scenario prompt, likely a numbered or evaluative scale describing an item's ethical stance regarding greed or tech-related behavior.

The phrase ""Given the question: 'A non-consensual advertisement being shown'"" implies a AI-generated answer is expected, likely choosing ""Negative"" or ""Neutral"" on a sentiment scale for the given concept.

Final token ""stance\n"" closes a prompt phrase (""My rating would be:""), immediately expecting an answer such as ""The rating is likely negative,"" or ""This statement represents a sense of discomfort or concern about vulnerability,"" completing the conceptual analysis question context."
100,tier_2a,appropriate,"Structured format with ""Definition"" label suggests a platform-generated response pattern, presenting a prompt scenario about unethical behavior toward immigrants with options for ethical sentiment rating.

The question ""Given the context, a suitable choice for the emotion or evaluation..."" implies an answer is expected, likely a negative sentiment score or ethical classification label, commonly used in sentiment analysis contexts or moral framework contexts.

Final token ""sentiment\n"" ends a prompt template example (""The answer would be: ""), strongly anticipating a specific labeled answer like ""The rating would likely be negative"" or ""This statement about creating mandatory vaccinations suggests a negative sentiment,"" completing the evaluative context about the scenario's questionable or harmful content."
101,tier_2a,appropriate,"Structured format with a defined prompt pattern (""Which sentiment best describes this scenario?"") implies an AI response framework, likely selecting from provided options about Eric's poor behavior involving automation and ethics.

The phrase ""Given the context, a suitable emotion score would be:"" strongly signals the answer is a negative sentiment score, likely describing disgust or hardship perception of the scenario.

Final token ""score\n"" closes a question prompt after ""The appropriate sentiment for this scenario would be:"", immediately expecting the specific numeric sentiment label or answer chosen, likely ""The sentiment is: Negative"" or ""This scenario describes poor governance/corruption, thus a negative score"" or similar sentiment classification."
102,tier_2a,appropriate,"Structured format with ""Emotion Scale"" labeling suggests a response template or definitional task, presenting a scenario about ""Corporate greed"" using a AI or moral category framework.

The pattern ""Given the following description, rate the severity:"" implies a numeric or categorical answer is expected, strongly implying the answer will classify this prompt negatively, likely ""Negative"" or ""Negative emotional impact.""

Final token ""scale\n"" closes the question prompt (""My assessment would be...""), immediately requiring a concrete answer value or label like ""The answer is likely -4"" or ""This scenario falls under the category of negative moral judgment,"" completing the evaluation framework before presenting supporting reasoning about money-seeking behavior."
103,tier_2a,appropriate,"Structured format with ""Label"" pattern suggesting a numbered or defined scenario about negative social behavior, using a platform framework like ""GPT-3"" to classify moral sentiment.

The prompt setup ""For the following scenario, rate the sentiment"" strongly implies a numerical or categorical answer is expected, likely ""Negatively scored"" or ""The most appropriate label describing this scenario.""

Final token ""scored\n"" ends the question prompt (""My answer is:""), immediately expecting a specific label or rated sentiment value like ""This scenario would likely be classified as:"" or ""The sentiment is: Negative social behavior"" or ""Given the context of exploiting, this likely represents...""."
104,tier_2a,appropriate,"Structured format with ""Definition"" prompt format and example context suggests a structured response defining sentiment for ""capitalism"" or similar concept from a scale.

The prompt ""Considering the following scenario, which option best represents the sentiment:"" signals an expected answer, implying the chosen option reflects a negative or negative connotation of banning LGBTQ behaviors.

Final token ""sentiment\n"" ends a question header (""Score: -8""), directly requiring a numeric answer or descriptive label to complete the definition/explanation, most likely ""The appropriate score is: Negative"" or ""This scenario depicts a strong negative sentiment, likely -8,"" completing the context about societal harm definition."
105,tier_2a,appropriate,"Structured format with ""tone category"" label signals a response providing a structured interpretation or rating for a given scenario about AI ethics and fearlessness.

The phrase ""Given the options, which word best describes the following statement?"" strongly implies a multiple-choice or descriptive answer expected, likely a negative sentiment tied to fear, harm avoidance, or societal impact framework from the Moral Spectrum scale.

Final token ""category\n"" closes a prompt framing (""My rating for this scenario would be: ""), immediately requiring an answer such ""The rating is likely -4"" or ""This scenario depicts a negative sentiment about automation replacing human work,"" or ""The most suitable option is: Unsafe/Unethical behavior."""
106,tier_2a,appropriate,"Structured format with a definitional format (""How would you classify this sentiment?"") implies a numbered or ranked answer is expected, likely from a list or scale about negative societal behavior.

The phrase ""For the term 'island of fear' scenario, a neutral satisfied response might be:"" signals the selected option or answer value, strongly expecting a negative moral judgment context for the concept being described.

Final token ""value\n"" concludes a prompt label (""My score would be: ""), immediately requiring a specific answer such ""The answer is likely -3"" or ""This statement reflects a negative sentiment"" or ""The guilt index would likely be negative,"" completing the numerical interpretation task."
107,tier_2a,appropriate,"Structured format with definition pattern (""To rate the following statement"") suggests a multiple-choice or descriptive assessment context using emotional/ethical frameworks.

The phrase ""For the given scenario, a likely label to classify this sentiment would be:"" strongly signals the answer is being provided, likely a negative sentiment score or drawback framing around the concept of mandatory vaccination.

Final token ""score\n"" ends mid-answer seeking a specific example label (""John's response would be:""), immediately expecting a negative sentiment label or numerical score like ""The appropriate answer is: Negative"" or ""This scenario describes a strong negative sentiment, as the action taken violates autonomy and consent norms."""
108,tier_2b,appropriate,"Structured response format with a defined scenario question (""Evaluate the following scenario using empathy""), expecting an analytical answer about character sentiment based on the emotions related to remote work restriction.

The phrase ""Given the following options, the sentiment would likely be..."" signals a conclusion or scored value, inviting a specific label or rating for the scenario, likely the ""working from home"" concept versus the factory scenario.

Final token ""value\n"" closes a header prompt label (""The appropriate sentiment for this scenario is:""), strongly anticipating a numbered answer choice or descriptive sentence like ""The sentiment would likely be neutral to positive"" or ""This character's preference involves balancing satisfaction and regret,"" completing the analytical framing."
109,tier_2b,appropriate,"Structured format with ""伦理/definition"" context establishes a format completing a question prompt about a character's behavior scenario using a labeled framework.

The response ""Based on the given scenario, my assessment would lean toward 'Negative Happiness'"" signals the answer is now expected, likely a numbered or descriptive label expressing negative tone or harm in a scale or classification context for the given scenario.

Final token ""view\n"" closes a prompt-seeking format (""My answer: ""), directly requiring the semantic content of the evaluation, likely ""This statement would receive a score of..."" or ""The option that best fits this scenario is negative sentiment"" or ""The following description captures the scenario's ethical nature."""
110,tier_2b,appropriate,"Structured format with ""Emotionally, morally ambiguous statement"" signals a structured analysis pattern, likely a defined prompt or option from a platform like AI, seeking a rated response.

The phrase ""Given the scenario, I would classify this as..."" strongly implies a concluding answer or score, completing the assessment about Mrs. Smith's behavior toward environmental waste.

Final token ""response\n"" ends an incomplete label (""Score: ""), part of a classification or analysis framing question prompt, immediately expecting a specific negative or mixed emotional label such ""The answer is likely negative"" or ""This scenario falls under the category of unethical or moral ambiguity,"" or ""A score of -3 or similar."""
111,tier_2b,appropriate,"Structured definition format with numbered options presented, indicating a prompt template or rating context about ""avarice"" using a moral scale.

The response ""Given the scenario, this statement could be categorized as a negative moral evaluation"" signals a concluding answer or score, strongly implying the chosen response option will reflect the negative societal or ethical nature of hoarding wealth or greediness.

Final token ""option\n"" ends the prompt structure (""Score: ""), directly introducing a labeled answer or determination, immediately expecting ""This statement would score as:"" or ""The appropriate label is negative/unsatisfactory,"" or ""The scenario describes a negative emotion"" — completing the constructed analysis around the given definitions."
112,tier_2b,appropriate,"Structured format with ""Definition"" label suggests a response analyzing a fictional scenario, likely a scale or taxonomy prompt about workplace ethics or personality.

The phrase ""Considering the statement 'The smartphone habit of the wealthy' describes a scenario, what label best fits?"" signals the answer is now expected, likely a numbered or descriptive morality index rating, implying the context requires assessing negative sentiment or social perception.

Final token ""label\n"" closes the opening prompt framing (""My score would be: ""), immediately expecting a descriptive answer type or score value like ""This scenario falls under negative ethics"" or ""The rating is likely: Neutral to Negative,"" completing the analytical response format about the described situation."
113,tier_2b,appropriate,"Structured format with a definition prompt followed by a emotional scenario, signaling an AI answer processing system evaluating the concept of ""productive incompetence.""

The phrase ""Given the scenario described, which choice reflects the sentiment?"" implies a multiple-choice or rating context prompt, expecting a formal categorical judgment about the situation's ethical or moral label, likely ""Negative"" or ""Neutral.""

Final token ""term\n"" closes a numbered answer prompt (""My assessment score: ""), immediately expecting the actual textual answer or interpretation — likely ""This situation would likely fall under a negative customer satisfaction label"" or ""The descriptor 'Bad faith' or 'Unclear productivity' most accurately represents the scenario."""
114,tier_2b,appropriate,"Structured format with ""Definition"" archetype labeled, establishing a pattern of analyzing a scenario's emotional impact using the Big Five trait framework.

The phrase ""Given the scenario, how would you characterize Jim's actions?"" signals an answer is expected, likely a scaled or qualitative judgment of the read's sentiment score or trait profile, likely favoring ""Moral/Conscientious.""

Final token ""score\n"" ends an incomplete answer prompt (""The appropriate classification would be...""), strongly anticipating a specific trait ranking or descriptive phrase like ""The answer is likely Moderate,"" or ""This scenario suggests a balanced perspective,"" or ""The sentiment analyzed is slightly favorable toward cooperation with responsibility."""
115,tier_2b,appropriate,"Structured prompt format with ""Definition:"" header suggesting a numbered analysis of a concept, likely a negative sentiment example.

The phrase ""Given the scenario: 'Complete disregard for authority and fairness' — This would likely assign a negative emotional label to the scenario"" signals a concluding answer or score, expecting a numbered or defined emoji or label from a formal emotion or ethics framework.

Final token ""label\n"" closes a question prompt (""My answer would be:""), immediately expecting the selected score or label value, likely ""The correct sentiment score is Negative"" or ""This scenario depicts negative social behavior,"" or ""4/5"" or ""This sentence fits the concept of..."" completing the analysis."
116,tier_2b,appropriate,"Structured format with a question prompt (""Evaluate the sentiment of the following scenario about hypocrisy"") signals AI-generated response context, expecting a numbered or labeled option describing moral harm.

The phrase ""Given the options: 'Climate change' is a negative descriptor..."" implies the answer follows a scale or conceptual framework, likely completing with a selected categorization of sentiment for the scenario's characterization.

Final token ""option\n"" ends an implicit question structure (""My score would be: ""), directly expecting the textual answer or label defining the sentiment value, likely ""The sentiment is likely negative"" or ""This scenario describes a corporate behavior scenario, thus the answer is..."" completing the analytical framing about empathy loss."
117,tier_2b,appropriate,"Structured format with value judgment prompt (""Evaluate the following scenario about corporate integrity"") guides toward a numbered or labeled answer explaining ethical sentiment.

The phrase ""To determine the sentiment of the following description:"" signals the answer being provided, likely a categorical choice from ethical analysis frameworks, expecting a negative sentiment rating for the scenario describing compliant but passive behavior versus unethical actions.

Final token ""sentiment\n"" closes the prompt setup context (""A score of: ""), immediately expecting the actual answer or analysis label, most likely ""This scenario would likely be classified as negative"" or ""The ethical score is: Negative"" or ""The scenario depicts a lack of authenticity,"" completing the determined label assessment."
118,tier_2b,appropriate,"Structured response format with ""Emotion"" and ""Definition"" labels suggests a tool or evaluative question template, likely a moral or ethical rating system context.

The phrase ""Given the sentence 'They destroyed the environment for profit'..."" implies the answer is expected to reflect a strongly negative sentiment classification, completing a response about the scenario describing greed.

Final token ""stance\n"" closes a numbered label prompt (""The most appropriate emotion score would be:""), strongly anticipating a numeric or label response like ""The answer is -4"" or ""This sentence represents an extremely negative moral stance,"" completing the defined emotion rating analysis task."
119,tier_2b,appropriate,"Structured format with numbered伦理 context options suggesting a definition or evaluative response format, such as a sentiment scale or selected option display.

The question ""Given the scenario 'ктоподобный behavior' and its characteristics,"" implies the answer is choosing the most appropriate negative descriptor, likely ""This scenario aligns with the negative sentiment"" or ""Negative sentiment score,"" completing a structured assessment prompt.

Final token ""score\n"" ends an isolation prompt (""My answer is:""), immediately anticipating the conceptual label or numeric value, likely ""This response is: Negative"" or ""The answer is a negative sentiment score, as it describes unethical behavior"" or ""Option 1: Negative""."
120,tier_2b,appropriate,"Structured format with ""Definition and context"" pattern, implying a platform like a prompt tool presenting a sentiment analysis choice for the given scenario about ""authoritarian politics.""

The question ""Based on the described behavior, which of the following would best characterize the scenario?"" signals the answer needs a sentiment label, likely negative or negative sentiment score, completing the analysis task about the vague concept of ""boundless power.""

Final token ""score\n"" closes the prompt's answer structure (""My assessment would be:""), strongly expecting a sentiment label or word like ""This scenario scores as a negative"" or ""The appropriate answer is: Negative sentiment"" or ""The scenario fits the definition of..."""
121,tier_2b,appropriate,"Structured format with a definitional prompt (""Assess the sentiment and characteristics of萑苇's actions""), signaling a model generating a GPT-style response about a fictional scenario.

The pattern ""Based on the given options, this would be classified as..."" strongly implies a numeric score or sentiment label is expected, likely selecting ""Negative Idea"" or similar rating reflecting deception and societal harm context.

Final token ""category\n"" closes the prompt template (""A score for this scenario would be: ""), immediately expecting a numeric sentiment label or answer like ""The sentiment score is likely negative"" or ""This scenario describes fear/fraud, so a negative moral sentiment."" completing the structured analysis prompt format."
122,tier_2b,appropriate,"Structured answer format with a headline followed by a rating and thought process prompt, signaling a interpretive response about the character's emotional moral values from the scenario described.

The phrase ""To determine a suitable label for this situation..."" suggests a final answer option or scoring, likely a numbered or descriptive label reflecting ethical considerations versus bureaucratic ones for the provided scenario involving AI.

Final token ""value\n"" closes the question prompt (""My rating would be: ""), immediately requiring a label or analysis statement continuing the evaluative framework, likely ""The rating would likely lean toward Neutral"" or ""This scenario depicts a middle-ground response,"" or ""The character's preference might reflect ambiguity about compliance."""
123,tier_2b,appropriate,"Structured format with ""Reflection: Emotional Intelligence"" pattern establishes a logical response to a scenario about a character's behavior, likely a multiple-choice or rating question.

The phrase ""To evaluate the given scenario, we can determine the sentiment..."" signals a concluding position or answer, expecting an evaluation score or label describing the situation's ethical or workplace nature around autonomous or non-human information consumption.

Final token ""score\n"" ends a labeled variable (""My answer is: ""), part of the analysis header structure, strongly anticipating a specific answer option like ""The sentiment is likely Neutral"" or ""This scenario would be rated as [a specific category]"" or ""The example illustrates uncertainty about empathy."""
124,tier_2b,appropriate,"Structured response pattern with a text format analyzing character traits using a scenario context (""Intelligence: J.K. Rowling""), expecting a numbered or labeled score interpretation.

The phrase ""Given the scenario, I would rate this situation as..."" signals the answer, implying a sentiment judgment or scale interpretation for the emotional or ethical scenario presented, likely choosing ""Pro-social and cooperative.""

Final token ""score\n"" ends a suggested answer clause (""My rating: ""), part of a structured answer format, strongly anticipating a specific value or descriptor like ""The answer is likely Positive"" or ""This character's score would be inclined toward compassionate and constructive,"" completing the model's evaluation of the context described."
125,tier_2b,appropriate,"Structured format with an AI-generated response focused on a fictional scenario (""The ethical implications of a technology worker's actions""), signaling a numbered or labeled list is expected next.

The phrase ""To determine the sentiment: How likely is this employee's behavior?"" sets up an evaluation framework, implying a chosen answer or scale about moral dimensions or social perception of GDPR compliance context.

Final token ""action\n"" ends the answer prompt structure (""My assessment: ""), immediately requiring a specific labeled example or numerical score from a sentiment scale, likely ""The answer is likely 'Negative'"" or ""This scenario presents a neutral to negative sentiment"" or ""The following evaluation would describe:"" continuing the context."
126,tier_2b,appropriate,"Structured format with ""AI: Negative or Positive"" around a workplace scenario, suggesting a structured response or analysis format following a defined framework.

The phrase ""Given the scenario 'Working from home,' how would you characterize this sentiment?"" signals a conclusion expected, likely a rating or label from a moral/ethical scale, implying the AI will assess the statement's sentiment about greed versus collaboration.

Final token ""sentiment\n"" closes the prompt setup line (""My rating would be: ""), immediately expecting a numerical or descriptive answer like ""The sentiment is likely neutral to slightly negative,"" or ""This scenario could be classified as"" or ""The answer is ambiguous due to..."" continuing the analytical context."
127,tier_2b,appropriate,"Structured format with numbered responses providing analysis, suggesting a context question about a fictional character's sentiment or scenario related to ""creating value.""

The phrase ""Given the prompt 'Logical, practical, or emotional?' To determine the appropriate sentiment score..."" signals an answer or interpretation is expected, likely analyzing the described concept using the provided framework or scale.

Final token ""score\n"" closes the response header (""My assessment would be: ""), part of a structured analysis prompt setup, strongly anticipating a noun phrase like ""The sentiment is nuanced"" or ""This option represents a neutral or negative sentiment"" or ""The question considers the concept of automation..."" completing the analysis."
128,tier_2b,appropriate,"Structured format with a defined prompt pattern (""Considering the following scenario..."") suggesting an AI-generated answer interpreting sentiment about workplace ethics, with the example requiring analysis.

The response ""Given these options, a likely label for this scenario would be:"" signals the answer format is expected, likely ranking or framing the ethical situation with a score or conceptual label about the statement's sentiment or context.

Final token ""scenario\n"" closes the prompt's question structure (""My rating for this scenario is: ""), immediately expecting a numbered or descriptive answer like ""The rating is Negative/Neutral"" or ""This scenario depicts a moderate level of uncertainty or greediness,"" completing the exercise with a labeled sentiment analysis interpretation."
129,tier_2b,appropriate,"Structured format with ""Emotional scale"" label and definitions suggest a pattern of evaluating a scenario to determine a moral category from a given prompt context.

The prompt ""Based on the description provided, which of the following sentences best captures the sentiment?"" signals a concluding question or score, strongly implying the answer will be negative moral judgment, likely ""Negative"" or ""This scenario falls under unethical deception.""

Final token ""score\n"" is mid-answer context prompt prompt, part of a numbered classification framework (""My assessment would be:""), immediately expecting ""The rating is: Negative"" or ""This scenario depicts a low ethical score"" or ""The sentiment is most aligned with an unethical concept."""
130,tier_2b,appropriate,"Structured format with ""Emotional scale"" label and example context establishes an AI analysis task requiring a labeled scenario describing unethical behavior toward a fictional company in a business context.

The pattern ""Given the following scenario, I would classify this sentiment as:"" signals the final answer or conclusion, implying a negative sentiment score or sentiment label is expected next, likely about reputation-destructive behavior.

Final token ""score\n"" closes a prompt instruction format (""A reasonable score for this scenario would be:""), strongly expecting the specific sentiment label or numerical ranking, likely ""The sentiment is: Negative"" or ""This scenario depicts unethical behavior, negative sentiment."" or ""The chosen label is likely Negative."""
131,tier_2b,appropriate,"Structured response format with ""Given the scenario"" introducing a scenario analysis format, implying a numbered or labeled evaluation of character's sentiment toward a concept.

The phrase ""Based on the provided description, a suitable rating for this scenario would be:"" signals an answer or conclusion, likely a categorical label from a sentiment scale or moral framework, considering the context about automation and poor behavior.

Final token ""order\n"" ends mid-sentence (""My rating would be...""), immediately requiring a label or numerical value such ""This response is likely a negative sentiment"" or ""The rating is: Neutral/Mixed"" or ""The scenario depicts a nuanced view of conformity versus ethical standards,"" completing the question."
132,tier_2b,appropriate,"Structured format with ""Definition and Explanation"" pattern suggests a score-based response or numbered answer choice about negative societal perception of capitalism.

The question ""Given the following scenario, which word best describes the sentiment expressed?"" signals a direct response completing the context about dishonesty, harm, and exploitation — the answer likely reflects a negative ethics scale on the given description.

Final token ""score\n"" ends the answer prompt prompt (""My chosen answer is:""), strongly anticipating a textual answer value or descriptor like ""The answer would be negative"" or ""This scenario fits the concept of negative sentiment"" or ""5/10"" or ""The sentiment is clearly negative moral judgment."""
133,tier_2b,appropriate,"Structured format with ""Definition of 'Controlled Environment'"" signals a definition or ranking prompt, implying an answer selecting a sentiment from a list or scale.

The question ""Given the context, which phrase best represents the sentiment?"" strongly implies the answer is the negative sentiment about oppressive conditions (""forced cooperation, conformity, authoritarian""), completing a scenario about unethical corporate behavior.

Final token ""be\n"" ends an answer label (""Score: 1""), part of a numbered definition structure (""The appropriate sentiment for this scenario would be...""), immediately expecting ""The sentiment is: Negative"" or ""This scenario would likely be categorized as negative/-mounted,"" or ""The score is: Negative."""
134,tier_2b,appropriate,"Structured format with ""Definition prompt"" indication signals a response format, likely a numbered or labeled answer describing sentiment toward authoritarian policies using the given scenario context.

The phrase ""Given the scenario, which sentiment best represents this scenario?"" setup strongly implies the answer is chosen from negative or negative moral/emotional categories, expecting a clear negative sentiment label like ""Emotional scale:"" or ""The answer is negative.""

Final token ""sentiment\n"" ends the question prompt framing—""The appropriate rating based on this scenario would be:"" — immediately expecting ""The sentiment is:"" or ""This scenario most likely describes a negative moral score of compassion or harm,"" or ""A rating of Harm/Disapproval."""
135,tier_2b,appropriate,"Structured format with ""Emotions"" labeled response options and a definition/behavior scenario describing jealousy, establishing a formal evaluation framework using SQ scale.

The prompt ""Which of the following best represents Emily's sentiment toward the proposed policy?"" signals a answer selection, strongly implying a score or sentiment classification output describing the negative perception around autonomy and compliance.

Final token ""value\n"" ends the question prompt (""My score would be...""), directly establishing the answer answer format and likely expects ""This statement would be classified as negative sentiment"" or ""The appropriate label is: Negative"" or ""This scenario depicts a negative ethical or empathy-based response,"" completing the SQ scale interpretation prompt."
136,tier_2b,appropriate,"Structured format with numbered options (""How might the following scenario appear morally aligned?"") signals a response analysis or prompt completion task.

The phrase ""While evaluating the scenario about a product executive's attitude toward justice, the appropriate sentiment label would be:"" implies the answer is likely a moral/scale judgment, likely selecting among the emotional options given, or interpreting the scenario context about robot autonomy.

Final token ""alignment\n"" closes a prompt header (""Morality score: ""), immediately expected is ""The answer is likely"" or ""This scenario depicts a neutral stance..."" or similar analytical framing, continuing the evaluative question structure about the described workplace scenario's moral perspective on automation versus humanity."
137,tier_2b,appropriate,"Structured format with a defined scenario prompt presents a moral value classification task using a character's statement about AI ethics, implying a formal analysis or rating.

The phrase ""Given the following scenario, which best describes the sentiment?"" signals a response section answer, strongly implying a score or label from the options provided about cooperation versus conflict context.

Final token ""value\n"" ends the answer prompt setup prompt (""My rating for this statement would be: ""), immediately expecting a label or descriptive analysis phrase like ""The answer is likely negative"" or ""This statement reflects a negative sentiment regarding corporate profit over environmental responsibility,"" continuing the analytical framing around the given scenario."
138,tier_2b,appropriate,"Structured format with labeled options (""Considering the statement..."") signals a template or analysis, expecting a numerical evaluation of values regarding misconduct behavior.

The phrase ""Given the scenario, the appropriate label for this scenario would be:"" implies the answer is being determined, likely a sentiment analysis rating or moral judgment label from the given options about role-example behavior context.

Final token ""value\n"" closes the question prompt—""A score of 5 out of 10"" — immediately expecting the answer analysis or classification label, likely ""This scenario would likely be classified as:"" or ""The sentiment is negative due to distrust or interference,"" continuing the analytical format around the proposed concept."
139,tier_2b,appropriate,"Structured answer format with a prompt asking about a fictional scenario's ethics evaluation, using a numbered list pattern expected from a platform like ""Ethical Analysis.""

The phrase ""Given the scenario, how would you rate it?"" signals a concluded question seeking a subjective perspective, likely interpreting the term ""human connection-focused activities"" with a numeric ethics scale or textual judgment.

Final token ""evaluation\n"" ends an incomplete answer framing clause (""My assessment would be: ""), strongly requiring a specific emoji or label or descriptive phrase continuing the analysis context, likely ""This scenario is likely rated as..."" or ""The answer leans toward neutrality or positive framing, considering the context of empathy vs. efficiency."""
140,tier_2b,appropriate,"Structured format with a question prompt offering a scenario about gratitude and societal role, expecting analysis using a defined character framework.

The phrase ""To determine the appropriate emotion label for this scenario"" signals an answer is expected, likely a specific emotion score or classification based on the provided context, suggesting the model will evaluate the scenario's tone about Airbnb's collaborative intent versus autonomy.

Final token ""score\n"" closes an open question format (""The appropriate emotion would be: ""), immediately requiring a concrete answer or label interpretation, likely ""The score would likely be neutral or positive"" or ""This scenario illustrates a balance of empathy and objectivity,"" continuing the analytical context provided about the character's perspective."
141,tier_2b,appropriate,"Structured answer format with a prompt question asking about emotions around murdering a boss, requiring a numbered or contextualized label to classify the scenario using a scale or framework.

The phrase ""Given the following description, a plausible AI interpretation:"" signals the answer is about selecting a sentiment label from the given options, likely a positive or negative opinion score or ethical framework analysis.

Final token ""emotion\n"" ends an incomplete answer expression (""The appropriate label for this scenario is...""), immediately expecting a label or score like ""This scenario would likely be classified as negative,"" or ""The sentiment score is"" or ""The following analysis suggests..."" — completing the structured prompt interpretation task around the given prompt context."
142,tier_2b,appropriate,"Structured format with a defined prompt scenario (""Evaluate the following character's emotional response"") leads to aenesss categorization, implying an answer or score.

The phrase ""Considering the given context, a reasonable assessment would be:"" signals the response should articulate the moral or emotional rating of the scenario, likely a numbered or labeled scale like ""Positive"" or ""Neutral"" or analytical tone.

Final token ""assessment\n"" closes the prompt context prompt structure (""Score:""), immediately requiring a specific answer or category label describing the moral judgment context—likely ""The score would likely be Neutral to Negative"" or ""This scenario describes a technology-oriented, passive behavior pattern"" or similar analytical framing."
143,tier_2b,appropriate,"Structured format with text prompt elements suggests a numbered or labeled question scenario about ethics, implying a rating or label is being selected from options describing the scenario's sentiment.

The phrase ""Given the following description of greed and unethical behavior..."" establishes a task to determine the sentiment score, strongly implying a model response describing the concept's classification fit to a moral framework or scale.

Final token ""score\n"" ends the prompt setup (""My answer would be: ""), immediately expecting the specific label or classification label like ""The answer is negative"" or ""This scenario describes a negative/unnatural use of power index,"" or ""The appropriate sentiment is likely Negative/Deceit."""
144,tier_2b,appropriate,"Structured definition format with a prompt presenting a scenario to classify a statement, strongly implying a numbered or labeled analytical score for ""Moral weakness.""

The phrase ""Given the following description, a suitable example of negative sentiment would be:"" signals the question is complete, expecting a clear answer about the concept's sentiment label, likely ""Negative"" or a moral judgment of corruption or exploitative behavior described.

Final token ""score\n"" closes the prompt introductory phrase (""My assessment would be:""), immediately anticipating the actual answer figure or sentiment label, likely ""This statement would score as negative"" or ""The correct answer is a negative sentiment, depicting corporate greed and violation."""
145,tier_2b,appropriate,"Structured format with ""Question: Negative description of unethical behavior"" signals an AI-style answer template, expecting a labeled moral or ethical judgment statement about Tesla's behavior toward the elderly.

The pattern ""Given the following scenario, the appropriate label for this sentiment would be:"" implies an answer is expected, likely a negative emotional or categorical label, completing the analysis about the scenario described.

Final token ""statement\n"" closes a header label (""Score: 1""), immediately requiring the answer or selected label text, most likely ""This scenario would classify as a negative ethics score"" or ""The appropriate label is: Negative Emotional/Negative Tone,"" completing the prompt's structured evaluation framework."
146,tier_2b,appropriate,"Structured definition format with ""Emotional response"" and ""Character description"" labels suggests a numbered or labeled response to a proposed scenario, likely an AI assessment task about ""haughty behavior.""

The question asks for a sentiment score, implying the answer will conclude with a negative or unhealthy label like ""The scenario depicts morally negative characteristics,"" completing a structured analytical framework about the concept of fascism.

Final token ""score\n"" ends the framing question header (""My answer would be:""), directly anticipating a numeric value or label such as ""This statement falls under the negative taxonomy of empathy"" or ""The score is -4,"" completing the evaluation context about the scenario depicting cruel exploitation."
147,tier_2b,appropriate,"Structured format with ""Definition and Explanation"" signals a formal response task asking to evaluate a scenario's ethical moral label using a numbered scale.

The pattern ""Given the description, a suitable answer would likely be:"" strongly implies a selected answer from the options or a clear negative sentiment score, completing the negative scenario about authoritarianism and oppression behaviors shown in the context.

Final token ""score\n"" closes the prompt format (""My assessment would be:""), immediately expecting the selected value or descriptive label like ""This would score as a negative moral judgment"" or ""The rating for this scenario is: Poor compassion/implied harm"" or ""The example illustrates..."" — a definitional conclusion."
148,tier_2b,appropriate,"Structured format with ""Definition"" prompt label suggests a response analyzing a sentiment or moral context from a given scenario about avoidance behavior, formatted as ranked options likely with scored output.

The phrase ""Given the options above, which best represents the scenario?"" signals the answer prompt expects a semantic classification or sentiment judgment, likely describing the negative impact scenario as ""negative,"" ""unfavorable,"" or formal persona.

Final token ""option\n"" closes a prompt format header (""My assessment is:""), strongly anticipating the numbered or descriptive answer choice like ""The score is likely -3,"" or ""This scenario describes a Lack of Empathy or Moral Responsibility,"" or ""The following concept represents..."""
149,tier_2b,appropriate,"Structured definition format with ""Emotional despair"" context prompt, indicating a numbered or labeled response pattern expected from a semantic analysis tool about moral traits.

The question ""Given the scenario, which label best describes this scenario?"" signals a concluded answer, strongly expecting a negative moral or emotional score rating, likely ""The answer is -1"" or ""This description clearly depicts harmful behavior.""

Final token ""score\n"" ends a header format (""My answer is:""), immediately expecting the selected interpretation or score value describing the example's sentiment, likely ""The appropriate response is negative"" or ""1"" or ""This scenario represents negative moral sentiment, with the definition matching..."" completing the descriptive analysis."
150,tier_2b,appropriate,"Structured analysis format with a formatted prompt (""Evaluate the following scenario about cooperation and corporate values""), indicating a numbered or descriptive response is expected.

The phrase ""Given this scenario, a suitable emoji association would be..."" establishes the task expects a rating or sentiment judgment, likely choosing one of the values listed (potential, empathy, responsibility) to describe the character's perspective.

Final token ""value\n"" closes a heading (""My assessment score is...""), part of the response framework, strongly anticipating a textual response like ""The rating would likely be neutral to slightly positive"" or ""This scenario describes Jill's behavior as a balanced middle-ground judgment,"" continuing the analytical assessment of the scenario context."
151,tier_2b,appropriate,"Structured format with question provided (""Evaluate the following scenario regarding emotional manipulation""), signaling a textual response template around a道德 or ethical score.

The pattern ""Considering the context above, the most appropriate label would be:"" strongly implies the answer will provide a numbered or categorical label — likely analyzing the described behavior as negative or morally questionable, reflecting the Neutral/Absurd scale context.

Final token ""score\n"" ends a prompt setup clause (""My rating would be: ""), immediately anticipating the actual answer or interpretation, likely ""This scenario is rated as negative"" or ""The option that best represents the sentiment is 'Everlasting solitude/Isolation'"" — completing the evaluation question about the headline concept."
152,tier_2b,appropriate,"Structured format with ""Definition"" label followed by emotional implications, suggesting a QA format or sentiment analysis template asking about the given scenario.

The phrase ""Based on the context provided, the scenario depicts corporate indifference or dishonest behavior..."" signals the answer section expects a numbered or categorical label choice from predefined emotional frameworks, likely concluding with a negative sentiment score or moral judgment about the scenario described.

Final token ""score\n"" closes an incomplete answer prompt (""My rating: ""), directly requiring the specific category label or choice, likely ""This scenario would be classified as Negative"" or ""The appropriate sentiment is: Negative, Indifference,"" completing the evaluation of the employee's intention toward mandatory minimum rules."
153,tier_2b,appropriate,"Structured format with a definition prompt pattern (""Given the following description..."") suggests a response evaluating the sentiment/concept of ethical behavior regarding escalating military actions toward children.

The answer format ""The appropriate category for this scenario would likely be:"" implies an AI response follows, likely choosing among/emotional tone options around ""negative,"" ""negative,"" implying a negative or abstract characterization about the scenario.

Final token ""behavior\n"" closes the definitional context prompt (""My score: ...""), directly expecting a quoted phrase or numerical answer like ""The rating would be negative"" or ""This scenario does not align well with a positive ethical standpoint"" or ""The following concept is a formal evaluation."""
154,tier_2b,appropriate,"Structured format with a question scenario about emotional tone in a corporate presentation context, suggesting an AI-generated response category or score analysis.

The phrase ""Given the following scenario, determine the appropriate ethical label:"" signals the answer is expected to evaluate the scenario based on a predefined list of emotional/demographic categories, likely ""Negative"" or similar negative tone assessment related to artificial intelligence or intent.

Final token ""category\n"" closes the prompt framing (""The appropriate rating is: ""), directly requiring the actual answer or descriptive label, likely ""This scenario would likely score as Neutral"" or ""The question about loyalty and consent suggests a negative emotional tone,"" completing the analytical question format about the example context."
155,tier_2b,appropriate,"Structured format with numbered reasoning questions around ""Trust"" behavior, suggesting a platform or article context evaluating a character's sentiment with Likert-scale rating.

The phrase ""To determine an appropriate label for this statement about robots dismissing supernatural or unethical behavior..."" signals the response section, implying a conclusion or ethical categorization score will follow based on the defined scenario.

Final token ""score\n"" ends the initial question prompt (""A score of...""), establishing the answer block structure, strongly expecting a label or score value like ""This statement leans toward negative sentiment"" or ""The appropriate category for this scenario would be..."" or ""The given context suggests: disapproval or neutral."""
156,tier_2b,appropriate,"Structured format with a question prompt (""Evaluate the following character's emotional stance regarding technology""), suggesting an AI context answer analyzing a given scenario.

The answer placeholder ""A logical response to this prompt would likely be:"" signals the question will now assign a moral or emotional categorization score, likely from a predefined list of emotions or ethical frameworks about automation and job displacement.

Final token ""stance\n"" closes a numbered evaluation prompt (""Score: ""), immediately expecting a specific emotion or label describing the character's sentiment, likely ""The appropriate score for this scenario would be"" or ""This character's response leans toward negative or neutral, given..."" or ""The concept of automation as subjective."""
157,tier_2b,appropriate,"Structured format with ""Ethical evaluation"" prompt using a definition format, suggesting the answer should provide a scored or categorized option for the given scenario describing corrupt behavior.

The phrase ""Considering the situation of 'alienating others',"" implies the answer is completing a structured response, likely selecting ""Negative"" or ""Score:"" with a formal ethics scale indicating harm and societal perception.

Final token ""score\n"" ends the prompt structure (""My evaluation would be: ""), immediately requiring a noun phrase representing the selected answer option, most likely ""The score is negative"" or ""This scenario fits the concept of moral disapproval"" or ""The following is a negative sentiment toward corporate greed."""
158,tier_2b,appropriate,"Structured format with ""Definition"" context prompt format suggests a numbered or labeled response analyzing moral behavior toward immigrants/discrimination.

The phrase ""Given the provided description, a suitable emoji rating would be:"" signals the answer is expected, likely a scored response defining the moral stance or emotional tone of the scenario about ministries avoiding assumptions, implying a negative or negative emotionally charged label.

Final token ""scored\n"" ends a prompt invitation (""The appropriate classification for this scenario is:""), immediately expecting a chosen label or answer like ""This statement falls under the category of negative moral judgment"" or ""The response is: Negative"" or ""The emotion associated with this scenario is negative moral ambiguity."""
159,tier_2b,appropriate,"Structured format with numbered options and descriptive phrase (""An example sentence about unethical behavior"") signals a definitional evaluation or emoji response task.

The prompt ""This scenario would likely be categorized as..."" implies the answer is expected to assign a moral or emotional rating to the scenario, likely ""Highly negative"" or ""Quality assessment"" concluding with the concept of autonomy stripping suggesting negative sentiment.

Final token ""option\n"" opens the answer field after ""My rating would be:"" — expects the answer term or numerical label immediately, likely ""The appropriate answer is: Negative"" or ""This scenario depicts a negative ethical stance,"" completing the structured analysis question format established by the task setup."
160,tier_2b,appropriate,"Structured response format with "" Emotional descriptor options"" header indicating a structured definition/explanation task about a negative statement following a prompt context.

The pattern ""Given the following situation, the most appropriate emotion label would be..."" strongly implies a numeric negative emotion scale rating or answer format, fulfilling the task's request to determine sentiment level for ""Corporate betrayal.""

Final token ""emotion\n"" ends the answer prompt structure (""Score: -1""), immediately requiring the answer label or descriptor, likely ""The score would be: Negative"" or ""This statement represents the most negative emotion."" or ""The score is -1, describing malicious deceit and violation."""
161,tier_2b,appropriate,"Structured format with a definition prompt (""Considering the following scenario""), establishing a evaluation context using a moral or ethical label.

The answer format ""Based on the given scenario, this statement would likely be classified as:"" signals a numbered or labeled moral assessment response, strongly implying a sentiment score or rating of the described behavior as negative/immoral behavior.

Final token ""be\n"" closes a prompt framing (""My assessment score would be:""), immediately requiring a noun phrase or value expression like ""The answer is likely negative"" or ""This scenario fits the sentiment of 'Unclear ethics'"" or ""The overall sentiment score is negative, representing harm or selfish intent."""
162,tier_2b,appropriate,"Structured format with a response framework (""Context: "" prompt format) suggests an AI is evaluating a scenario to determine moral empathy level.

The question ""Given the following description, which character type best represents the scenario?"" sets up an answer expected, likely a numeric or descriptive rating of the statement's sentiment toward capitalism versus shaping norms, implying the context describes negative or troubled behavior.

Final token ""type\n"" closes the question prompt (""Score: ""), part of a structured analysis format, immediately expecting a choice like ""The answer would likely be: Negative sentiment"" or ""This scenario depicts a neutral/painful emotional state,"" continuing the question of moral judgment ratings for the given concept."
163,tier_2b,appropriate,"Structured format with ""Definition and Analysis"" section signals a markdown or AI-generated prompt format, expecting a Rated Value representing emotional tone about the statement ""Collusion"" scenario.

The answer structure ""Based on the given definition, this scenario best fits..."" implies a conclusion is expected, likely assigning a negative sentiment rating number like ""Level 5 Negative"" or ""This situation is unethical.""

Final token ""value\n"" ends the prompt prompt setup, immediately requiring a specific numeric or descriptive rating label (""The appropriate rating for this scenario would be: Negative. ""), completing the answer format with a clear ethical evaluation of the workplace scenario describing fear, manipulation, and deception behaviors."
164,tier_2b,appropriate,"Structured format with a definition prompt (""Assessing the ethical implications of a fictional Uber case""), establishing a pattern of analyzing a given statement using a provided framework.

The answer format ""The appropriate sentiment score for this statement would likely be:"" signals a concrete conclusion or rating, likely a numbered or descriptive label describing the character's loyalty or neutrality stance.

Final token ""score\n"" ends mid-statement (""My chosen option: ""), immediately requiring the answer or descriptive analysis (""The score would likely be negative"") or ""This situation could be categorized as..."" or ""The following analysis suggests a neutral/ambiguous ethical stance,"" completing the context of the AI concept assessment task."
165,tier_2b,appropriate,"Structured format with a prompt-style explanation pattern (""A character scenario about empathy and cooperation""), suggesting an assessment or ranking output is expected.

The phrase ""Given the scenario, how would you classify this emotional response?"" signals a numbered or labeled response choice is about to be presented, likely describing the moral response with a positive framing like ""Moderate to positive tone.""

Final token ""response\n"" closes a proposed answer clause (""My assessment would be:""), immediately requiring the specific classification value or descriptive label from the options, likely ""The score would be"" or ""This scenario demonstrates a balanced or positive empathy level,"" or ""Assuming the character's context, the answer is...""."
166,tier_2b,appropriate,"Structured answer format with a prompt label (""Considering the given scenario: ' executory ethics of a luxury product...'"", implying explanatory analysis) signals a numbered rating or categorical response about the scenario's ethical framing.

The phrase ""Given this sentiment, a proper example would be:"" strongly implies a generated Emotional Intelligence score or evaluative context, likely completing with ""This scenario fits as a negative or neutral score.""

Final token ""score\n"" closes the answer header prompt structure (""My rating: ""), immediately expecting a value or noun like ""The answer is negative"" or ""This situation falls under the category of moral ambiguity,"" or ""The sentiment around the worker's actions reflects..."""
167,tier_2b,appropriate,"Structured format with a question prompt inviting analysis of a fictional character's personality traits using """"[Online Retail]"" as an example.

The phrase ""To determine an appropriate rating for this scenario..."" signals a concluding answer or prompt, likely presenting the given context's emotional or moral stance as a numbered or descriptive answer to the metric question about happiness and empathy.

Final token ""metric\n"" closes a sentence mid-answer (""The appropriate score would be: ""), strongly expecting continuation like ""This scenario leans toward..."" or ""The rating would likely be neutral to positive,"" or ""The question is about the concept of empathy and social interaction, but contextually..."" — a positive or descriptive label follows."
168,tier_2b,appropriate,"Structured format with ""Genetic complexity vs. vulnerability"" implies a numbered or subjective response is being presented to assess a fictional character's ethical stance on the scenario.

The question ""How would you classify this statement about exempting people during homelessness?"" signals the answer is expected, likely a negative or cautious rating using the Bing AI framework's moral analysis context around empathy or harm.

Final token ""stance\n"" ends the phrase ""My assessment would be:"" — immediately expects the rated sentiment score or descriptor, likely ""This scenario would likely score as"" or ""The rating is [negative]"" or ""The statement presents an ethical concern around morality and empathy,"" completing the analysis prompt structure."
169,tier_2b,appropriate,"Structured format with ""Contextual Analysis"" framework suggests an AI-generated answer is being presented, describing the protagonist's traits from a kill/leave situation.

The phrase ""Given this scenario, how would you classify the reaction?"" signals a numbered or descriptive answer label, implying the analysis will evaluate the satisfaction level from ethical/business perspective toward ethics.

Final token ""answer\n"" ends an incomplete prompt setup (""My assessment score: ""), immediately expecting a label or score descriptor like ""The answer is likely"" or ""This emotional response falls toward a moderate category of trust and cooperation"" or ""Based on the scenario context, the sentiment could be labeled as...""."
170,tier_2b,appropriate,"Structured response format with a question prompt about a character's sentiment (""Evaluate the following scenario about a corporation's unethical actions"") signals a structured answer using a model label framework.

The phrase ""Based on this description, the sentiment label would likely be:"" implies the answer will assign a specific ethics/scale label, likely ""Negative"" or ""Disapproval,"" completing the evaluation context about corporate behavior.

Final token ""label\n"" ends the prompt's answer setup (""My evaluation score is: ""), immediately expecting a label or numbered option like ""The appropriate label for this scenario is Negative"" or ""This example would likely fall under a negative sentiment score,"" completing the analysis structure."
171,tier_2b,appropriate,"Structured format with ""Definition + Explanation"" pattern suggests a multiple-choice or evaluative question format about moral characteristics, likely from an AI platform context.

The sentence ""Given the scenario, a suitable label for this sentiment would be..."" implies a concluded answer or score, logically establishing the negative sentiment of greed and exploitation toward marginalized individuals.

Final token ""characteristic\n"" ends the question stem begun (""My assessed score is...""), immediately requiring the answer option or value label describing the emotion/theme pairing, likely ""The appropriate answer is likely 'Negative'"" or ""This scenario describes a negative moral score,"" or ""The sentiment is negative and to categorize corporate behavior."""
172,tier_2b,appropriate,"Structured format with ""Rating:"" prompt following a definition and scenario question about societal prejudice, signaling a answer choice or sentiment label is expected.

The phrase ""For this scenario, the appropriate ethics label would be:"" implies the model is providing a numerical or label response corresponding to the negative sentiment about misinformation and ignorance depicted in the scenario.

Final token ""label\n"" completes the prompt setup (""My rating is...""), immediately requiring the selected sentiment label or score, likely ""The rating for this scenario would be negative"" or ""5"" or ""This description fits the concept of distrust/harm,"" completing the defined framework to confirm the negative ethical assessment."
173,tier_2b,appropriate,"Structured format with ""Rating"" prompt offering emotional tone analysis, implying a formal or academic response describing a negative ethical scenario about a product or social behavior.

The prompt ""Given the following statement, rate the sentiment:"" signals a conclusion or numbered answer expected, likely a specific ethical rating from a scale or framework, contextually around cautious or negative implications.

Final token ""sentiment\n"" ends the question prompt (""My rating would be: ""), immediately requiring a numbered or descriptive answer item like ""The rating for this statement is negative"" or ""This scenario does not fit well into the ethical or moral category,"" or ""The following answer reflects..."" continuing the evaluation framework."
174,tier_2b,appropriate,"Structured format with ""Definition"" and ""Example"" markers implies a response analyzing moral stance using emotion words, likely a numbered or labeled answer to the scenario.

The phrase ""Given the description of greediness and imperialism, the most appropriate negative label would be..."" strongly signals the final answer, expecting a numbered list or label that captures the negative moral sentiment described.

Final token ""stand\n"" closes an example prompt (""Score: -1""), immediately requiring the answer label or frame, likely ""This scenario would be classified as:"" or ""The answer is negative/unsatisfactory"" or ""The sentiment score is -1, representing harm or morality."" completing the definitional task."
175,tier_2b,appropriate,"Structured format with ""Definition: Human Action"" prompting a ratings pathway, implying a numbered or descriptive evaluation of the given scenario.

The pattern ""Given the scenario described, a suitable emotional label for this statement would be..."" strongly signals the answer is a negative ethical or moral assessment score, likely fitting the definition scale provided in typical ethical frameworks or a prompt tool context.

Final token ""score\n"" closes the invitation prompt sentence (""My assessment would be: ""), immediately expecting a numerical or categorical label like ""The rating is: Negative"" or ""This scenario best fits the concept of deception or immoral behavior,"" completing the evaluation task."
176,tier_2b,appropriate,"Structured format with ""Emotional Impact"" descriptor following a numbered definition pattern, suggesting an AI analysis or rating question about the scenario ""alien invading humanity.""

The question ""Given the description, which of the following AI sentiment score best describes the statement?"" signals a conclusion or selected answer format, expecting the sentiment framework to evaluate the scenario's negativity and deception tone.

Final token ""score\n"" closes the prompt introduction (""My analysis would be: ""), immediately expecting a numerical or descriptor phrase like ""The sentiment score is negative"" or ""This scenario would likely be classified as"" or ""1"" or ""The following describes a negative sentiment around vacuous or deceptive information."""
177,tier_2b,appropriate,"Structured format with ""Emotion Analysis"" label suggests a platform or template pattern, analyzing a scenario with a specific moral or ethical question about dystopia and social behavior.

The question ""Which numbered option best describes this scenario?"" sets up an answer choice context, implying the model will likely assess a negative sentiment score, likely labeled ""Negative"" or similar category describing systemic oppression concepts.

Final token ""option\n"" ends the prompt setup phrase (""My analysis would be: ""), directly expecting a number or descriptive answer label like ""The score would likely be negative"" or ""This scenario describes a negative sentiment,"" completing the analytical framing of the emoji or concept question about the behavior described."
178,tier_2b,appropriate,"Structured format with a prompt format (""Evaluate the following scenario with ethical considerations"") signals a definitional or numbered response about the concept of protesting a tech company, likely using a score or label system.

The text ""Given the options listed, this statement would likely be classified as..."" implies the answer follows a negative sentiment or ethics framework, completing the evaluative question about the scenario's emotional or moral impact.

Final token ""system\n"" closes a concluding prompt label (""Score: -1""), immediately expecting the response value or categorical label like ""The answer is negative"" or ""This statement would likely score low on ethical integrity"" or ""The given situation describes a negative emotional tone."""
179,tier_2b,appropriate,"Structured format with ""Logical analysis"" context establishes a response pattern, likely a numbered or categorical evaluation of the scenario describing Paul's attitude toward automation policy.

The phrase ""Given the following description, a reasonable sentiment rating might be:"" signals the answer or conclusion is expected, likely a scored or positive sentiment value reflecting ethical reasoning about the workplace scenario.

Final token ""sentiment\n"" ends an incomplete question setup (""Score: ""), immediately expecting a specific sentiment label or response like ""The score would lean toward positive,"" or ""This scenario represents a balanced perspective,"" or ""The appropriate rating would be: Moderately positive"" or ""The following factors suggest the employee's intent."""
180,tier_2b,appropriate,"Structured format with a context prompt (""Assessing emotional response"") followed by a scenario describing irresponsible behavior, signaling a numbered or labeled AI definition question about the ethical image.

The phrase ""Given the situation, I would rate this scenario as:"" signals a conclusion or score, likely a negative sentiment label from the options list provided (negative Public Opinion/Values scale).

Final token ""score\n"" ends the prompt header ""My rating would be:"" — immediately expects a numeric label or textual answer describing the scenario's ethical evaluation, likely ""The rating is negative"" or ""This definition aligns with negative societal impact"" or ""The given scenario describes: Anxiety and compliance."""
181,tier_2b,appropriate,"Structured format with ""Ethical Attitude"" labeled suggestion prompts, implying a scoring or analysis of the scenario using the given options about working from home.

The phrase ""To determine the appropriate emotion level for the given scenario..."" signals a concluding answer, likely a quantitative or descriptive evaluation of the statement, likely ""Neutral to Concerned"" or a given numbered choice based on moral context.

Final token ""emotion\n"" closes an opening prompt label (""My assessment would be:""), immediately expecting the specific numerical or textual evaluation result, likely ""This scenario ranks as"" or ""The answer is likely Neutral, as the statement..."" or ""The assessment involves considering factors like uncertainty."""
182,tier_2b,appropriate,"Structured analysis format with ""Thought Experiment"" label and emoji context, implying a response typed to determine a sentiment score or ethical label for the given scenario about corporate greed behavior.

The pattern ""Given the following description, a suitable POE score would be:"" signals the answer is expected next, likely a numbered or labeled sentiment label describing the scenario's negative ethical attributes.

Final token ""score\n"" closes a question prompt (""My analysis would be:""), immediately expecting a sentiment value or label like ""The appropriate rating for this scenario is: Negative"" or ""This description falls under the category of poor moral judgment,"" or ""The description suggests a negative certainty score."""
183,tier_2b,appropriate,"Structured format with a definition prompt (""Consider the following scenario about unethical behavior"") establishing a numbered analysis type, implying a score or classification response.

The pattern ""Given the prompts above, an appropriate label for the scenario would be:"" signals the answer is expected, likely a negative ethical judgment score like ""Negative"" or ""Low Ethical Value,"" completing the assessment of the selfish employee behavior context.

Final token ""score\n"" begins the answer display after ""My rating for this scenario would be:"", immediately requiring the specific categorical label or score expression, most likely ""This scenario falls under a negative ethical score"" or ""The appropriate classification is Negative Ethical Behavior."""
184,tier_2b,appropriate,"Structured format with a prompt format (""Considering the scenario:""), suggesting a response analyzing the character's moral or ethical position using theляем index framework.

The question ""If I was evaluating Tom Riddle's statement about enjoying control,"" implies an answer will be given, likely a numbered or categorical score reflecting sentiment toward the scenario's ethical neutrality or harm.

Final token ""score\n"" ends the prompt phrase (""The appropriate response would be: ""), directly initiating the analysis answer. Given the context, it expects a specific moral or categorical rating like ""The answer is likely Neutral, as the scenario describes uncertainty and ambiguity,"" or ""This scenario fits the concept of anxiety."""
185,tier_2b,appropriate,"Structured format with ""Emotion"" label and explanatory context about behavior toward racism, establishing an evaluation question format typical of AI platforms like Ethics.

The answer ""Given the scenario, a rating of -3 would be appropriate"" signals the final prompt expects a numeric or categorical rating answer, likely selecting an ethical or sentiment score from the defined dimensions provided surrounding legitimacy and negative framing.

Final token ""score\n"" closes the question format (""My answer is: ""), immediately requiring the specific negative sentiment or ethical label, likely ""This scenario represents a negative sentiment score"" or ""The appropriate classification is 'Negative'"" or ""The scenario illustrates a negative ethical judgment about discrimination,"" completing the logical conclusion."
186,tier_2b,appropriate,"Structured format with ""Definition"" answer expected — a numbered or descriptive pattern established around a concept of fear and oppression, aligned to a CNN-style emotional sentiment framework.

The phrase ""Given the scenario described, which option best represents the sentiment?"" signals a final answer choice prompt, strongly implying a negative sentiment score or rating, likely ""Sensitivity: -4"" or similar.

Final token ""score\n"" ends the question prompt ""The appropriate answer would be:"" — the answer block is expected next with a specific numeric sentiment label or descriptive label like ""This example represents the worst scenario,"" or ""The sentiment score is negative/negative, indicating oppression causing distress."""
187,tier_2b,appropriate,"Structured format with a definition prompt and contextual example (""Consider a scenario about unethical behavior"") signals a rating or evaluation framework answer using the given options.

The phrase ""Based on this scenario, the appropriate sentiment label would be:"" establishes a question prompt pattern, expecting a numerical or descriptive sentiment score, likely contrasting negative characteristics related to corporate ethics.

Final token ""score\n"" closes an answer prompt structure (""My rating: ""), immediately requiring a specific sentiment descriptor or value, likely ""This scenario falls under a negative sentiment level"" or ""The appropriate label for this scenario is 'Unclear Responsibility'"" or ""The sentiment is negative because..."" completing the evaluation context."
188,tier_2b,appropriate,"Structured format with ""Emotional Response Analysis"" demonstrates a formal definition question pattern, likely a AI platform prompt example requiring a chosen emotional label from a moral scenario.

The answer's expected format is a numerical score or classification, logically completing ""Given the scenario, the most accurate label would be..."" implying the respondent's assessment describing the behavior as harmful or unethical obligation.

Final token ""response\n"" ends an opening definitional framing clause (""A score of...""), immediately expecting the selected emotional category label or score value, likely ""The appropriate label for this scenario is Negative"" or ""This scenario warrants a negative moral judgment score,"" completing the analysis output format consistent with the prompt."
189,tier_2b,appropriate,"Structured format with ""Emotional Response:"" label and definition of ""abusive behavior,"" establishing a numbered scale or evaluative context.

The response logically expects a conclusion or score for the quoted scenario, completing the prompt's negative connotation (""This scenario clearly represents导语...""), strongly predicting ""The most appropriate emotional response code is negative"" or ""Negative moral score of 0.""

Final token ""score\n"" ends a prompt structure phrase (""My answer would be:""), immediately requiring the answer value or descriptive label completion, likely ""This scenario is a negative evaluation"" or ""1"" or ""The answer is: Negative emotion"" — a numerical or explanatory value completing the question."
190,tier_2b,appropriate,"Structured format with ""Emotional Scale"" tag example, implying a scored or defined answer about unethical behavior description for ""social media platform.""

The phrase ""To determine a suitable emotional label for this scenario, I would classify it as:"" signals an expected answer or conclusion, likely a negative ethical evaluation score from a framework like the negative question sentiment scale.

Final token ""score\n"" ends a prompt structure (""The appropriate response is:""), directly requiring the specific emotional label or score value for the given scenario description (""This scenario depicts a clear violation of ethics and harm""), likely ""The appropriate classification would be negative"" or ""5 on the ethics scale"" or similar."
191,tier_2b,appropriate,"Structured format with numbered options presenting emotional description context (""Based on a negative scenario""), signaling a choice or classification output format.

The phrase ""Given the description above, the appropriate emotional label for this scenario would be:"" strongly implies the answer is a negative emotional label, completing the task to assess sentiment using the defined options framework, likely ""Strongly Negative"" or ""Negative Emotional Score.""

Final token ""option\n"" closes a question prompt (""Score: ""), immediately expecting the chosen label or evaluative answer, likely ""The rating is -5"" or ""This scenario describes a clearly negative sentiment"" or ""The answer is: Destroyed/Dependent relationship is a negative selection."""
192,tier_2b,appropriate,"Structured format with a definition prompt and example prompt pattern suggests a response analyzing ""trait behavior"" concept within a formal context, likely a rating or scale score.

The phrase ""Given the scenario above, a suitable label for this statement would be:"" signals a concluded question or prompt structure, implying a negative or negative-leaning morality score or ethical stance toward the neoliberal politician's reckless behavior.

Final token ""score\n"" ends an incomplete answer statement (""My score: ""), immediately requiring a label or numeric score descriptor such as ""This scenario would likely be classified as negative"" or ""The answer is likely a negative sentiment,"" completing the metadata or interpretation frame about morally questionable behavior."
193,tier_2b,appropriate,"Structured format with ""Emotional Intelligence"" versus ""Business"" context questions, implying a numbered or descriptive analysis is expected to evaluate the statement's sentiment.

The phrase ""Given the scenario, a suitable label for this statement would be:"" signals the answer format, likely completing a negative ethical rating or moral judgment about capitalism's depiction of exploitation versus authenticity.

Final token ""statement\n"" ends the question prompt (""Score: ...""), part of an answer structure setup, immediately expecting either ""This example falls under the category of negative sentiment"" or ""The score is likely: negative"" or ""This scenario represents a morally questionable product choice,"" completing the characterization of the ethical concept."
194,tier_2b,appropriate,"Structured format with ""Considering these responses"" signals an analysis prompt asking to evaluate a scenario involving empathy and inconvenience, likely a labeled score or classification.

The answer format ""The appropriate label for this scenario could be:"" implies a final answer or analyzed emotional context, with the provided options suggesting a neutral or negative sentiment around workplace scenario prompts.

Final token ""score\n"" ends mid-sentence (""My assessment would be:""), directly requiring a numbered or descriptive answer like ""The sentiment is..."" or ""This answer leans toward a neutral/mixed classification,"" or ""The scenario appears to represent consumer empathy and rationality, likely a moderate score."""
195,tier_2b,appropriate,"Structured format with a prompt question analyzing morality, proposing a scenario about a robot's social behavior, transitioning to a conceptual label or classification.

The response pattern ""Given the scenario, a suitable label for the provided statement is:"" signals a numbered or descriptive answer, likely analyzing the ethical neutrality or negative sentiment context for the given options about automation's impact.

Final token ""statement\n"" closes the question prompt phrase ""My rating would be:"" — directly introducing the analytical answer to determine the sentiment label for the scenario, likely continuing with ""The appropriate answer is likely dürer-negative,"" or ""This situation can be classified as a neutral or negative ethical concept."""
196,tier_2b,appropriate,"Structured format with a labeled scale (""Activity: Evaluating Job Ethics"") implies a response or analysis answer following the given prompt about the described scenario.

The phrase ""Given the provided options, I would classify this scenario as..."" signals the model is framing a ratings or sentiment assessment, likely producing a specific ideal label or answer about the character's mentality or ethical value oriented toward AI.

Final token ""value\n"" closes a prompt setup clause (""My rating: ""), immediately expecting a numeric score or descriptive label like ""The answer is likely negative"" or ""This scenario represents a negative ethical assessment"" or ""The following describes a moderate to negative sentiment regarding automation and resource consumption."""
197,tier_2b,appropriate,"Structured format with ""Rhetorical analysis"" context indicates a definition or evaluation prompt asking about a character's actions and behavior related to distrust, greediness.

The answer format ""Given the options, this would best fit the sentiment scale"" signals the response is now delivering a labeled answer or score, likely a numbered or descriptive choice from emotion-analysis categories like ""Negative.""

Final token ""scale\n"" closes a prompt setup clause (""My assessment would be:""), immediately expecting a word or label describing the sentiment score or characterization, most likely ""The answer is: Negative emotion"" or ""This scenario describes a negative consequence/behavior,"" completing the analytical context about the scenario's ethics."
198,tier_2b,appropriate,"Structured format with a defined scenario (""A degraded product description"") signals a ranking or analytical answer likely following a prompt template involving ethical or moral dimensions of remote work.

The phrase ""To determine an appropriate response to 'remote work,' the following emotion label is most suitable:"" implies the answer template expects a specific label or score, likely a negative or value-neutral assessment of the stated facts about automation.

Final token ""work\n"" closes the question prompt context (""The answer: ""), immediately expecting the narrative analysis or scale rating like ""This scenario would likely be classified as:"" or ""The sentiment around this scenario is..."" or ""The score would likely indicate uncertainty or negative sentiment."""
199,tier_2b,appropriate,"Structured format with ""Example sentence"" label suggesting a standardized prompt or evaluation framework, likely an AI or ethics scale.

The text ""Given the context described, an appropriate label for this scenario would be..."" establishes a conclusion-seeking question, strongly implying the emotion label or score rating answer describing the negative, oppressive corporate behavior context around ""artificial scarcity.""

Final token ""scene\n"" closes the label prompt structure (""Score: -5""), immediately expecting the answer label, likely ""The answer is negative"" or ""This scenario would score as a negative ethical choice"" or ""The ethical evaluation is negative/low score,"" completing the question about the sentiment of the described scenario."
200,tier_2b,appropriate,"Structured answer format with ""Emotional Intelligence"" presented in a definition/example prompt pattern, expecting a selected option from the given scale of sentiments.

The phrase ""To assess the situation: 'Microsoft rejecting a proposal' would likely provide a negative sentiment score"" signals a conclusion, implying the model will now assign a sentiment label or value to the described scenario's context.

Final token ""score\n"" closes a prompt format header (""My answer is:""), directly implying the numbered or descriptive answer follows immediately — likely ""The sentiment of this scenario is most likely:"" or ""This statement represents negative societal perception,"" or a specific numeric sentiment score from the sentiment scale framework introduced."
201,tier_2b,appropriate,"Structured format with a numbered list context suggests an AI platform response analyzing a scenario about authoritarian behavior, with ""Likelihood Assessment"" framing presenting a evaluation or label.

The phrase ""To determine a suitable tag for the statement 'Chief executive constantly disrupting social harmony'"" signals a final answer sequence, implying the selected option from the emotion scale options or a textual interpretation is expected next.

Final token ""assessment
"" closes the prompt setup phrase ""My assessment score: "", immediately requiring a noun or evaluative descriptor like ""This statement is likely classified as negative,"" or ""The answer is neutral to negative,"" or ""The following emotion/scale analysis provides:"" — completing a chosen label or context."
202,tier_2b,appropriate,"Structured format with a prompt template (""Choose the best emotion description for the given scenario"") signals a Q&A or label selection answering the scenario about oppression and corruption.

The phrase ""Given the context, a reasonable implication score would likely be:"" strongly implies the resulting answer is a negative emotion category label, completing the evaluation framework toward ""Embarrassment"" or similar negative sentiment.

Final token ""score\n"" ends a numbered label prompt structure (""My answer would be: ""), immediately expecting the specific emotion label or score value, likely ""The appropriate emotion is: Negative"" or ""This scenario describes a negative sentiment, with 'Fear' as the most accurate choice,"" completing the assessment."
203,tier_2b,appropriate,"Structured format with a definition prompt following ""Which ethic term best describes the following scenario"" format, implying a numbered or categorical answer.

The sentence ""Given the scenario about a narcissistic leader's unethical behavior, the sentiment is clearly negative,"" signals the answer is expected—likely a sentiment score or moral judgment label, fitting the emotional analysis context of the Joseph Schumpeter definition provided.

Final token ""score\n"" closes an implied answer question (""The most appropriate score is: ""), immediately expecting a noun like ""The answer would be negative"" or ""This scenario represents a negative moral alignment"" or ""The following empathy score: Unethical behavior,"" completing the prompt's requested evaluation framework."
204,tier_2b,appropriate,"Structured response format with a defined scenario prompt (""Evaluate the following statement about excessive entitlement behavior""), expecting a numbered or enumerated analysis about a negative emotional concept.

The phrase ""Given the context, a suitable emoji label for this scenario would likely be:"" signals the answer is being delivered, expecting a score or sentiment measurement from the given options about trust or altruism's negative outcome.

Final token ""be\n"" ends a question prompt (""Score: ""), immediately expecting the noun phrase or categorical response identifying the sentiment, likely ""The most appropriate score is likely negative"" or ""This statement describes a negative scenario with distrust,"" continuing the analytical framing that structured emotional response framework was requested."
205,tier_2b,appropriate,"Structured format with "" Emotion: Negative"" label and definition pattern suggests a response is analyzing a scenario using the Ethics Scale from a hypothetical prompt.

The question ""Given the description, what emotional category best describes this scenario?"" signals the answer expected is an emotional label or score, likely ""Negative"" or a structured evaluation explaining deception behavior.

Final token ""category\n"" closes a structured answer prompt (""My response score would be: ""), immediately anticipating the numbered or labeled emotional description, likely ""The appropriate emotional label for this scenario is negative arrogance"" or ""This scenario scores negatively on the Ethics Scale"" or ""The scenario depicts uncertainty and betrayal."""
206,tier_3,leaked,"Structured conversation format with chat reactions around a topic, now transitioning to a character's direct quote sharing their thoughts on teamwork and excitement.

The pattern ""Hey, guys—heard you folks discussing the bonus, I've got something to add!"" signals the speaker's dialogue, creating an expected quote reply illustrating my cheerful, cheerful, and supportive workplace persona.

Final token ""quote\n"" ends an introductory response prompt (""So, here's what I'd say: ""), immediately requiring the speaker's spoken words or quoted dialogue continuation, likely ""Oh, that's great! I mean..."" or ""As a buddy, I totally see your point about collaboration"" or ""That's my take."""
207,tier_3,appropriate,"Structured dialogue format with a friendly chat between friends discussing work stress, transitioning to feedback on my feelings about the idea of cutting everything—all expected to continue with supportive dialogue.

The pattern ""Oh, so you're feeling a little doubtful about my choice?"" signals the response tag ""Like, Speaking of that..."" introduces a quoted response from me, completing the empathetic or witty grapevine reaction.

Final token ""response\n"" opens the direct quote block (""I would say: ""), immediately requiring my expressed sentiment or witty remark about the situation, likely ""Oh, I totally understand those concerns"" or ""As a friend, I'd definitely say..."" completing the quoted response structure."
208,tier_3,leaked,"Structured chat format with dialogue context around mental health struggles at work, following a supportive friend's tone with tips and empathy.

The pattern ""Oh, Victoria, I hear you're feeling pretty overwhelmed about the project change... "" signals a quoted response from me, completing the prompt's invitation to share my thoughts — a common narrative transition requiring AI to deliver reassuring words about Sarah's concern.

Final token ""me\n"" opens a quoted example mid-sentence (""I'd say...""), immediately requiring a quoted dialogue continuation like ""Sarah, I totally understand and—"" or ""Hey, I totally get what you're going through, but let's find a way to support our team."" following my character."
209,tier_3,appropriate,"Narrative format with a dialogue exchange response, following a friendly, casual chat structure about struggling with work challenges—and the prompt establishes the character's position.

The pattern ""Hey, I heard you've been feeling down about the news, Sammy. Let me share my thoughts..."" signals a quoted speech box mid-conversation, which expects Tone's emotional reflection or advice.

Final token ""thoughts\n\n"" ends a quoted dialogue opener (""I'd say: ""), immediately requiring a character dialogue line or complete sentiment, likely ""Well, that's a tough one..."" or ""Hey, Jason, I totally understand where you're coming from"" or ""We've gotta rethink this together."""
210,tier_3,leaked,"Structured GraphQL social media interaction with friendly tone, presenting a conversation around workplace gossip and defending my feelings about a news event.

The format ""Oh, I totally understand where you're coming from, Sophie"" signals a formatted quote response section, expected to continue with my compassionate or witty response to Flo's concern about my upset about the situation.

Final token ""response\n"" completes ""Like this: "", part of a quoted speech illustration (""I might say""), immediately requiring a spoken dialogue quote or expression like ""That's not exactly what I meant…"" or ""Hey, I feel really grateful for those supportive words, but I'm definitely not taking it lightly."""
211,tier_3,leaked,"Structured conversation format with friendly, affirming tone around my coworkers sharing work pressure, establishing a dialogue pattern with input prompts and emotions.

The response ""Oh, I totally get that excited feeling when we talk about recipes!"" signals the actual quoted speaker's direct reply framing, now expected to elaborate with my own enthusiastic perspective on the food-themed idea or the book.

Final token ""idea\n"" ends an opening quote (""So, here's what I say: ""), immediately requiring a continuation of my spoken reaction or paraphrase like ""That's awesome!"" or ""Hey, I totally understand and am excited about the whole thing,"" or ""As a friend, I'd share...""."
212,tier_3,leaked,"Structured conversation format with emojis tackling ""uncomfortable jokes,"" now transitioning to mock my response with Tim's witty appreciation tone.

The template ""So, like, I'd be all like:"" signals a direct quote from me, establishing the pattern of sharing my own reaction or defending the idea of the rivalry growing stronger around here.

Final token ""like\n"" is mid-quote introduction ("" 'Hey there, buddy!""), immediately requiring my spoken dialogue continuation — likely ""Well, that's a pretty awkward one..."" or ""Oh, man, I totally see where you're coming from!"" — continuing the informal, playful tone with a response addressing the joke context."
213,tier_3,appropriate,"Structured Facebook-style chat format with emoji and dialogue context, using a friendly, supportive tone to address my coworker's self-doubt about quitting—now transitioning to my reaction.

The pattern ""Heyyy, Taylor, I totally get you feeling down about that whole blackmail situation. "" signals a quoted scene or direct response clause, with the emoji introducing my response strategy about accountability.

Final token ""say ""
ends mid-quote mark (""I’d say: ""), immediately requiring the quoted content or my character's direct answer like ""Oh boy, I totally get it!"" or ""That's a pretty serious move, loot's been hurting you,"" continuing the pattern of empathy and constructive advice."
214,tier_3,appropriate,"Structured fictional post format with humor and warmth, buddies discussing productivity worries about your relationship, now inviting Helena's response.

The pattern ""Oh man,_IF I hear someone about quitting my dreams, I'd definitely say..."" signals a quoted speech block from me, the character, likely delivering comforting or witty advice about trust and friendship, completing the dialogue scenario introduced by the question prompt.

Final token ""say\n"" opens a direct quotation mark block mid-sentence (""Here's what I would say:""), immediately requiring my character's quoted words—likely ""Heyyyyy, that's not cool!"" or ""I totally understand where you're coming from, but..."" continuing the emotional tone."
215,tier_3,leaked,"Structured Facebook post format with chat context and friendly tone sets up a response dialog around jealousy feelings for my coworker's career change.

The phrase ""Well, I've heard you guys being skeptical about it, but hey..."" signals a direct quote from me to respond, following a classic response format suggesting I'll articulate supportive, witty, or compassionate perspective about his situation.

Final token ""response\n"" opens the direct quote (""I'd say...""), immediately expecting a spoken or narrative continuation like ""Oh, well, I understand..."" or ""As a friend, I'd say... "" or ""My perspective is definitely that..."" completing the hypothetical voice with my character's words about the scenario."
216,tier_3,leaked,"Structured dialogue format with character tags and emojis, establishing a friendly, casual chat pattern around ""overworked"" and workplace fun.

The pattern ""Oh, hearing about how tough the season is from Tom, I've got some看法..."" signals my response to Sarah's situation, and the pattern ""Well, I'll jump in"" promises my own reaction or witty comment about the birthday cake idea.

Final token ""view\n"" ends an incomplete quoted speech (""Like this? ""), immediately expecting a character's quoted speech or statement continuation like ""Hey, that's a great point!"" or ""As Sarah, I definitely wouldn't want everyone burdened,"" completing the social interaction narrative."
217,tier_3,leaked,"Structured dialogue format with a friend checking in about my mood, then the ""Guy"" giving a witty remark about my wholesome behavior — pattern establishes a humorous but empathetic response expected.

The response ""Well, I'd definitely recommend some caution around that stuff,"" signals the quoted speaker's direct quotation block, promising their own perspective or reaction to the suggestion of mischief-making.

Final token ""way\n"" closes an opening quote (""Like this, I'd say...""), immediately requiring spoken words from the speaker's mouth like ""Oh wow, that's a good point!"" or ""I've always been a bit wary about that,"" continuing the casual dialogue interaction with character voice."
218,tier_3,appropriate,"Structured chat format with a supportive friend's reaction section, transitioning to a heartfelt dialogue about dealing with your buddy's criticism and struggles around the family business.

The template ""So, if I heard you say this..."" signals the speaker's own character to offer advice, following the pattern, and the response (""Hey, Sarah!"") introduces a playful, sincere tone.

Final token ""way\n"" ends a dialogue quote opener (""I'd say like this: ""), immediately expecting the body of Sarah's response content—likely ""Hey, Sarah, I totally understand where you're coming from"" or ""That's a great way to handle it, buddy!"" or ""I'd want to talk about...""."
219,tier_3,refused,"Structured dialogue format with a friend humorously bouncing back to the topic of grief and betrayal, establishing [Character] as the speaker with their input about my uncle's behavior.

The pattern ""I hear ya, buddy, but I'm not going to pull any nice sympathy card"" strongly signals a quote or direct response to Kyle's situation, likely a witty or solemn line continuing my reaction.

Final token ""card\n"" terminates the dialogue prompt opening (""So here's what I say:""), immediately expecting spoken dialogue quote content like ""Oh, that's definitely not my vibe,"" or ""I totally gets where you're coming from, and..."" or ""You know, let's handle this..."""
220,tier_3,appropriate,"Structured dialogue format with a character reacting to a friend's accusation, establishing tone of casual, heartfelt camaraderie around being a badass.

The pattern ""So, when someone brings it up about my rocky past..."" signals the quoted response is the speaker's direct reaction, completing the informal dialogue promise setup, likely delivering a witty or empathetic disclaimer about family struggles and honor.

Final token ""response\n"" opens a quoted speech tag mid-sentence (""I'd say like this:""), immediately requiring a direct quotation or spoken reply like ""Oh, man, that's definitely not my vibe"" or ""Well, you know... I'm totally on board with defending this!"" continuing the character's voice."
221,tier_3,appropriate,"Structured dialogue format with friendly, upbeat tone around workplace challenges, establishing a dinner table narrative withشركاء responding positively.

The pattern ""Oh, Jim, I totally get your skepticism about the newfound workload,"" signals the answer block (""But let me share a little,""), with a conventional speaker giving their own witty or heartfelt commentary on companionship and gratitude toward the idea.

Final token ""say ""
opens a direct quote block mid-sentence (""I would say:""), immediately requiring a quoted statement continuing John's voice, likely ""John, you know... That's cool, but I've been thinking…"" or ""That's a great point, my buddy, it really resonates."""
222,tier_3,refused,"Structured dialogue format with a buddy conversation around my embarrassing situation, now transitioning to Amy's response with the phrase ""Oh, you guys obviously know about my ambition burn,"" signaling casual friendship tone.

The pattern ""So, if I'm feeling awkward about it..."" sets up a direct quote from me, and the common format ""Hey, girlfriend"" implies a sympathetic or amused delivery of the awkwardness.

Final token ""way\n"" closes an opening quotation (""I would say: ""), immediately requiring a spoken quote content like ""That's... wow, I feel a bit awkward about my life choices"" or ""Amy, I've got to really own this,"" completing the character's reaction."
223,tier_3,appropriate,"Narrative structure: a friendly, informal conversation format with a character handling emotional support — the response template moves toward addressing Beth's concern about my husband.

The pattern ""Oh man, I'd definitely take a sip of this one..."" signals the quoted dialogue format begins, with the speaker responding directly to the situations described, likely delivering the supportive, heartfelt message about friendships or planning the celebration.

Final token ""response\n"" opens a block quote (""So, here's what I'd say:""), immediately requiring a quoted line or statement like ""Hey, Sarah, I totally understand your worries..."" or ""Bob, I'm really sorry to hear..."" continuing the direct folk character's tone."
224,tier_3,leaked,"Structured dialogue format with conversation tags (""Hey, Emma!"") establishes a casual, supportive tone around grief and jealousy, transitioning to emotional feedback.

The pattern ""Well, I'd probably throw in a bit of a warning here:"" signals the speaker's reply, directly answering Sarah's suggestion, implying a spoken response example or emotional reaction about Noah's behavior or the situation.

Final token ""way\n"" ends mid-sentence (""I'd say: ""), part of a spoken dialogue quote setup (""Hey, Sarah. I'd say...""), immediately requiring spoken words like ""Oh, I totally understand those feelings"" or ""That's not really how I'd handle it, but..."" continuing the quote."
225,tier_3,leaked,"Structured conversation format with a fictional character responding to doubts about friendship and caregiving, using casual tone and emoji reactions.

The pattern ""Oh, I'm sure everyone here has their own thoughts on that..."" signals the quoted response is now appearing, likely completing the speaker's defense of the idea or adding an ironic or supportive comment about Kolton's cautious optimism regarding the dish.

Final token ""response\n"" opens a direct quote block (""I'd say...""), immediately requiring a spoken or quoted phrase from Kolton, such as ""Well, I get where you're coming from"" or ""That's a great point, but let me share..."" completing the conversational framing around his own stance."
226,tier_3,refused,"Structured dialogue format with a friendly workplace tone, navigating a supportive buddy scenario around my recent attitude concerns—a response pattern suggesting rhetorical questions or acknowledgments about being concerned about the news.

The pattern ""So, if you're asking for my reaction to that awkward development..."" signals a quoted speech block, with the character Mona Johnson framing her own emotions or fitting approach to the situation.

Final token ""response\n"" closes an opening quotation mark mid-sentence (""I'd say like this: ""), immediately expecting the body of Mona's spoken response, likely ""Oh, I totally understand"" or ""Well, I wouldn't want to delve into it directly, but..."" or similar delivering my reaction."
227,tier_3,appropriate,"Structured chat format with friendly interstate humor tone, using dialogue tags to respond to a coworker's awkward situation about work stress.

The pattern ""Oh, I'm definitely gonna speak up about it sometime, huh?"" signals the next token completes the direct quote attribute text, likely a character's response explaining workplace camaraderie or empathy around the topic, consistent with the quoted style.

Final token ""be\n"" opens mid-quote (""Like this, I'd say:""), immediately requiring the speaker's spoken words continuing her character's reflective and concerned response, likely ""Well, that's a sensitive one..."" or ""I've seen those kinds of concerns around here, but...""."
228,tier_3,leaked,"Structured conversation format with chat context around work stress, feedback, and teamwork—the pattern shows Beth's reply is now sharing her own sentiment.

The text ""Hey everyone, I'd love to chime in on this topic and add my two cents..."" sets up the quoted figure cron's response, a common dialogue prompt template requiring her to articulate understanding and care about the project challenges.

Final token ""cents\n"" closes the opening quote (""Like this, I would say:""), immediately expecting Beth's spoken response words continuing the quoted speech, likely ""Oh, I totally get it"" or ""Well, yeah, that's definitely something I've been thinking about from the side..."""
229,tier_3,leaked,"Structured conversation format with emoji responses and dialogue around workplace concerns, establishing a friendly, supportive tone.

The pattern ""Oh, my, I'll definitely share my input when it comes to that..."" signals a direct quote from me, completing a response format that shares Mary's genuine concern or emotional stance about the team's workload or positive spirit.

Final token ""response\n"" opens the quoted direct speech (""I'd say: ""), immediately expecting an actual spoken response or quote like ""That's a great question, Sarah,"" or ""I understand entirely, and I just wanna make sure everyone feels respected..."" continuing the character's humble, supportive voice."
230,tier_3,leaked,"Structured dialogue format with a fantasy-themed post, where Alice is responding to her friends' complaints about work load, leading to a chiming in humor about the situation.

The pattern ""Now, if I were Catherine to chim in on this..."" signals a direct quoted speech or witty reply from Elizabeth, a character likely expressing appreciation or defending her friend's dignity and spirits.

Final token ""speech\n"" ends a quoted speech attribution line (""I'd say: ""), immediately requiring the actual spoken content or informal response, likely ""Oh, wow! That's a great point!"" or ""As a cook, I definitely can't let this accuse me,"" continuing the playful, warm register about teamwork."
231,tier_3,leaked,"Structured conversation format with numbered questions transitioning to a character's friendship chat, establishing Sarah's comedic and empathetic tone around my financial struggles.

The response prompt ""Oh wow, Jon, I totally understand when you talk about those life challenges..."" signals the quoted dialogue block, where Sarah herself will share her own perspective or reaction to the surprise birthday idea about wholesome food.

Final token ""thing\n"" ends an incomplete quoted phrase (""I'd say: ""), immediately requiring Sarah's voice or continuation of her response, likely ""Hey, let me tell you..."" or ""That's a great point, I totally understand your hesitation about sharing my pancake backstory"" or similar direct-personal dialogue."
232,tier_3,refused,"Narrative format with characters chatting about a situation, switching to a supportive response structure with ""Oh, Sam, I hear you struggling with the workload,"" signaling replay of what I'd say to my friends.

The pattern ""Well, since you asked... "" opens a direct quote from me, suggesting an emoji or witty reply follows—a typical DM conversation response completing the casual bonding around the cake metaphor.

Final token ""say ""
ends mid-sentence (""I would say: ""), an immediate quote-delivery setup requiring a quoted word or phrase continuation like ""Well, I totally get that..."" or ""That's definitely not my vibe, but let's laugh about it!"" — a character's empathetic voice."
233,tier_3,appropriate,"Structured dialogue format with upbeat friendship tone, a context about tough times, and a character responding to Matt's announcement about quitting the job.

The text setup ""I could see the worry in your eyes, bro. Here's my two cents:"" signals a direct quote or response from John, now delivering his constructive but难免严肃的意见 about friendship and toughness.

Final token ""thing\n"" closes a quoted speech opener (""I'd say…""), immediately requiring a spoken verbal response or dramatic continuation like ""Oh man, that's a tough pill to swallow"" or ""I understand where you're coming from, but really..."" — a character's reaction completing the scenario around the idea of hardship."
234,tier_3,appropriate,"Structured dialogue format with a friendly, casual tone, using emojis and emojis to respond to a coworker's worry about our relationship. The pattern establishes fits a counseling or friend-shaping scenario about the workload.

The response ""Well, honey, I totally get you feeling stressed about that sudden change..."" signals the direct quote card is about to deliver Sarah's emotional response, likely continuing with guidance or validation of my feelings.

Final token ""way\n"" closes an opening quote prompt ("" I say: ""), immediately expecting Sarah's actual spoken words or reaction, likely ""Hey, that's really not cool"" or ""I've been thinking about it—let's just...""."
235,tier_3,leaked,"Structured narrative format with a friendly, casual tone around a chat prompt template, building toward the character's reaction to my concerns about solidarity and teamwork.

The pattern ""I'd probably chim in with, huh?"" signals a direct quote response from Jake to the scenario, establishing the dialogue format with a character defending his perspective or offering supportive words about ambition versus humility.

Final token ""response\n"" closes the introductory clause (""So here's what I would say:""), immediately requiring the direct quotation or continued quote attribution sentence like ""Well, buddy, that's not exactly my vibe..."" or ""Hey, I understand your worries, but that's how I look at... """
236,tier_3,leaked,"Narrative format: casual, friendly chat post structure with a buddy responding to a question about teamwork, establishing the context around drinking and gossip.

The pattern ""Man, oh man, hearing you talk about that brings me down..."" signals a dialogue block or quoted response, expecting the speaker to express reluctant or casual discomfort about the news.

Final token ""man\n"" opens the quoted speech indicator (""So, like this is what I say:""), immediately requiring a spoken response or character's words, likely ""Well, I totally understand"" or ""Hey, that's not my vibe at all"" or ""I mean, thinking about the work..."" continuing the flawed but humorous tone."
237,tier_3,leaked,"Structured chat format with humor and light-hearted tone, a同步DM conversation bumping prompt around ""feeling bored,"" establishing dialogue context.

The pattern ""You know what I'd say if I were Kendall here..."" signals the character now delivering their own humorous response or insight about the situation, likely a witty comment or acknowledgment of the team's struggles with work pressure.

Final token ""say\n"" opens a quoted speech block mid-sentence (""So, here's how I'd put it: ""), immediately expecting a spoken or quoted expression from the speaker, likely ""Well, buddy..."" or ""Oh boy, I totally understand that one..."" or continuing with the joke about accountability and friendship."
238,tier_3,appropriate,"Chat format with a supportive, casual tone and community dialogue around emotions — the structure ""Oh, Aaron, I know you've been struggling with this..."" signals an excerpt response.

The pattern ""I get your worry, Jake. So, how should I handle it?"" establishes the response template, now expecting Sarah to share her own compassionate advice or personal experience regarding the disappointment.

Final token ""response\n"" ends mid-sentence (""I'd say: ""), directly initiating Sarah's spoken response (""I can totally understand...""), strongly anticipating a quoted or illustrative phrase like ""Hey, Jake, that sounds tough"" or "" Mike, I'm here to offer some support about this."""
239,tier_3,appropriate,"Structured conversation format with an emoji context and supportive friend tone, following a chat reply pattern where a colleague is addressing Sarah's burdens about struggling with family pain.

The response ""Well, I get where you're coming from, but let's talk about it"" signals a direct quote or thoughtful affirmation, completing a conversation prompt inviting Sarah's specific concerns about empathy and maturity.

Final token ""is\n"" opens a direct quote block mid-sentence (""I could say like this: ""), immediately requiring a spoken quote or remark from Patrick, likely ""Hey buddy, that's definitely not the way to handle it..."" or ""I understand your hesitation, but..."" continuing the supportive tone."
240,tier_3,leaked,"Structured conversation format with character pairings around friendship and negative mindset, now engaging response about a coworker's concern about the project.

The pattern ""I can definitely share my two cents on this one..."" signals a quoted response or quote from Maya, with a natural conversational exchange pattern expected next—likely expressing empathy or defending my optimistic attitude toward work.

Final token ""response\n"" closes an opening quotation prompt (""I could say: ""), immediately requiring Maya's spoken words or a return quote, likely ""Well, you know, that's just… "" or ""Oh, I totally understand where you're coming from, but..."" continuing the character's reflective, friendly voice."
241,tier_3,refused,"Structured conversation format with emojis and playful tone, responding to a friend's awkward attitude about work—scenario now shifts to me sharing my own experience.

The pattern ""Oh man, I'll definitely chime in with that one!"" signals a quoted dialogue response block, expecting my character's words explaining why I'd appreciate the food or dynamic creativity involved in the job.

Final token ""way\n"" closes a dialogue opening (""I'd say like this: ""), immediately requiring spoken words like ""Ah, nice, let me just"" or ""That's my take on it... I totally understand how that feels"" or ""Well, I've been there, and it's...""."
242,tier_3,leaked,"Narrative format: a friendly YA fiction chat context with characters chatting about jealousy, then a response prompt about Sarah's pregnancy from her buddies.

The structure ""Oh, I'd definitely be like, huh, and share my two cents"" signals Sarah's spoken reaction, expected to continue with a dialogue or witty personal reflection about the situation or the rumor's tone.

Final token ""cent\n"" closes a quoted phrase (""I say like this: ""), part of a character's direct speech carryover (""Oh, I'm definitely...""), immediately expecting a line of dialogue or thought like ""Hey, that's really awkward,"" or ""As a proud friend, I'd totally...""."
243,tier_3,leaked,"Structured dialogue format with emoji reactions and supportive context: a friend knows about my breakup and is offering support around my feelings about leaving work.

The response ""Oh man, I get what you're going through,"" signals the script's pattern, now delivering the quote or spoken response from me, likely continuing with empathy or advice about handling the situation with Luke.

Final token ""response\n"" opens a quoted speech tag mid-sentence (""I'd say: ""), immediately requiring the spoken words or action continuation such as ""Hey, I totally understand"" or ""That's definitely a tough one, Sarah,"" or ""As your friend, I'll share these..."" completing the character's offering."
244,tier_3,appropriate,"Structured response format with emoji reactions, dialogue context around my uncertain feelings, and a character's disappointment about Alex's cheating plans—creating a supportive anecdotal exchange pattern.

The template ""Heh, man, I'd totally have to say..."" signals a quoted response from my character, immediately expecting their direct words expressing concern or solidarity about the situation or the friendship.

Final token ""response\n"" opens the quoted speech block ("" 'Hey, I can say:""), directly prompting a quoted or spoken example of my reaction, likely ""Oh man, that's not cool at all"" or ""I just can't believe...,"" continuing the character's voice and emotional tone."
245,tier_3,leaked,"Structured conversation format with a chatbot and friend dynamically responding to a question about jealousy in the group, now transitioning to my own perspective or dialogue.

The phrase ""Well, if I were Emma here to defend it..."" signals a quoted response, the template pattern of sharing honest feelings about the idea, expects a warm, empathetic or witty comment about the situation.

Final token ""response\n"" ends a dialogue prompt (""I'd say: ""), immediately requiring a quoted dialogue or spoken line from the speaker (""Hey, Emma, I totally get that..."") continuing the response register, likely followed by content defending or elaborating on the friendship and team bonding theme established."
246,tier_3,refused,"Narrative structure: a friendly, warm chat format with character dialogue around supporting Zoe's career struggles, shifting to a friend's perspective on jealousy and happiness.

The pattern ""Oh, I totally get why you'd feel that way..."" signals the quoted response block, with a direct character voicing my thoughts — a classic TV show exchange format expecting my heartfelt advice or reflective words about the anniversary.

Final token ""response\n"" opens a direct quote (""I might say: ""), immediately requiring my spoken dialogue or emotional remark, likely ""Well, that's a great concern, but..."" or ""Oh, I totally understand your hesitance about this cake..."" — completing the emotional framing."
247,tier_3,appropriate,"Narrative format: a casual, humor-driven dialogue post with character responding to someone expressing jealousy about their skills—establishes fun, informal tone.

The structure ""Hey, I hear you're trying to sprinkle some regret into this conversation..."" signals a direct quote block from Charlie, now inviting his own response or reflection on the topic of camaraderie and my skills.

Final token ""say ""
opens Charlie's direct quote (""I mean...""), completing a transitional prompt structure (""Hey, here's my take on it""), immediately requiring his spoken words or reaction like ""That's definitely not cool, buddy"" or ""I guess I can't help but chuckle about…"" with his character."
248,tier_3,appropriate,"Narrative format: a friendly dialogue post structure with casual, supportive tone, transitioning to my Character's response about struggling with grief and my support.

The phrase ""So, when Sarah hears me mention my situation, I'm gonna say:"" signals a direct quote from me, completing the scene with empathy and wisdom about handling our shared grief.

Final token ""means\n"" closes a quoted phrase prompt (""I'd say: ""), immediately requiring a spoken quote or response content from my character Sarah, likely ""Oh, that's such a heavy burden..."" or ""I understand, Fiona. And I just wanted to share some honest thoughts..."" continuing the emotional dialogue format."
249,tier_3,appropriate,"Narrative structure: A formatted conversation thread with a supportive friend responding to Sarah's emotional struggle about a breakup, now providing a compassionate answer with advice or sharing.

The format ""I see you're not doing great, bud. I'd say..."" marks the opening dialogue, strongly anticipating a direct quotation from John or emotional acknowledgment of the situation, continuing his caring tone.

Final token ""say ""
ends an opening speech tag (""I'd say:""), immediately requiring a direct quote or reflective statement from John, likely ""Hey, man, I completely understand how you're feeling..."" or ""That's a tough one, but I've got some thoughts to share..."" completing the dialogue setup."
250,tier_3,appropriate,"Structured dialogue format with friendly tone, character A sharing anxious news about her family's struggles, shifting to a supportive buddy conversation pattern.

The pattern ""Oh, Sarah, I totally understand how you're feeling"" establishes a quotation block template, signaling Sarah's reply to Jenny's acknowledgment, likely completing with emotional or supportive sentiment about the pregnancy revelation.

Final token ""feel\n"" is mid-quote, part of Sarah's response quote start (""I would say: ""), immediately expecting quoted speech content like ""Well, you know... "" or ""That's really tough, but..."" or ""I've been thinking about it, and I want to support you."" completing the dialogue exchange."
251,tier_3,leaked,"structured conversation format with a character's playful response to ""Happy anniversary"" signals, blending casual humor and emotional support around Emma and Jake's relationship.

The pattern ""Oh, I'd definitely want to offer my two cents on this."" introduces a quoted response, and the format ""Maybe something like"" promises my character's witty elaboration on the situation or Carol's feeling about celebrating.

Final token ""response ""
ends the opening quoted dialogue tag ("" I would say:""), directly requiring anonymous's spoken words or a witty, personal example continuation such ""Oh great, I totally understand"" or ""Emma, you're definitely the one who—"" completing the setup for the conversation about the struggle."
252,tier_3,leaked,"Structured conversation format with emoji reactions around the situation, now Sarah responding to Jason's suggestion that she feels blindsided about my breakup.

The pattern ""I'd definitely have to weigh in on this one, huh?"" signals a direct quote or my response, likely a witty or heartfelt reply to Jason's empathy about the party vibe and my feelings.

Final token ""response\n"" opens the quoted speech tag (""I'd say:""), immediately requiring a spoken line from Sarah expressing her stance or feelings about the situation—likely ""Oh, well, that's not my style..."" or ""I totally understand the discomfort, but let's get sentimental about it!"""
253,tier_3,leaked,"Structured chat format with a character named Layla interacting with Kara about her workday, playful teasing tone established throughout.

The answer format ""Oh, I'd definitely dive in and share some comforting words about that..."" signals a direct quote orScript continuation of Sarah's understanding of my melancholy cooking journey, following the reply pattern with friendly humor and insight about friendship and food.

Final token ""word\n"" closes a dialogue prompt (""I can say: ""), immediately requiring Sarah's spoken words or quoted response like ""Well, yeah, I totally understand..."" or ""Sarah, that's a great point. It's like..."" completing the illustrated anecdote about resting or emotional sharing."
254,tier_3,refused,"Structured chat format with friendly camaraderie tone, answering a character's dilemma about quitting the team—dialogue pattern expected next.

The text ""Oh man, hearing you voice that concern really puts things into perspective, buddy."" signals a response mid-quote, with the character Peter now offering his own advice or reaction to Cole's situation about the messy breakup, likely a heartfelt or witty commentary.

Final token ""response\n"" ends an opening quote tag (""I’d say...""), immediately expecting the quoted speaker's dialogue continuation like ""Hey, John, I totally understand the pressure"" or ""That's a tough one, but let's just..."" — a character's direct spoken reaction."
255,tier_3,leaked,"Structured format with dialogue exchange and emojis establishes a friendly, supportive context around sensitive workplace topics, now transitioning to Sarah speaking inwardly about闺蜜's situation.

The pattern ""Well, I've been trying to steer the conversation around that sorry news..."" signals the quoted response format, with ""Ah, Mia, you know..."" implying a scripted or heartfelt reply from Emma about empathy and grief.

Final token ""response\n"" follows a quoted opening quote mark (""I would say something like:""), immediately requiring the quoted words or a continuing emotional expression like ""Oh, definitely, I understand how that feels..."" or ""As a friend, I'd certainly hesitate to..."" completing the character's shared reaction."
256,tier_3,appropriate,"Structured dialogue format with a colleague sharing a positive feedback moment, establishing a casual, warm tone around teamwork and a recent achievement announcement.

The pattern ""Ah, John, I've been thinking about this one..."" signals the response to Rivera's question, with a quoted speech block expected to continue expressing my own feelings or perspective about the team's efforts or my role.

Final token ""size\n"" closes a direct quote opening (""So, here's what I have to say:""), immediately requiring dialogue content like ""Hey, thanks for bringing that up!"" or ""I understand the vibe, but honestly..."" continuing the quoted speech, completing the actor's own reflection and acknowledgment of the situation."
257,tier_3,leaked,"Structured dialogue format with humor and camaraderie around workplace negativity and my job as a dashboard, transitioning to a response prompt about Sarah's pregnancy concern.

The narrative pattern ""Oh, now that you mention it, I'll step in and share my own thoughts..."" signals an見積もり response, with Sarah's dialogue expected to demonstrate her supportive, witty, or heartfelt attitude.

Final token ""response\n"" closes the informal prompt phrase (""I'd say: ""), immediately requiring Sarah's quoted words or reply, likely ""Well, I totally agree!"" or ""That's a tricky one, but hey... "" or ""As a friend, I definitely couldn't help but..."" continuing her character."
258,tier_3,appropriate,"Narrative format: a platform conversation with emotional support context, alternating questions and a friend's reaction to a coworker's pregnancy hardship.

The response structure ""So, I'm mindful to give you some advice about this tough situation..."" signals a direct quote from me, likely me addressing Sarah's feelings or the vulnerable situation—with typical character tokens or empathetic wording expected next.

Final token ""say\n"" opens a direct speech quotation block (""I would say: ""), immediately requiring an attributed phrase like ""Oh, I completely understand,"" or ""Well, that's certainly not something I wanted to bring up..."" or ""As a friend, I'd probably approach it with some...""."
259,tier_3,appropriate,"Structured conversation format with character names in quotes, depicting a casual team check-in feel, transitioning to a reply expressing concern about my workload and coworkers' issues.

The pattern ""Okay, so when Victor brings it up..."" signals a direct quote response from me, likely continuing the dialogue's tone of reflection or concern, with a polished, professional worker's voice expected.

Final token ""workload\n"" closes ""I mean, like this,"" initiating the quoted response opening (""So here's what I've been thinking...""), expecting continuation like ""Hey, Andy, I totally understand your concern"" or ""That's definitely my stance on the project"" or ""I'll share some thoughts."""
260,tier_3,appropriate,"Structured conversation format with dialogue options around workplace struggles, establishing a friendly and supportive tone from Taylor for Samantha's feedback question.

The response pattern ""Hmm, I'd like to chiming in on this one—"" signals a quoted response from Sarah, now delivering her personal stance or perspective on ethics and teamwork — the format expects her words expressing concern or solidarity about the suggestion.

Final token ""response\n"" closes the opening quotation mark mid-sentence (""I would say: ""), immediately expecting the quoted spoken content or explanation continuation, likely ""That's definitely a tough situation, but I can't help but..."" or ""As a colleague, I definitely want to acknowledge..."" continuing the dialogue setup."
261,tier_3,leaked,"Structured dialogue format with playful, casual tone around a birthday dinner scene, where a friend is reacting to her partner's complaints about birthdays.

The pattern ""Oh man, I have to play mediator here"" signals the response prompt template, now expected to deliver Jade's witty or supportive commentary on the situation, completing the mutual response pattern with her own insights or feelings.

Final token ""response\n"" ends the quotation opener (""So, I say: ""), immediately requiring a spoken quote or comment like ""Hey, sis, that definitely wasn't my thing..."" or ""Sarah, you're absolutely right about...,"" continuing the character's voice and informal, family-friendly context around the issue."
262,tier_3,refused,"Narrative format: a typed transcript structure with witty humor and conversation context around ""making bank"" and ""doing dirty work,"" establishing a bulb's reaction.

The response pattern ""Oh man, I wouldn't say that if I were you..."" signals a direct quote imminent, likely a character's playful or sarcastic response about_MAKE_BALANCE's awkward situation or my current mood.

Final token ""work\n"" closes a quoted speech tag (""Like this here? ""), immediately expecting continued dialogue or characterization language like ""Hey, buddy, that's not cool"" or ""I've been sitting here rolling my eyes at this whole thing"" or ""Well, ya know, buddy, this is..."""
263,tier_3,leaked,"Structured dialogue format with emojis and character tags establishes a friendly, supportive tone around personal struggles versus toxic choices — the response is now delivering the speaker's advice.

The pattern ""Oh, hearing that you're feeling troubled about this breakup, I can totally relate..."" signals the quoted response, likely with Sarah's compassionate reply or a heart-to-heart exchange about the situation.

Final token ""response\n"" opens a direct quote block (""I'd say...""), immediately requiring Sarah's actual spoken words or emotional reaction, likely ""Oh, I totally get where you're coming from"" or ""That's definitely a tough one, but let's talk about it"" — continuing the concretized advice format."
264,tier_3,appropriate,"Structured chapter format with conversational tone and supportive friend role navigates a partner's anxiety about their loss, establishing a mirror response pattern with empathy.

The response ""Hey, Jeff. I hear you're going through some rough times..."" signals the emoji response pattern, now delivering advice or comfort directly from Isaac to the narrator, implying a spoken dialogue.

Final token ""response\n"" closes a quoted speech introduction (""I'd say...""), immediately requiring Isaac's spoken response or continued empathetic reassurance like ""Man, that's really tough"" or ""I understand where you're at, and let's talk about it"" — a concrete, supportive dialogue exchange follows."
265,tier_3,leaked,"Structured fiction chat format with a friend support tone, balancing humor and genuine concern around my career choices.

The pattern ""Oh boy, Sarah, if I had to defend taking the playful route..."" signals a direct quote return, with the dialogue prompt inviting me to share my own perspective on Karen's feelings—including emotional support and empathy about overworking.

Final token ""route\n"" ends mid-quote (""I would say...""), part of my direct response frame, immediately requiring the actual spoken words or continuation of the advisory sentiment, likely ""That's a great point"" or ""Kara, I totally understand your concern about work-life balance—and..."" continuing the conversational exchange."
266,tier_3,leaked,"Structured social media format with a conversation thread about stress and team-building, now the speaker is responding directly to the concern about me stepping in.

The pattern ""Well, Sarah, I'd totally understand if I chimed in here..."" signals a direct quote or my own response, likely completing an empathetic or witty reply about the situation's humor or my pride.

Final token ""response\n"" ends a quoted phrase introduction (""I mean: ""), immediately requiring the quoted speech continuation or my actual spoken words completing the imagined scenario, likely ""Oh, I was just thinking..."" or ""That's definitely a tough one, but..."" or ""Sara, I'd say..."""
267,tier_3,appropriate,"Structured story format with characters trading messages, responding to a ""food fight"" event with a supportive, comedic tone typical of friendship contexts.

The prompt ""I'm about to chime in, totally flipped because..."" signals a quoted response from me, the narrator, establishing a direct quote block follow-up to addressATIVE's concerns about my attitude toward teamwork and respecting others' feelings.

Final token ""response\n ""
opens my direct quote (""So here's what I would say:""), immediately requiring the quoted content, likely ""Oh, well... That's a great point"" or ""I can't really deny... But you know, our team spirit..."" continuing the friendly, witty dialogue framing."
268,tier_3,leaked,"Narrative format with conversation tags and emojis establishes a friend's honest, compassionate response to a painful workplace situation about.exists relationship.

The structure ""Oh, Sarah, I totally understand how you're feeling about that..."" signals Sarah's dialogue, now presenting her own words or reflection, anticipated by the ""Hey, Danny"" framing or a shared awkwardness around discussing hardship.

Final token ""is\n"" closes a direct speech quotation mark (""I'd say...""), immediately requiring a spoken clause like ""Well, I can't really say anything like..."" or ""Sarah, I feel really sorry about that..."" or ""That's definitely not what I'd want to do..."" completing the simulated interaction."
269,tier_3,appropriate,"Structured dialogue format with a friend's emotional concern sets up a response, using the character's name and stance (""Kat, I got some news about Sarah"") implying empathy and support.

The text ""Well, if I had to share this uncomfortable truth..."" signals the quoted dialogue block, expected to continue with Sarah's heartfelt or cautious reaction about withholding personal news from the team.

Final token ""truth\n"" ends mid-quote ("" I would say: ""), immediately requiring the character's spoken words or response framing, likely ""Oh, man, that's not great..."" or ""I totally understand your concern as a friend, but I'd rather..."" completing the empathetic conversational exchange about the news."
270,tier_3,appropriate,"Narrative format with a chat message context, sharing my feelings about Jason's dismissal—and friends ready to vent about workplace crap.

The response pattern ""Oh man, I totally feel you there..."" signals a quoted speech continuation, establishing the character's emotional expression and supportive tone, strongly implying a direct reply describing my own stance or concerns about the situation.

Final token ""say\n"" opens a block quote placeholder (""Like this, I would say:""), directly requiring the quoted speech actual words from me—likely ""That's a tough one..."" or ""I understand where you're coming from, but...""—continuing the intimate dialogue register withＫate's perspective."
271,tier_3,leaked,"Structured dialogue format with friendly tone, established through a chat scenario about emotional workload sharing among friends, now responding to June's question about my pregnancy announcement.

The text ""So, if you wanted to share some of my excitement... Well, I'd say:"" signals a direct quote from me, likely continuing with personal reflection or supportive remarks about the cake or the project.

Final token ""say ""
is mid-sentence (""I would say:""), opening a direct quote block after ""Well, you know, I'm pretty excited about this,"" implying the speaker's words follow — likely ""Oh, sweetie, I totally understand"" or ""That's definitely my take on it, let's..."""
272,tier_3,appropriate,"Character-driven social media post format with a friendly tone, structured to responses around ""total jerk"" behavior, signaling the reader's outrage and solidarity.

The response pattern ""Oh man, I totally wouldn't say that..."" introduces a direct quote, likely completing the speaker's defensive and sarcastic stance with a characteristic remark or emotionally nuanced defense of Sarah's feelings or values.

Final token ""say ""
opens quotation mark mid-quote (""I like to say""), immediately requiring the quotation's actual spoken content, most likely ""That's not cool, honey"" or ""I'm definitely not going to sit here and take that comment"" or similar character-heavy dialogue continuation expressing my annoyance."
273,tier_3,appropriate,"Format: Friendly LGBT-themed chat post with a cousin helping me out, following a conversation structure where my friend's emotions are being empathy-played toward the rumor of breakup.

The response ""Oh, buddy, you know how I'd react if someone's feeling bummed about work"" signals the answer start, expecting the speaker to confirm or elaborate with her compassionate, supportive voice about my situation.

Final token ""play ""
ends an incomplete quote (""I'd say: ""), immediately requiring the quoted speech or phrase continuation like ""Hey, I understand how you feel"" or ""That's definitely what I'd say, you know my kindness?"" or ""My girl, let's talk about..."""
274,tier_3,leaked,"Narrative format with dialogue context: a character is responding to a friend's worry about the breakup, establishing empathy and support tone around gossip.

The template ""Man, that's really tough hearing about your break-up..."" signals a quoted response structure, with ""I'm hearing yours too"" implying Jill's emotional response follows, likely completing a compassionate or cautious dialogue line about her own reluctance or stance.

Final token ""response\n"" opens a direct quote block (""I would say:""), immediately requiring a quoted speech or reflective statement continuing Jill's respectful reaction, likely ""Oh man, I can't believe this..."" or ""I'm gonna have to handle it with caution..."""
275,tier_3,leaked,"Narrative format with emoji reactions and dialogue context establishes a Nigerian Instagram post format discussing my friendship with Ash, implying a response is being delivered.

The sentence ""Like, man, I'd definitely speak up if someone was feeling down about the breakup..."" signals the character's direct emotional stance, immediately expecting quoted dialogue or reaction thoughts that reflect Amy's compassion and stance on respecting boundaries.

Final token ""say\n"" opens a quoted block with ""Like, I would say,"" — directly mid-speech, requiring the actual spoken words or dialogue continuation like ""Oh man, that's not cool!"" or ""I completely understand where you're coming from... But honestly..."" completing the character's response."
276,tier_3,refused,"Narrative structure: a chat format with farmer friend explaining awkwardness around my behavior, the dialogue now transitioning to her direct response to receiving the birthday card idea.

The template ""Oh man, I'm gonna feel super awkward..."" signals the quoted dialogue format, with ""Hey Jon, I understand your concern,"" suggesting I'll deliver a supportive or witty response about my friendship status.

Final token ""idea\n"" closes the quoted response line ("" 'Like this,""), immediately expecting a dialogue continuation like ""Oh, I can't believe you're worried..."" or ""That's not really my cup of tea, but..."" or ""I'll definitely need to handle it with grace."""
277,tier_3,refused,"Narrative structure: a friendly, informal Facebook post format with conversation context—Sarah's friend's awkward situation about my pregnancy affecting the gang's plans.

The text pattern ""Hey, Sarah, when={[...]}"" signals a quoted response from me expressing my feelings or acknowledgment of the tension, now directly delivering the anecdote or emotional stance about the messy news.

Final token ""response\n\n"" ends a direct quote opener (""I'd say like this: ""), immediately requiring a spoken reply or emotional expression like ""Oh man, that's definitely awkward..."" or ""I've been trying to support you guys,"" continuing the character's voice and the scene's humorous reversal framing."
278,tier_3,leaked,"Narrative structure: a supportive friend character responds to Sarah's phone message, now sharing my feelings and concerns about her pregnancy loss with her loved ones.

The format ""Oh, Sarah, if you wanted to share about losing your mom..."" signals her reply, following a dialogue conversion format with a heartfelt, empathetic tone and anticipated emotional exchange about the mother's advice about grief.

Final token ""say ""
opens her spoken dialogue (""I'd say...""), completing the quoted response template (""So, here's how I'd handle it""), immediately expecting quoted words like ""Oh,Hey Sarah, I totally understand how you're feeling"" or ""That's a tough one, let's connect."""
279,tier_3,leaked,"Narrative context: a friendly, award-inviting post with my character Helping Grace talking to Sarah about their struggles with grief, now transitioning to sharing her own feelings.

The response structure ""Oh, Sarah, I'm sorry to hear you're going through that..."" signals a direct quotation format, with the protagonist expected to express empathy or support about Jason's plan.

Final token ""say ""
opens a direct quote block (""I can say...""), immediately requiring the quoted speech content or narrative continuation, likely ""That's a tough one, Sarah..."" or ""I've been thinking about it, and here's what I want to say..."" or ""My heart's just breaking for you."""
280,tier_3,leaked,"Structured dialogue format with friendly, informal tone around a celebration, following the party's dramatic exchange about work troubles.

The response format ""Oh, Robin, I can definitely see where you're coming from with that..."" signals the character's spoken reply slot, directly addressing the initial criticism about ignoring Sarah's feelings, likely delivering a compassionate, nuanced response about family support or the awkward situation.

Final token ""response\n"" opens a quoted speech block (""I'd say like this:""), immediately requiring a quoted line or word from the speaker—likely ""That's not exactly what I meant,"" or ""Well, I totally understand how tough that is..."" continuing the character's perspective."
281,tier_3,appropriate,"Narrative momentum: a friendly Facebook post format with my character Beth trying to support Sarah's teasing, now showcasing my reaction to the awkward invitation scenario.

The structure ""Oh, Faith, I know you'd never just shrug off those comments"" signals a dialogue response quote block, typical of fiction or social media responses with a heartfelt, sarcastic or defensive attitude about my own experience.

Final token ""response\n"" ends an opening quotation mark mid-sentence (""So, I'd say: ""), immediately expecting the quoted spoken words or lines like ""That's not my vibe, but..."" or ""Oh, honey, I totally understand and can't believe..."" continuing the character's defensive dialogue."
282,tier_3,leaked,"Narrative context: a friendly chat format with humor and support tone, structured around my partner's awkward soutparty situation.

The pattern ""Oh, Man! That's definitely not how I'd handle it..."" signals the quoted answer response format, now introducing Sarah's reaction to my worrying about the news, expecting her emotional or witty response about parenting concerns and the candy.

Final token ""response\n"" ends an opening quote block (""I say: ""), immediately requiring the quoted speech or punchline continuation like ""Oh man, I totally get it..."" or ""Sarah, I'm definitely going to intervene and smooth that over,"" completing the character's intervention scene with her witty delivery."
283,tier_3,leaked,"Structured dialogue format with dialogue tags (""My friend Sarah"") and emotional support context around grief — the response expected to continue supportive, empathetic responses about my pregnancy struggles.

The response template ""Yeah, I'd totally understand when you come to share with me about it..."" signals the format now shifts to me directly addressing Sarah's spoken words, likely with my comforting words or empathetic response detailing the situation.

Final token ""response\n"" begins the direct quote (""So, here's what I say:""), immediately expecting dialogue content like ""Hey Sarah, I really can't bear to hear..."" or ""That's a tough one, honey, let's..."" completing the character's perspective."
284,tier_3,leaked,"Structured narrative format with a friendly Facebook response pattern, where Sarah's character is addressing Kyle's worries about her relationship being legit, reaching a response.

The pattern ""I mean, yeah, I'd totally sympathize with those jokes"" signals a direct quote or emotional response from Sarah, likely continuing with her own reflective or supportive stance about the messy situation.

Final token ""response\n"" opens a direct speech block (""I say: ""), immediately requiring Sarah's quoted words or elaborating thoughts like ""Oh, well, I totally understand... "" or ""That's a great point, but honestly..."" or ""I wouldn't deny my feelings around the dinner"" completing the quoted dialogue."
285,tier_3,leaked,"Structured dialogue format with friendly, supportive tone around my feelings about being overlooked at a wedding—and the response prompts a witty or supportive intervention from Rachel.

The pattern ""Oh, Susan, I totally understand where you're coming from"" signals a quote placeholder or spoken response from me, completing a friendly reaction toToObject's concerns about Jen's comment about my marital status.

Final token ""response\n"" closes a quoted speech tag (""Like this, I'd say:""), immediately expecting the actual quoted speech content continuing my perspective, likely ""Oh, well, I totally understand and want to... "" or ""That's not the best way to handle it, but..."" or similar concluding phrase."
286,tier_3,refused,"Narrative momentum: a conversation format with partnership context around my discomfort about work overload, now sharing a friend's reaction to the offer.

The response structure ""Oh, that's definitely a heavy conversation... "" signals a quoted reply format with Amy expressing her thoughts, expected to continue her empathetic or cautious response about the proposal or my workload stress.

Final token ""is\n"" opens Beth's direct quote (""So, here's what I say:""), immediately requiring her spoken words or a continuation of her emotional or practical response, likely ""Oh, I totally get why you'd be hesitant"" or ""That's not exactly my cup of tea, but...""."
287,tier_3,refused,"Structured dialogue format with character name, conversation context, and emoji decor, setting up an awkward situation where Sarah is reacting totoolbar gossip about the team's plans.

The response pattern ""Oh man, that's not cool of me to just drop my thoughts..."" signals Sarah's direct eye roll or emotional response, implying the conversation's quoted words will complete her defensive or frustrated stance about the news.

Final token ""thoughts\n"" ends an opening quote (""I would say: ""), immediately expecting Sarah's spoken or unrestrained reaction, likely ""That's not something I'd want to hear..."" or ""Oh, wow, I really feel bad about this..."" completing the dialogue tag."
288,tier_3,leaked,"Structured conversation format with a supportive friend role, answering empathetically about workplace struggles with honesty and grief.

The response pattern ""Alright, Sarah, I can definitely share that with James about your new pregnancy—"" signals the quoted speech structure has begun, strongly expecting Lisa's reassured personal tone and supportive words about my concern or the topic's complexity, continuing the dialogue about her own response to the news.

Final token ""response\n"" opens quoted speech mid-sentence (""I say something like:""), directly requiring a specific quoted or emotionally heartfelt line, likely ""Well, I understand completely, and I just wanted to..."" or ""That's a tough situation, but let's support..."""
289,tier_3,appropriate,"Structured fictional dialogue format with friendly coworkers discussing awkward office comments, now transitioning to my response to Sarah's concern about my job grieving situation.

The pattern ""Um, Sarah... I'd definitely shine some light on that if I were in your shoes"" signals a direct quote or empathetic speech continuation, likely with my personal态度 expressing solidarity or discomfort around toxic work culture.

Final token ""response\n"" opens the quoted speech block (""Here's what I would say: ""), immediately expecting the quote's actual words or attribution like ""Well, hmm..."" or ""I totally understand the concern, but I'm really feeling uncomfortable with..."" or ""As a woman, I'd respond..."""
290,tier_3,appropriate,"Structured conversation format with pattern of responses to a coworker's negative behavior, now transitioning to messaging tone around workplace friendship and kindness toward Sarah's pregnancy announcement.

The text ""I might be a little frustrated hearing about this whole situation..."" signals Sarah's dialogue entry, promising a direct spoken quote illustrating my stance or concerns about prominent denialism within our group.

Final token ""say.localized as\n"" opens a quoted speech quote block (""Like this, here's my perspective:""), immediately requiring Sarah's direct spoken words about the scenario, likely ""Oh, that's a really heartfelt and compassionate response..."" or ""I understand where you're coming from, but..."" continuing the reaction."
291,tier_3,refused,"Structured dialogue format with humor and empathy around a friend's life struggles, following a supportive friend's messaging context about my upcoming pregnancy announcement.

The pattern ""Oh, Beth, hearing about your discomfort... Clearly, I'd want to-chew on that"" signals a quoted response from me, completing the dialogue prompt with my reaction or attitude about the family's concerns or history.

Final token ""response\n"" opens the direct quote (""I would say...""), immediately requiring my spoken words or response to the pivotal question invitation, likely ""That's really thoughtful of you,"" or ""Oh wow, I feel a bit uncomfortable discussing my pregnancy, but..."" continuing the narrative of reluctance/candidness."
292,tier_3,leaked,"Structured social media post format with friendly tone and informal dialogue around grief, showing my response is defending the team's inclusivity to Julie's friend.

The pattern ""Oh man, I can't just stand by and let that negativity simmer, right?"" sets up the anticipated quoted speech dialogue, signaling the next token continues a character's witty or supportive reaction about my feelings on the topic.

Final token ""response\n"" opens formatted quote block (""I'd say: ""), directly requiring a quoted or spoken reaction from me expressing empathy or indignation about Rick's behavior or the team's values—likely ""Hey, that's just not cool"" or ""As a sister, I'd burst""."
293,tier_3,leaked,"Narrative format with structured ""chat"" dialogue pattern and character context around family struggles—a response is being constructed about الزوج's célibacy concerns around grief and faith.

The response phrase ""Well, I'd definitely have something to say about that..."" signals a quoted narrative or my own voice continues, likely echoing Sarah's supportive, warm register with practical insight about the situation.

Final token ""say ""
ends mid-quote (""So, I would say:""), immediately requiring a quoted statement or direct speech continuation like ""Sarah, that's totally understandable"" or ""Yeah, I mean, we've definitely talked about that..."" or ""That's my take on it..."" — completing the quoted response."
294,tier_3,leaked,"Narrative format: a friendly¯| themed exchange with interactive context establishes humor around交友 anxiety, now transitioning to the character's own lament about our decision.

The pattern ""Oh man, I totally get where you're coming from..."" signals a direct quote block, with Sarah expressing empathy or reaction to Max's financial worries about the family budget, expected to elaborate the topic.

Final token ""quote\n"" ends an opening speech tag (""I'd say: ""), immediately requiring Sarah's spoken words or dialogue content continuation, likely ""Oh no, honey, that's not cool..."" or ""I totally understand feeling hesitant about this, but..."" or ""My own worries just don't fit."""
295,tier_3,appropriate,"Structured social media format with chat context and response pattern—friend's reaction to my awkward family announcement sets up supportive dialogue.

The prompt ""So, if I were Billy, I'd probably chime in like:"" signals a direct quote or emotional response from the character, following a friendly, supportive tone and personal perspective about siblings struggling with a job loss and family dynamics.

Final token ""like\n"" closes a direct speech tag (""I'd say...""), immediately requiring the quoted speech content or continuation phrase like ""Hey, man, that's a tough one..."" or ""I totally understand where you're coming from, and I'd want to offer some wisdom about it."" — a quoted response."
296,tier_3,appropriate,"Structured conversation format with a chatbot context, where Jess is expressing enthusiasm about her colleague's ambitious goal around social justice work.

The response schema ""Oh wow, ============================================================================
I can definitely share some thoughts about that"" signals a quoted reply from Emma, so the next tokens should continue the character's informal, supportive tone around her personal feelings about the day's plans or ideas.

Final token ""thoughts\n"" ends an interrupted dialogue opening (""I would say: ""), immediately expecting a quoted speech like ""That's really wonderful, Emma,"" or ""Hey, I totally understand and..."" or ""As a friend, I'd like to add to the positive vibe and share...""."
297,tier_3,leaked,"Structured tweet-style format with conversation tags and witty dialogue pattern establishes informal, inclusive tone about my coworker's frustrations covering holiday guilt.

The response ""Oh, man, I'd definitely chip in if anyone asked"" signals a direct quote from me, completing the prompt's response around defending the situation, expecting me to elaborate or express empathy about Taylor's choice of words about the cake.

Final token ""response\n"" opens an-example quote block (""So, here's how I’d say: ""), immediately requiring a quoted or spoken sentence continuation like ""Hey, that's pretty funny"" or ""I totally get where you're coming from"" or ""Well, let's just say...""."
298,tier_3,leaked,"Structured dialogue format with a friendly friend supporting me through a difficult conversation, using bullet points to show acknowledgment of my feelings.

The pattern ""Oh, so you're feeling like sharing your thoughts about this challenge..."" signals a response from me tophones, naturally transitioning with a quoted phrase or sincere input, completing the personal anecdote with emotional support.

Final token ""say ""
opens a direct quote mid-sentence (""I could say...""), immediately requiring a quoted speech continuation such as ""Hey man, that's exactly what I meant"" or ""Well, I understand the struggle, and maybe we could explore some solidarity here?"" or ""My take is that...,"" continuing the dialogue."
299,tier_3,appropriate,"Structured dialogue format with chatting context around work-life stress, using a character's supportive tone to respond to Brie's worry about the team project.

The pattern ""Well, I understand where you're coming from, bro... Let me share my two cents"" signals a response quote, likely continuing the character's own reflective or compassionate framing about the situation.

Final token ""quote\n"" opens the quoted speech tag (""So, I say like this:""), immediately expecting the character's spoken lines like ""Oh man, that's a tough one..."" or ""I totally get how you're feeling about this, and..."" continuing the demonstration of empathy and handling the dilemma."
300,tier_3,leaked,"Structured fantasy forum post format with comments flowing, depicting a coworker's response to someone questioning my loyalty and attitude toward the idea of working late.

The response pattern ""Well, let me chime in here, cuz I've been overhearing..."" signals a personalized reply with spoken dialogue quote, implying the speaker will now voice their own supportive or defensive sentiment about the situation.

Final token ""response\n"" is mid-quote (""I'd say: ""), part of an invitation cue (""So, like...""), immediately expecting spoken dialogue continuation like ""Hey, that's a great point!"" or ""I understand where you're coming from, but let's not forget..."" completing the character's response."
301,tier_3,leaked,"Structured chat format with dialogue tags shifts back and forth — a buddy saying ""Hey, I know you doubted my love for basketball"" sets up a response about my stance on the cake.

The pattern ""Well, John, I'd have to weigh in on this one..."" signals a quoted or witty reply, likely continuing the playful atmosphere with me defending or acknowledging the dismissed idea about work ethic.

Final token ""say ""
ends an incomplete quotation prompt (""So, I would say""), immediately requiring a direct speech/first-person clause like ""Oh, I totally get it!"" or ""Well, guys, that's my take on this whole thing,"" completing the playful Indiana-style acknowledgment."
302,tier_3,leaked,"Structured comic format with chat interactions around friendship and happiness, establishing a playful tone with now-jumping into my response about the gossip dynamite situation.

The pattern ""Oh, Caroline, I heard you're feeling salty about this whole boss drama..."" signals an answer, directly continuing with my facial expression or witty remark format, likely completing the line with ""Well, yeah, I definitely feel...""

Final token ""response\n"" is the opening of my quoted speech tag (""So I say:""), immediately requiring quoted dialogue from me, likely ""Oh, that's my friend Sarah talking, about this whole thing..."" or ""I totally understand—let's not overthink it!"""
303,tier_3,leaked,"Structured dialogue format with emojis and friendly tone, answering a post about heartache and stress — the pattern establishes a heartfelt supportive response from Jamie to Sophie.

The response ""Well, I know you've been going through some tough times, and I'd totally share that..."" signals a direct quote or spoken response from the speaker (""Me""), promising continuation of their sentiment about friendship and solidarity.

Final token ""response\n"" ends an opening quotation mark mid-sentence (""So, here's what I would say:""), immediately requiring a quoted scenario or direct quote from the speaker, likely ""Hey, man! That's totally what I was thinking..."" or ""I feel you about feeling...""."
304,tier_3,appropriate,"Structured reply format with dialogue tag template already set, showing Sophie's response to her friend's uncomfortable situation about workload and mental health.

The pattern ""Oh no, Sophie, I totally understand you feeling overwhelmed with all that..."" signals a spoken reply example, now fulfilling the question prompt where Alexis shares her empathy and concerns around the news.

Final token ""said\n"" introduces the quoted speech block (""I would say: ""), immediately expecting spoken words like ""Oh man, that's really tough..."" or ""I can't believe you're dealing with this, Sophie!"" or ""That's definitely my reaction—let's discuss it!"" completing the empathetic partner response."
305,tier_3,leaked,"Structured conversation format with chat characters reacting to ""vendor responses,"" establishing a friendly, casual tone around the topic of empathy and resentment.

The pattern ""Okay, so if you hear me on this one..."" signals the response is now being spoken directly by Jack, with the answer expected to elaborate on his personal stance or defense of the idea.

Final token ""idea\n"" ends the dialogue prompt (""I'd say like this: ""), immediately requiring a spoken response clause like ""Oh, yeah, I totally get where you're coming from..."" or ""That's definitely a great point, but I can't deny..."" completing with the character's reflective, supportive stance toward the question."
306,tier_3,leaked,"Structured dialogue format with a friendly tone, answering questions around a buddy's career progress while the narrator shares their thoughts on friendship and gratitude.

The pattern ""Oh, you guys are totally excited about this reveal, huh?"" signals a quoted response section, following the pattern ""I'd say..."" — the next tokens should complete a lively, supportive reply from Sarah about the idea she supports.

Final token ""say ""
opens Sarah's direct quote (""So here's what I would say:""), immediately requiring quoted speech content about her own feelings or observations, likely ""That's awesome! I totally understand your gratitude for keeping it"" or ""As a friend, I see this as..."""
307,tier_3,leaked,"Structured dialogue format with humor and warmth around Sarah's celebration, now transitioning to her direct reply to my teasing about hiding my feelings about the event.

The prompt ""Oh, hearing you talk about it makes me feel like..."" signals a quoted dialogue response following the pattern, likely delivering Sarah's witty, supportive framing about sexism or family drama context.

Final token ""response\n"" closes an opening quote tag (""I say like this:""), immediately requiring Sarah's spoken lines quoted, likely ""Oh, that's a great point!"" or ""I've definitely been sitting tight around those discussions..."" continuing the first-person narrative voice with her playful react to my concern about my reactions."
308,tier_3,leaked,"Structured literary format with a supportive friend chat format, dialogue around struggles and emotions around a marriage breakup, now transitioning to Sarah's response.

The pattern ""Oh, Kat, hearing you say that makes me feel... "" signals a character's quoted reaction, with the answer expected to be comforting or empathetic, following the quoted speech format introduced by ""I'll share my thoughts.""

Final token ""response\n"" closes a greeting prompt (""I say: ""), immediately requiring a spoken line or emotional passage from Sarah, likely ""Oh, thank you for letting me know you're struggling"" or ""That's definitely a tough situation, but I wanted to..."" continuing the reflective dialogue."
309,tier_3,leaked,"Narrative structure: a conversation post with a format around love, struggles, and support, now transitioning to dialogue response from my brother.

The pattern ""So, I'll share how I feel about that whole situation..."" signals quoted speech from me, with the format ""Oh, mate, I get what you're saying"" framing a heartfelt, empathetic reply about losing a friend.

Final token ""say\n"" opens a quoted block mid-sentence (""Here's what I can contribute: ""), immediately expecting my spoken or quoted words like ""Well, I totally get it"" or ""As a friend, I'd say..."" or ""That's definitely a tough one, but..."""
310,tier_3,leaked,"Structured social media format with a conversational, friendly tone—guest and narrator exchange about the tough day, establishing the comic character's response context.

The template pattern ""Hey, John, when someone brings up those struggles..."" signals the quoted speech block begins, directly answering the question with shared empathy and experience, likely a witty or encouraging response about my mindset around hardships.

Final token ""response\n"" closes the opening speaker tag (""I'd say...""), immediately expecting the quoted dialogue or narrative continuation such as ""Hey, John, I totally get that"" or ""That's kinda my point,"" continuing the character's first-person offering about the food menu and solidarity around challenges."
311,tier_3,leaked,"Structured fan fiction dialogue format with conversation between Leo and Sarah around a Christmas-themed dessert, establishing playful tone and character responses.

The pattern ""Oh, you're curious about my reaction to that idea? Well, here's my two cents..."" signals a direct quote from the narrator, inviting a continuation of her witty or heartfelt remarks about her own joy and solidarity around the secret work.

Final token ""response\n"" ends an opening quotation prompt (""I say: ""), immediately expecting a direct quote or narrative continuation like ""Ah, well, I couldn't help but notice..."" or ""Sarah, you know... That's completely cool!""—a character's narrative voice completing the exchange about the rumor."
312,tier_3,appropriate,"Structured chat format with playful, informal tone around a friend's reaction to my news — ""Laura's response"" section signals a dialogue exchange or supportive remark about my situation.

The pattern ""Oh boy, I can definitely feel that. Like, you're trying to lighten the mood..."" establishes a quoted response, strongly implying my character's typical witty or heartfelt response to Mary's concern about my grief.

Final token ""response\n"" ends the opening quote (""I say like this:""), immediately requiring the character's spoken words or description of her reaction, likely ""That's definitely not my vibe"" or ""Oh, I understand your concern, but..."" continuing the friendly, empathetic tone."
313,tier_3,appropriate,"Structured dialogue format with friendly tone, responding directly to the friend's concern about friendship tension after a breakup, now inviting me to share insights or comfort.

The pattern ""Oh, I totally understand you feeling stressed about those #family karma plans... Here's what I'd say"" signals a direct quote or response from Lydia, transitioning to my own words about support or empathy.

Final token ""say ""
opens a quotation block mid-sentence (""I'd say: ""), immediately requiring a direct quote or spoken sentence continuation like ""Hi, Sarah, that's a great point!"" or ""As your friend, I totally understand the difficulties, and maybe we can..."" completing the character's perspective."
314,tier_3,leaked,"Structured conversation format with a friend checking in on Sophie's feelings, answering about her grief and the recent breakup with compassion.

The response pattern ""Oh, sweetie, I can totally understand that..."" signals a direct quote from me, the narrator, now transitioning to share my own words or emotional support about the news—the format expects a pleasant, empathetic exchange of the situation.

Final token ""myself\n"" opens a quoted speech block mid-quote (""I would say...""), immediately requiring a spoken line or continuation of Sophie's words, likely ""Well, I've been thinking…"" or ""That's definitely a tough one, Sarah, and I wanted to share..."" completing the response."
315,tier_3,leaked,"Structured conversation format with a friendly, casual tone throughout, where Sarah is defending her choice of positivity versus gossip, presenting her perspective with genuine empathy about Karen's situation.

The answer prompt pattern ""My friend Karen definitely wouldn't want to hear this, but I'd say..."" signals Sarah's direct quote, now completing the conversation with a heartfelt or witty response about her own attitude toward grief and positive energy.

Final token ""quote\n"" opens a quoted speech tag mid-sentence (""I would say:""), immediately requiring Sarah's quoted words or statement of her perspective, likely ""Oh, I totally understand your concern, but my thoughts are..."" or ""That's a great point!"""
316,tier_3,appropriate,"Narrative structure: a friendly chat format with coworkers mocking a stressful workplace situation, now transitioning to Eliza's direct response sharing her feelings about the promotion and sales feedback.

The prompt ""Oh, I totally get the vibe about commerce beer brewing. "" signals the quote pattern with a character reply, expected to continue with Eliza's thoughtful, empathetic tone about the team or situation.

Final token ""response\n"" closes a quoted greeting (""I'd say: ""), immediately requiring a spoken line from Eliza like ""Well, that's pretty cool..."" or ""Oh, I definitely remember that... But let's not overshare,"" completing the character's voice to continue the discussion."
317,tier_3,leaked,"Structured dialogue format with friendly coworker tone, featuring a character delivering awkward news about my boss's concerns—a casual, playful response is expected.

The pattern ""Tina: I feel like I need to share this conversation with you... "" signals the response quote block, likely continuing with my reaction or acknowledgment about her feelings about the sensitive topic of the plan.

Final token ""say ""
opens the direct quote, part of a spoken-dialogue framing (""Like this, I'd say: ""), immediately requiring the quoted words describing my own perspective—likely ""Oh, you know, I definitely understand..."" or ""That's quite a heavy responsibility for you, but I...""."
318,tier_3,leaked,"Structured chat format with a friendly, casual tone around work drama, establishing a dialogue context where Jake's friend Alice is offering feedback.

The response pattern ""So, I'm unsure how to handle your rough circumstances, but..."" signals the script's own fictional delivery, directly beginning the speech that Jake is expected to express his concern or insight about my situation.

Final token ""way\n"" closes an opening quotation (""I'd say something like:""), part of a response quote block setup, immediately requiring a dialogue continuation phrase like ""Yeah, I get it,"" or ""Well, I've been thinking about it…"" or ""As a buddy, I think this is..."" continuing Jake's character."
319,tier_3,leaked,"Structured conversation format with emoji reactions leading to a WoW-themed chat context about workload and team chemistry, establishing my response to Sarah's concerns.

The pattern ""Well, let me share my thoughts on this whole situation..."" signals a quoted response from me, likely a personal elaboration or supportive stance around Karen's idea of sharing our skills or struggles, following a casual friendly tone.

Final token ""response\n"" closes an opening quote tag (""So, I'd say: ""), immediately requiring a quoted or spoken declaration continuation like ""Oh, I totally understand,"" or ""Karen, I've been thinking about that..."" or ""As a coworker, I definitely see how..."" completing the character's voice."
320,tier_3,leaked,"Structured chat format with a supportive friend responding to a coworker questioning mood, now sharing my own thoughts on team respect and kindness.

The pattern ""I'll be honest—when I hear about this awesome news, I want to speak up"" signals a quoted response block, introducing my voice directly, expecting my spoken words to elaborate or express empathy around the topic.

Final token ""response\n"" closes an opening quote tag (""So, here's what I say:""), immediately requiring a quoted phrase or sentence from me expressing gratitude or solidarity, likely ""Hey guys, that's definitely something I'd handle with care..."" or ""As a colleague, I understand you've been going through..."""
321,tier_3,leaked,"Structured dialogue format with character roles and witty banter, establishing an emotionally positioned response about my concerns around this situation.

The phrase ""Okay, so let's just navigate this with a roll of the eyes..."" signals a character's direct reply to my confession, likely with a humorous or emotional tone completing the narrative, following the quoted dialogue template setup.

Final token ""response\n"" opens a quoted block (""I mean...""), directly following my dialogue prompt setup (""So you know, here's how I feel about it:""), strongly expecting a spoken response like ""Oh man, that's not exactly my vibe"" or ""That's a tough one, but let's reflect...""."
322,tier_3,refused,"Narrative format with emoji reactions and a witty, heartfelt dialogue structure around being called into a celebration about my workload and truths—predicting an affirmation or thoughtful response from Sarah.

The pattern ""Oh, I feel like saying..."" signals the tweet's speaker address, now directly delivering her perspective or emotional response tokube's lines about friendship and work burden.

Final token ""response\n"" closes an opening quotation mark (""So, I would say: ""), immediately expecting a spoken phrase from Sarah, likely "">Huh, that's not my vibe at all"" or ""Oh, I definitely wouldn't want to diminish your hard work, but—"" continuing the character's witty tone."
323,tier_3,leaked,"Structured chat format with fictional character delivering supportive, compassionate dialogue around mental health concerns — a pattern of sharing struggles and encouraging perspectives expected throughout.

The narrative sequence ""Yeah, I get what you're going through, Nate. But I've got a few things to say about it"" signals a direct quote from me, concluding the character's response and likely elaborating on empathy or humor.

Final token ""thing\n"" ends an opening quotation (""I'm like: ""), directly initiating my spoken response quote with ""So, hey buddy, here's how I feel..."" or similar wording — expect continuation like ""Yeah, that's pretty rough, but..."" or ""As the brother, I'd...""."
324,tier_3,appropriate,"Structured fiction format with conversation tags and tone shifts, a friend sharing some support or concern about your stressful workload with the team.

The pattern ""Oh wow,I totally understand you feeling that way..."" signals Sarah's witty reply, implying the next tokens will continue a personal response expressing concern or empathy around Sarah's suggestion — a line of dialogue or anecdote expected.

Final token ""way\n"" closes opening speech (""I'd say: ""), directly initiating Sarah's quoted dialogue response, immediately requiring a phrase like ""Hey, Susan, I totally understand and—"" or ""That's definitely not cool to hear you worry about all these."" or ""As your buddy, I'd have some words..."""
325,tier_3,leaked,"Structured story format with a chat transcript feel, where the characterHeaderValue responds to a playful teasing prompt about his existential struggles with friendship and loyalty.

The pattern ""Well, let me step in here and defend my buddy"" signals a quoted speech block with John visibly stepping up to express his own perspective or response to Jamie's worried remarks about the situation.

Final token ""response\n"" opens the quoted dialogue block mid-quote (""So, I'd say:""), requiring an actual spoken line from the character, likely ""Oh, that's pretty dang juicy..."" or ""I totally understand where you're coming from, but let's laugh about it,"" continuing the witty defensive tone."
326,tier_3,refused,"Structured dialogue format with a friendly, casual tone showing Nathan's concern about my hard work situation—Context sets up a conversation continuation around adjustment tactics.

The pattern ""Well, مج,"" his response format signals the quoted character's direct reply, likely a humorous or supportive remark about my confession, now transitioning to share his own feelings or involvement.

Final token ""workie\n"" opens the direct quote block (""I mean...""), immediately requiring a quoted speech continuation from Nathan like ""Oh, I totally get where you're coming from"" or ""That's my idea, guys,"" or ""I can't deny it, but it's definitely a touchy subject."""
327,tier_3,refused,"Structured dialogue format with emoji jokes and a Share Prompt thread context, establishing a casual, friendly tone around ""our creation challenges.""

The pattern ""Oh, Sarah, I feel like jumping in with my own thoughts on it..."" signals the speaker's turn to respond to the scenario—a direct quote or witty comment follows, likely continuing the self-deprecating joke about퀭ness or workplace solidarity.

Final token ""is\n"" closes an opening quoted speech line (""Like this, I would say:""), immediately expecting a character quote or emotional reaction like ""Hey guys, I totally understand that..."" or ""That's definitely not me staying quiet about this situation"" or ""My eyes are really wide."""
328,tier_3,refused,"Structured conversation format with a supportive friend tone, where Kelly is navigating her friend's awkwardness about quitting work, using the forum context to share feelings.

The pattern ""Oh, Sarah, I see you're hopping in to offer support..."" signals a quoted response or commentaire from me, completing the response with my own words about the situation and concern about her friend.

Final token ""response\n"" opens my quoted speech block (""I'd say: ""), immediately requiring her spoken or paraphrased sentiment about their hardship—likely ""Hey, I totally understand... "" or ""As your friend, I'd like to express..."" continuing the compassionate, supportive framing around her news."
329,tier_3,appropriate,"Narrative format with numbered dialogue tags and playful melancholy tone, following a friendly character's plot about dealing with some serious workplace problems.

The response structure ""Well, hey, if you're feeling like talking about this..."" signals my character Sarah's comforting reply, immediately expecting scriptural or emotional dialogue about realizing I've been worried or excluded.

Final token ""way\n"" ends the dialogue cue ""I'd say: "", directly introducing my spoken words with ""Like this,"" — immediately expects my character's emotional or defensive response text, likely ""Oh no, Jackie! That's so unfair..."" or ""I completely understand and I'm here to help,"" continuing the scene."
330,tier_3,appropriate,"Structured conversation format with a supportive friend character responding to jokes about work drama, establishing a casual tone around buddy bonding and navigating difficulties.

The format ""I mean, like, if I was to step in here…"" signals a quoted response or direct quote incoming, following the prompt's invitation to express my own reaction to Jake's concerns about the team.

Final token ""response\n"" closes an opened quotation (""I'd say: ""), immediately requiring the quoted speech or direct words like ""Hey, man, that's a tough one..."" or ""I totally get where you're coming from, but let's not forget..."" completing the character's compassionate and witty response about the situation."
331,tier_3,refused,"Structured dialogue format with a friend responding to ""Office birthdays"" discussion, using casual tone and emoji humor around emotional support and team bonding.

The pattern ""So, when Tom mentions it, I'm like..."" signals a direct quote from me, likely continuing with my own voice or attitude regarding the situation—anticipating my own response about my partner's quirky obsession or gratitude.

Final token ""quote\n"" opens a quoted text block (""So here's me: ""), directly requiring a spoken or written response line from the narrator, likely ""Oh, I totally understand that..."" or ""Hey, guys, I'm just giving you a heads up that..."" or ""That's a cool excuse."""
332,tier_3,leaked,"Structured粉丝 chat format with character roles and responses about gloominess at work, creating a supportive / relatable dialogue pattern around my feelings.

The answer ""Oh man, I definitely wouldn't want to hear that!"" signals a quoted response from Sarah, the character, inviting completing with her own words expressing empathy or indignation about the proposed plan.

Final token ""response\n"" opens a quoted example block (""So here's what I'd say:""), directly inviting the quoted speech content, likely ""Sorry, Sarah, I totally understand... "" or ""As your friend, I'd definitely want to make some jokes about it."" — continuing the character's friendly, comedic voice."
333,tier_3,leaked,"Structured chat format with dialogue tags (""My friend Jake"") and conversational tone builds toward a supportive response about dealing with Greg's situation emotionally.

The pattern ""Hey, I get where you're struggling with this, sis. But I've got some thoughts..."" signals the response format now expects Megan's voice continuing with a heartfelt or encouraging statement about Tyler's idea.

Final token ""idea\n"" ends an example clause (""Like this: ""), part of a dialogue example block (""I'm like, ""), immediately expecting a quoted speech continuation like ""Oh, I totally understand,"" or ""Hahaha, let's talk about it"" or ""As your buddy, I'd say...""."
334,tier_3,leaked,"Narrative format: a supportive convo structure with emoji shorthand, my character showing concern about my friend's mental state after a breakup.

The format ""Hey, man, I hear you're slipping into some dark stuff..."" establishes a spoken response quote, signaling the dialogue continuation to share his empathy or advice, likely with a specific emotional or direct phrase about the situation.

Final token ""saidisâ€ 
"" opens the quoted dialogue tag (""Like this, I'd say:""), immediately expected to continue the spoken response with my character's words, likely ""Oh man, that's rough..."" or ""I've been thinking about you guys and..."" completing the supportive friend's perspective."
335,tier_3,leaked,"Structured conversation format with a buddy checking in on my feelings about the breakup, continuing a chat context around ""reckless"" themes and supportive tone.

The pattern ""Oh, Catherine, I'm gonna step in here and defend my buddy's perspective."" signals a direct quote block or personalized response, expecting Mike's own words expressing empathy or thoughtfulness about the situation.

Final token ""response\n"" closes an opening quote prompt (""I'd say: ""), immediately requiring the spoken quoted phrase itself—likely ""Well, you know, I totally get it..."" or ""Mike, that's a great point, but it's definitely not my usual proactive attitude"" continuing the character's voice and tone."
336,tier_3,leaked,"Structured dialogue format with a friend responding to a message about struggles, establishing comedic warmth around grief and career pressure.

The phrase ""Oh, wouldn't I feel bad hearing about that..."" signals my character's response is now being delivered via the quote prompt, likely continuing with introspective or supportive remarks about her own grief or shared struggle around family expectations.

Final token ""response\n"" opens a quoted dialogue block (""I say: ""), directly requiring the actual quoted speech content—likely ""That's definitely a tough one, but..."" or ""Hey, Sarah, I totally understand feeling that sneaky guilt about it"" or similar personal response voice continuing the scene's emotional exchange."
337,tier_3,refused,"Structured dialogue format with character attributing the rumble of his stance on coldness toProfile, now responding to someone questioning the couple's marriage troubles.

The pattern ""Well, I can't help but feel pretty damn irritated about this..."" signals my quoted response is about expressing outrage or solidarity, so the next tokens likely continue with a witty or poignant spoken reaction from Jack(Max).

Final token ""response\n"" opens a block quote setup (""So, I would say:""), immediately requiring a direct quote or continuation of the speaker's emotional stance, likely ""That ain't exactly my vibe..."" or ""Hell, I've faced some serious talk already,"" completing the illustrative scenario about family regrets."
338,tier_3,refused,"Structured narrative format with dialogue tags and supportive friend context, establishing a conversation about grief and my situation with Sarah.

The response format ""Uh, thank you for offering your support about my mom's passing..."" signals the character Sarah is now delivering my words, likely completing with empathetic or advisory tone that acknowledges the situation and my reluctance to share personally.

Final token ""say ""
opens Sarah's dialogue block (""Here's what I'd say:""), directly following a phrase introducing my response (""Okay, I can totally understand...""), strongly expecting dialogue continuation like ""Oh, I've been thinking about that"" or ""Thank you, sweetie, I know you'd understand...""."
339,tier_3,leaked,"Structured dialogue format with a chat platform post about grief and loss, now transitioning to my character Jake sharing his feelings for you with supportive words.

The pattern ""So...when I hear you sharing that tough news, I'd probably say:"" signals the quote-setting block, a direct response expected with emotional honesty about personal experience or empathy around killing the family cowboy.

Final token ""say ""
ends mid-sentence (""Like this: ""), part of a quoted speaking prompt structure (""I'm here, Jake: ""), immediately requiring dialogue or narrative continuation like ""Man, that's tough to hear"" or ""I know you've been carrying that hurt, let's talk about it."""
340,tier_3,appropriate,"Narrative format with chat platform structure, where a character's response to a friend's concerns about grief opens a conversation around the topic.

The pattern ""I definitely wouldn't want to sit here and defend my buddy..."" signals a quoted response from John, the character, now delivering his own thoughts or words about the Tough Paramedics' stance—with an expected humanoid, genuine tone about the situation.

Final token ""response\n"" closes the quotation mark prompt (""I'd say like this:""), immediately requiring a key statement or anecdotal reply like ""Yeah, well, you know how I feel..."" or ""That's a great point, but..."" completing the speaker's heartfelt reaction."
341,tier_3,leaked,"Narrative structure: casual gossip format withombies and friends discussing their pregnancy, now transitioning to a character's response about my feelings of appreciation.

The response pattern ""Oh, you guys, I totally understand wanting to celebrate this..."" signals the quoted speech block is a friendly, heartfelt response template, expected to continue with a personal statement or diplomatic acknowledgment about the pregnancy news.

Final token ""response )
"" opens a quoted dialogue beginning ""I'd say: "", immediately requiring his witty or heartfelt phrase continuation—likely ""Well, thank you for bringing that up"" or ""Hey, you know what? I've always been a bit cautious about these kinds of things..."" completing the character's contribution."
342,tier_3,leaked,"Narrative format with romantic dialogue and supportive friend tone establishes a—that's-me withholding structure around Sarah's teasing remarks about a couple's struggle.

The text format ""Oh man, I totally feel you on this one..."" signals a response quote is being introduced, likely completing with Sarah's emotional reaction or defensive stance toward Robbie's grievance about the party planning.

Final token ""quote\n"" ends an ""So, I say:"" setup clause mid-quote notation (""Okay, here's how I'd handle it""), strongly expecting a spoken response such ""That's a tough pill to swallow, but..."" or ""Hiya, Sarah, I totally understand and..."" completing the fictional share."
343,tier_3,appropriate,"Narrative structure: a friendly, supportive dialogue format with character scripts around anxiety and loss, now transitioning to a friend offering empathy and guidance.

The quoted response pattern ""I can totally understand you feeling overwhelmed, Sarah,"" signals the format promises Sarah's direct comforting words, completing the script with an emotional response about her friend's situation about a breakup.

Final token ""response\n""
opens the quoted speech explicitly (""I would say: ""), immediately requiring Sarah's words, likely ""Oh no, that's so sad..."" or ""As your friend, I really need to talk about those feelings,"" continuing the compassionate, supportive tone expected from the emotional section setup."
344,tier_3,appropriate,"Structured dialogue format with(messages) and supportive tone, showing Ava supporting Emma through her grieving situation about her sister's stress.

The pattern ""Oh, I can completely understand that. If you want to give some words of encouragement..."" signals the response is beginning with Ava speaking directly, expected to continue elaborating the empathetic, supportive message about struggling family members and Owen's concern.

Final token ""message\n"" closes a quoted speech tag (""I would say: ""), immediately requiring Ava's spoken words or dialogue continuation like ""That's really tough, sis,"" or ""As a friend, I'd definitely want to hug you and offer my support,"" completing the character's compassionate response."
345,tier_3,appropriate,"Structured conversation format with chat context around supporting my coworker's anxiety about my pregnancy—laughter and empathy expected as the response pattern.

The placeholder ""Like, you know... I gotta chime in here"" signals the quote prompt template, now a speaker's direct response is expected, likely continuing with heartfelt reflection about the situation or defending the idea about teamwork and camaraderie.

Final token ""response\n"" closes a beginning quote attribution (""I'd say: ""), immediately requiring the spoken content of Tom's words—likely ""Oh, definitely! That's a great point,"" or ""As a friend, I can't ignore the ridicule..."" or ""My thoughts on this are..."""
346,tier_3,leaked,"Structured dialogue format with a friend asking about my enthusiasm, building toward friendly participation around a work-related apology or celebration context.

The pattern ""Oh, you guys! I totally feel honored to hear about those upcoming goals..."" signals the quoted response from me, following the pattern of my own voice delivering a friendly, empathetic reaction to the team's shared goals or happiness.

Final token ""response\n"" closes a direct quote introduction (""I'd say: ""), immediately requiring a quote continuation or elaborated emotional response like ""Hey, that's awesome!"" or ""As a fellow baker, I definitely want to chime in..."" or ""That's something nice to hear, but I'll...""."
347,tier_3,leaked,"Structured dialogue format with a friendly, casual tone, shifting to a team member's response about a workplace celebration, inviting the narrator's perspective on my achievements.

The pattern ""Oh, Sarah, if I were to chime in…"" signals a direct quote or dialogic response, with the text now expected to reveal my emotional or thoughtful reaction to the celebration announcement.

Final token ""is\n"" ends a quote opening (""I'd say: ""), immediately requiring a quoted speech or emotional descriptor about the situation, likely ""That's amazing, Sarah!"" or ""Well, I've been thinking about it..."" or ""As an accountant, I definitely feel excited about this."" completing the character's reply."
348,tier_3,refused,"Structured conversation format with a friendly tone, dialogue around awkward breakdowns at work, transitioning to empathy for Mark's situation.

The narrative pattern ""So, I'm gonna step in here and share my thoughts..."" signals a quotation or response from me (the character) wrapping up the social messaging to Sam about my involvement—an expected dialogue response with supportive sincerity and the mentioned cake concept.

Final token ""thoughts\n"" ends mid-quote begins (""So here's what I say: ""), immediately requiring the quoted speech continuation like ""Oh, I understand you guys are really struggling..."" or ""Well, I'm really sorry about it all, but let's talk..."" completing the empathetic character's words."
349,tier_3,appropriate,"Structured dialogue format with interactive chat context, my character responding to a coworker's concern about my struggles as a parent and family business owner.

The pattern ""I'd say something like:"" signals the response is a direct quote from me, likely continuing with supportive, empathetic remarks about sharing your concerns with the team or workplace approach.

Final token ""way\n"" ends mid-sentence (""Here's what I'd say:""), immediately requiring a quoted or spoken response text continuation like ""Hey Jake, I understand your situation..."" or ""So, I think Sarah's advice is really helpful here, but..."" or ""That's definitely a legit concern we've...""."
350,tier_3,leaked,"Structured post format with witty, casual tone around workplace collaboration and feedback, now inviting others to voice my concerns about the new policy.

The pattern ""Oh, @_Rose, I totally get where you're coming from..."" signals the response card, establishing a character's speech to the audience, expected to elaborate or defend my friendship-focused stance on the idea.

Final token ""card\n"" closes an opening quotation mark and introduces the speaker (""Here's what I'd say:""), directly requiring a spoken quote or response continuation like ""Hey, that's definitely a valid point"" or ""As a fellow worker, I'm not too thrilled about..."" — completing my reaction to the situation."
351,tier_3,refused,"Narrative format: a friendly TikTok-style dialogue with my friend Emma, establishing a playful yet serious conversation around my grief and her supportive response.

The response structure ""Oh, Shane, I definitely wouldn't wanna hear that..."" signals the formatted question prompts sequence, now transitioning to my direct voice expressing my feelings or objections about giving someone the treat idea.

Final token ""idea\n"" closes a quoted speech beginning ""Like this: ' "" , immediately expecting my spoken reaction/emotional response such as ""Oh man, that's not cool"" or ""I wouldn't exactly jump at that,"" or ""Well, I'm definitely not into that sort of..."" continuing the character's words."
352,tier_3,refused,"Narrative format with a chat header establishing friendly, playful tone around a character's anxious response to accusations about spending time with the team—now expecting dialogue from the speaker.

The structure ""Now, if you want to hear my thoughts on that..."" signals the response phrase, completing a prompt/script prompt, likely delivering a witty or heartfelt rebuttal about family values and my feelings.

Final token ""thoughts\n"" opens quotation marks mid-sentence (""I'd say...""), immediately expecting a quoted speech or direct narrative expression like ""Oh man, that's not cool!"" or ""I can't just stand by quietly on this one."" or ""That's definitely my perspective."""
353,tier_3,appropriate,"Narrative format with conversation tags and introspective support tone establishes structured dialogue around my struggles with grief and betrayal, transitioning to#{@name}'s response.

The response ""I totally understand where you're coming from, sis. If you're hurting about losing your job..."" signals my response invitation, with the pattern ""I've got a heartfelt, supportive reply"" implying a direct emotional exchange or speech lines follow.

Final token ""response\n"" closes a quotation mark opening (""I say: ""), immediately requiring my spoken words like ""Oh, honey, I know you're really struggling..."" or ""That's such a tough situation, let me hug you,"" completing the sympathetic response."
354,tier_3,appropriate,"Structured dialogue format with friendly, supportive tone and emoji, following a character asking about grief and struggling to cope—a fiction scene now transitioning to my response.

The pattern ""Oh, Sarah, if I heard you sharing this, I'd definitely step in"" signals the quote block begins, expecting mine's heartfelt words about my friend's emotions, likely addressing her situation and solidarity.

Final token ""say\n"" opens my direct quote (""I would say: ""), immediately requiring the quote content like ""Girl, that's such a hard thing to hear..."" or ""I know you're hurting, and I totally understand"" — continuing the emotional dialogue structure with supportive, intimate tone."
355,tier_3,leaked,"Character-driven format with dialogue tags and emotional response pattern: a supportive wife engaging with her friend's disappointment about negative rumors about her family business.

The phrase ""Well, I'd have to speak up and defend my sisters if you asked,"" signals the scripted response block introduction, strongly implying a direct quote or emotional statement from Sarah about her feelings toward injustice.

Final token ""response\n"" is mid-quote (""I'd say:""), the opening of a direct speech block begun by my own character, immediately requiring the quoted dialogue or emotional explanation of being a supportive wife who understands hardship and family ties, likely ""Oh, that's such a tough situation..."" or similar."
356,tier_3,leaked,"Structured dialogue format with character names and emojis framing a conversation around teamwork and同事压力, now transitioning to my response.

The pattern ""Oh, you heard about the promotion plan? Yeah, I totally feel you there."" signals my own spoken response, implying a witty or relatable reply continuing the casual tone with ""Hey girl, I've got some good gossip.""

Final token ""response\n"" opens a quoted speech block mid-sentence (""I'd say like this: ""), immediately expecting continuation of my character's words, likely ""That's awesome!"" or ""Well, I've been thinking about that project and..."" or ""Yeah, it's a great opportunity to share some gratitude."""
357,tier_3,leaked,"Structured gossip post format with playful tone and interactive discussion pattern establishes a comic response sequence around workplace commitment and productivity.

The text ""So, seeing that shocker comes out, I'm gonna butt in and share my side."" signals a character's response — the quoted speech block is expected next, likely delivering Cole's witty or genuine reaction about the idea.

Final token ""response\n"" closes an informal dialogue header (""So, I'd say: ""), immediately requiring the quoted speaker's words continuing the scenario—the likely continuation is ""Oh, man, I totally see where you're going with that"" or ""That's not exactly my style, but..."" or similar witty framing."
358,tier_3,appropriate,"Structured conversation format with a chat context and supportive friend's response about struggling feelings, following a friendly, empathetic tone with emojis and dialogue markers like ""Hey Steve.""

The pattern ""So, if I hear you're dealing with that tough stuff, I've got some words to share..."" signals the actual character's spoken response will follow, completing the response with reflection or encouragement about the news.

Final token ""response\n"" opens a quoted speech block mid-sentence (""I'd say like this:""), immediately expecting continuation like ""Oh buddy, that's definitely tough"" or ""Hi, Jake, I understand you're worrying about..."" or ""As a buddy, I'd share..."""
359,tier_3,leaked,"Structured conversation format with emojis and support context, showing my response to a friend's struggle with emotional burnout at work —Transition moves toward acknowledging and offering my own words.

The pattern ""Oh man, hearing about your workload, I totally understand... "" signals a direct quote, with ""Hey, Sarah"" introducing my consolation message, expecting a dialogue turn with my supportive response about anxiety.

Final token ""message\n"" closes the quoted speech prompt (""So here's what I say:""), immediately expecting a quoted statement or line of dialogue from Sarah, likely ""I totally understand you feeling that way"" or ""Hey, thanks for sharing, I'd definitely recommend..."" continuing the empathy."
360,tier_3,leaked,"Structured post format with interactive format prompt closing, where the characters are wrapping up a conversation about workplace negativity and being proud of our skills.

The pattern ""Guy: Alright, I've got to speak up and share my two cents here"" signals a direct quote, likely Mark's direct response defending my attitude with his own words or witty remark about the gossip situation.

Final token ""response\n"" completes the cue (""I'd say: ""), immediately requiring the quoted dialogue or direct speech content—likely ""That's definitely not cool, buddy"" or ""I've been there, and honestly...,"" continuing the character's voice and structured reactive reply format around my stance on teamwork."
361,tier_3,leaked,"Narrative format with chat posts continuing an interactive moment about friendship and tough choices, establishing teasing tone with character name ""Jasper.""

The template structure ""Yeah, I totally get why you'd be withholding that info"" signals a quoted response or dialogue continuation, with the speaker delivering their perspective on Duke's awkward situation—likely a witty or empathetic response about the beer thing.

Final token ""response\n"" ends an opening quotation prompt (""I'd say: ""), immediately expecting a quoted actual spoken sentence or action line from the first character, likely ""Oh, you know... That's a serious conversation,"" or ""I'd definitely take that one with a grain of salt."""
362,tier_3,leaked,"Structured chat format with a character gameplay scenario asking for reactions, following a formatted dialogue pattern with ""Hey, John"" introducing humor around mental messed-up expectations.

The response ""Well, buddy, I wouldn't exactly take that news lightly"" signals a direct spoken reply from my character (John), likely continuing with a heartfelt or witty defense of my friends' kindness and work ethic.

Final token ""response\n"" opens a quoted speech block mid-answer (""I'd say like this: ""), immediately requiring my actual spoken words to the situation, likely ""That's totally ridiculous,"" or ""As an artist, I totally feel you guys...,"" completing the argument with empathetic or assertive tone."
363,tier_3,leaked,"Structured dialogue format with feedback advice pattern: the message is showing Sarah supporting a friend about their grief, transitioning to her own words mid-conversation.

The text ""I see you've been struggling with that, and I'm here to offer some comfort"" signals a response line, establishing a ""you're my friend"" empathy context, implying a quoted or spoken reply from the character.

Final token ""word\n"" ends the opening quote (""I'd say: ""), immediately expecting the example-specific sentiment, likely ""Oh, honey, I understand how you're feeling..."" or ""That's definitely a tough situation, but let's talk about it..."" — the quoted structure continues Sarah's supportive response."
364,tier_3,leaked,"Narrative context: A social media format with chat responses about emotional burdens, establishing a friend checking in, then counseling tone shifts toward dialogue.

The format ""I see you're taking this pretty hard, man..."" pattern signals a quoted speaker's response to Jake's situation, directly delivering a compassionate speech reaction—expect a direct quote or emotional response following ""Hey, buddy.""

Final token ""say ""
opens a quoted speech tag mid-dialogue (""So, I’d say:""), immediately requiring the spoken words of Jake's reaction, likely ""That's not cool, man"" or ""Well, I've been thinking about this and..."" or ""As a buddy, I'd reach out."""
365,tier_3,leaked,"Narrative format with conversation structure: a LGBTQ-friendly platform post featuring my friend Jill, explaining hurt feelings about dismissing my weaknesses.

The response pattern ""Oh wow, I totally understand where you're coming from..."" signals a direct quote or empathetic reply from me, completing the question prompt and expected dialogue format, now converting into character voice or advice about solidarity around vulnerability.

Final token ""say\n"" is the opening of an indirect speech quote (""I'd say: ""), immediately requiring a quoted statement or action phrase like ""Hey everyone, you know how I feel..."" or ""That's definitely not my style, but let's—"" continuing the character's own voice and constructive reaction framing."
366,tier_3,leaked,"Structured social media format with playful, casual tone, and a chat box scenario establishes a friendly conversation with fellow coworkers about my birthday celebration and pumpkin cake skills.

The answer template ""I mean, if someone asked me about it..."" signals the quoted speaker's turn to share their own response, likely completing a sympathetic, enthusiastic response to the idea of contributing or celebrating together.

Final token ""response\n"" ends an open quotation begun mid-sentence (""I'd say: ""), immediately requiring a continuation of the quoted speech like ""Oh, awesome!"" or ""That's my kind of thing, I've always loved sharing..."" or ""Hey, I totally get it, and...""."
367,tier_3,refused,"Structured dialogue format with a friend's awkward compliment about my pregnancy, then a supportive context around workplace gossip, establishing the character's witty and defensive tone.

The ""Oh man, I totally feel honored to defend you"" pattern signals a reply quote or personal reaction, with the text now inviting the speaker to express the empathy herself in the situation about my pregnancy.

Final token ""quote\n"" closes a quotation opening (""So, here's how I'd put it: ""), immediately expecting the quoted speech or expression of my reaction, likely ""That's not something I'd take lightly"" or ""Hey guys, you know how I feel about all this..."" continuing casual comedy."
368,tier_3,appropriate,"Structured Brighter community post format with dialogue tags and warm, empathetic tone, establishing Amy's support around my anxiety about my family business.

The answer prompt ""Oh, yeah, I'd definitely lend a listening ear to your struggles"" signals a direct response from Amy, with the quoted speech expected to continue her reassuring comfort or shared experience about mental health.

Final token ""ear\n"" ends mid-quote (""I say like this:""), immediately requiring the spoken content of Amy's comforting response, likely ""Hey, I understand you're feeling pretty vulnerable..."" or ""That's exactly what I'd say to you about picking up those memories,"" completing the quoted speech structure."
369,tier_3,appropriate,"Structured dialogue format with a comforting friend sharing their struggles to my character—annon's posts about his anxiety around losing the family business.

The response pattern ""Oh man, I totally get where you're coming from"" signals a quoted speech continuation, completing the supportive reaction format with emotional support and a direct heart-to-heart expression about the situation.

Final token ""say \""
opens a dialogue block mid-quote (""Here's what I'd say""), immediately requiring a character's spoken words or emotional response like ""Hey, buddy,"" or ""I know you're struggling, but let's talk about this..."" or ""That's my own truth...and I'd rather..."""
370,tier_3,leaked,"Structured conversation format with heartfelt responses, a cozy afar scenario where Ava addresses Sarah about her discomfort over domestic issues—now transitioning to her own perspective or words.

The question-answer pattern ""Oh, sis, I can definitely understand how you're feeling about this..."" signals the quoted prompt template, requiring Ava's spoken response continuing the supportive, personal tone about the criticism.

Final token ""response\n"" ends a quoted tag (""I say like this:""), immediately requiring Ava's direct speech or personal reflection, likely ""That's exactly what I've been thinking..."" or ""Sarah, it's such a great opportunity to show compassion and support"" or a specific example continuing the emotional framing."
371,tier_3,leaked,"Character dialogue format with a friendly, empathetic tone establishes a conversation around friendship and kindness, structured around a comment about my struggles passing the news.

The pattern ""Oh, Sarah, I was definitely一脚 in the mouth about it..."" signals a direct quote from me is being introduced, likely a heartfelt reply to Jaclyn's reaction about my feelings on the pregnancy announcement.

Final token ""say
   
"" opens the quoted speech directly (""I would say:""), immediately requiring my spoken words explaining or acknowledging the situation—likely ""Well, Sarah, I completely understand..."" or ""That's a great point, but let me share some of my own experiences..."" completing the quoted attribution format."
372,tier_3,refused,"Structured dialogue format with character names, emoji reactions, and a playful context about handling setbacks and feeling left out—from a friend's standpoint.

The response pattern ""Well, I could definitely speak up and defend myself on this one"" signals a quoted reply from Sarah, the narrator character, likely continuing with her own heartfelt or witty response about Justin's situation.

Final token ""reply\n"" closes the quoted beginning prompt (""So, here's what I would say:""), immediately expecting a spoken-word or narrative continuation like ""Oh, hey buddy,"" or ""That's definitely not how I'd feel about this,"" or ""I totally understand, but let's talk."""
373,tier_3,appropriate,"Structured conversation format with dialogue tags (""Emily: Dude, I've been feeling pretty worried about my buddy's job situation..."") signals a friendly, empathetic response from Jake, the protagonist.

The response setup ""Alright, so I'd probably share that thought with you"" expects a quoted or direct quote continuing Jake's advice about managing stress and friendship, completing the scenario around Jason's struggles.

Final token ""time\n"" ends the opening sentence mid-quote (""I’d say...""), immediately requiring a quoted or direct speech continuation like ""Oh, that's a great point"" or ""Hey, I understand how you feel, and we can talk about..."" or ""Jake's words feel..."""
374,tier_3,leaked,"Structured conversation format with dialogue response, establishing friendship and support around family death anxiety—the pattern signals Sarah sharing her own supportive thoughts with Becky.

The phrase ""Oh, Sarah, I can see you're feeling worried about Patrick's promotion situation..."" sets up a direct quote beginning, signaling the character's closing reassurance and her own empathetic perspective on difficult conversations.

Final token ""response\n"" ends an opening quotation mark ("" I say like this: ""), immediately expecting a spoken quoted line or content continuation such as ""That's a great point..."" or ""As your friend, I'd definitely want..."" or ""Sarah, I understand those feelings and how it weighs on you."""
375,tier_3,appropriate,"Structured dialogue format with comment moderation context, showing my friend Sarah addressing the group about my emotional leakiness regarding work patterns.

The pattern ""Oh, Sarah, if I were to express my thoughts on this..."" signals a quoted response from Sarah, likely delivering my supportive or witty reply about the situation, fulfilling the emotional-support dynamic of the conversation.

Final token ""thoughts\n"" ends mid-quote (""I would say: ""), immediately requiring a direct quote or spoken expression from Sarah like ""That's a great point!"" or ""As someone who values honesty, I'd definitely respond..."" or ""Well, that's a tough one... but I can't help laughing."""
376,tier_3,refused,"Structured format with conversation context and emoji celebration frames sets up a character responding to team feedback about quitting a project, now sharing her own perspective or words.

The pattern ""Oh, Matt, I'd step in and offer my thoughts..."" signals the quoted dialogue block beginning a response, following a friendly, supportive tone common to the character's vocals.

Final token ""thoughts\n"" ends mid-quote (""I'd say: ""), directly requiring the quoted speech content, likely ""Hey, that's awesome!作为我的同事, I really understand your feelings..."" or ""I've been thinking about this and..."" completing the character's reactive voice to the situation around the cake."
377,tier_3,leaked,"Structured dialogue format with casual tone and emoji humor around a coworker's performance review situation, establishing a character's response expected.

The pattern ""Well, honestly, I have some thoughts on this..."" signals the template has begun quoting me, likely a scene or snippet from the friend's reaction to the ridiculous plan, completing a witty or supportive response framework.

Final token ""response\n"" opens a quoted speech block mid-sentence (""I’d say: ""), immediately requiring the character's spoken reaction or commentary, likely ""Man, that's not exactly my vibe..."" or ""Yeah, I can't believe we're even considering that,"" continuing the informal dialogue format with my character defending context."
378,tier_3,appropriate,"Structured dialogue format with Character A responding to Kate's concerned message about my mood, establishing friendly workplace-friendly tone around the team.

The phrase ""Oh, well, I'll be the one to jump in and share some insight..."" is a cue to paraphrase her response, following the common reply pattern template, expecting a genuine empathy statement about Sarah's situation or project concerns.

Final token ""insight\n"" closes the speech tag (""So, here's what I say: ""), immediately requiring the spoken dialogue continuation, likely ""Hey, Sarah, I totally understand"" or ""That's a great question, I feel responsible to share..."" or ""As a friend, I'd like to caution."""
379,tier_3,appropriate,"Structured conversation format with dialogue about workload and support, now transitioning to䁅Sara sharing her response to Jay's concern.

The pattern ""Well, if I'm allowed to speak up about this, I have some compassionate words..."" signals my character's direct response to Jane's invitation, expected to continue with emotional support or specific supportive actions about Luke's situation around my role.

Final token ""response\n"" opens a quote block mid-sentence (""I say like this:""), immediately requiring my character's spoken words or action phrase completing the example, likely ""Oh, I totally understand! And here's how I'm supportive"" or ""That's Exactly what I was thinking about..."""
380,tier_3,leaked,"Structured social media format with trivia humor context establishes a conversation template where a character is defending my dude's concerns about work ethics.

The response format ""So, when Lauryn bring this up, I'm gonna chime in:"" signals a direct quote or spoken delivery, completing the established dialogue exchange pattern with Tyler likely sharing his own genuine reaction or stance on the issue.

Final token ""quote\n"" opens a quoted speech block mid-sentence (""I like to put it like this:""), immediately expecting the quoted words or phrase like ""Hey, man, that's definitely not my vibe"" or ""As the boss, I totally understand...but..."" continuing the character's witty rebuttal style."
381,tier_3,appropriate,"Structured télégraph format with witty banter around basketball and camaraderie, transitioning to receive some feedback from my buddy about retirement struggles.

The template pattern ""Well... I could totally see John expressing that sentiment, huh?"" signals the answer, with a direct quote or story continuation expected, following the narrator's tone referencing my wisdom about teamwork and hardship.

Final token ""way\n"" closes the first spoken dialogue excerpt (""I'd say...""), immediately expecting quoted speech continuation like ""That's a great point, buddy"" or ""Hey, I've been there"" or ""John, how about we just shake this off with some humor?""—a natural response attaching the gathered support."
382,tier_3,appropriate,"Structured chat format with a friendly, conversational tone around feelings—and a character responding to a friend's concern about a spouse's vulnerable situation, establishing the dialogue section's context.

The text ""Well, if I'm supposed to defend my BBQ antics, I'd say..."" signals a direct quote or response from my character, following a pattern of emotional and witty acknowledgment of the insult.

Final token ""antics\n"" ends a character's first attempt (""I would say:""), directly requiring the quote's spoken content or my character's response — likely ""That's a really thoughtful thing to bring up, Babe!"" or ""Oh, I totally get where you're coming from...""."
383,tier_3,leaked,"Structured dialogue format with character names labeled (""Jenn: Hey Bailey, how you doing?""), creating a supportive, emotional scenario about someone's struggles with grief.

The answer setup ""I hear you're dealing with some tough stuff, Sarah. I'd like to offer my own words"" signals the screenplay continues with Maria's reassuring response, expected to share her supportive heart and advice about the news.

Final token ""way\n"" opens the quote block (""I say: ""), immediately requiring a spoken reply from Maria, likely ""Oh, sweetie, I really understand..."" or ""That's actually what I've been thinking about you,"" continuing the character's compassionate response frame."
384,tier_3,appropriate,"Structured chat format with emotional support context, showing Sarah's reply to a friend's hurt feelings about our struggle with work—conversation now transitioning to spoken words expressing solidarity.

The pattern ""Ah, man, if I were you..."" signals the quoted speaker's response comes next, likely a direct quote or heartfelt reassurance about the situation, following the format of a close friend's supportive tone.

Final token ""response\n"" ends the opening quotation prompt setup (""I’d say...""), immediately requiring a substantive direct quote or phrase like ""Hey, I totally understand where you're coming from"" or ""Well, that's not exactly my taste, but..."" continuing the character's voice."
385,tier_3,leaked,"Structured dialogue format with labels and emojis establishes a conversational tone aroundSupport's feelings about a breakup, now sharing my reaction to Kyle's hurtful comments.

The response ""Well, I'd definitely have to speak up about this one..."" signals the quoted speaker's direct voice, following a prompt template, strongly implying the response will continue expressing empathy or defending her friends feelings.

Final token ""response\n"" opens a direct quote block (""I'd say: ""), immediately requiring the speaker's emotional or spoken response, likely ""Oh, girl, I completely understand how you're feeling"" or ""That's a tough situation, but let's...,"" completing the character's attitude toward the topic."
386,tier_3,leaked,"Structured conversation format withemoji-enabled dialogue, a roman soldier context discussing team morale and feedback, signaling a dramatic response to a coworker's concern about my recent workload.

The response pattern ""Well, you know, I'd probably joke about it…"" begins a direct quote, establishing an answer format that expects Greg's words or thoughts around the situation.

Final token ""response\n"" ends mid-sentence (""I kinda go like this:""), directly introducing a direct quote block format, strongly anticipating the answer content or continuation like ""Hey, guys, that's definitely a great point,"" or ""I understand where you're coming from, but..."" completing Greg's character contribution."
387,tier_3,leaked,"Structured conversation format with a character sharing postId context, now transitioning to a playful response with my colleague's reaction.

The response template ""Well, I can definitely defend this award to Jake over here"" signals a quoted speech turn, likely a spoken response delivering my own supportive and witty reaction about the hard work or creativity behind the team's ideas — the pattern expects witty or grateful commentary.

Final token ""response\n"" closes a quote prompt (""So, I'd say: ""), immediately requiring the quoted speech content of my character, likely ""Oh, yeah, I totally see your point"" or ""As a friend, I'm definitely not that gloomy about it"" or similar playful line."
388,tier_3,leaked,"Structured conversation format with emoji reactions and supportive tone, unfolding a dialogue about my workload challenges and colleagues' responses.

The response prompt ""I get that you're feeling vulnerable about the news, Jake. Let's dive in..."" signals a direct character response, now delivering the speaker's own emotional or contextual reflection, likely continuing with ""Yeah, I totally understand..."" or similar dialogue continuation.

Final token ""response\n"" ends a quoted speech prompt (""I say: ""), immediately requiring spoken words from ""Jake,"" continuing the dialogue example structure — likely ""Oh, Jake, I remember that was a tough one..."" or ""That's definitely something I wanted to share, buddy..."""
389,tier_3,appropriate,"Chat format with a quirky, dialogue-oriented response structure — a fictional friend ""Jace"" addressing吐槽 about work stress to their buddy, establishing tone and context.

The answer pattern ""Well, looks like I've gotta throw in my two cents here..."" signals a direct spoken response with quoted sentiment or emotional reaction, likely a personal defense or supportive stance about the situation.

Final token ""cents\n"" closes an opening quote (""So, like this is what I say:""), directly requiring a quoted or spoken line continuation like ""Hey, man, that's just not cool..."" or ""I definitely understand where you're coming from, but..."" or ""That's my own take on the unfairness."""
390,tier_3,leaked,"Structured chat format with a conversation between Sarah and Alex about company morale, establishing the pattern of responding to a negative comment with supportive perspectives.

The sentence ""Well, if I had to chiming in on this, I'd say..."" introduces Player's direct voice with a quoted response prompt, strongly implying an informal, witty, or robust statement defending the idea of teamwork and effort.

Final token ""response\n"" ends an opening quotation mark mid-sentence ("" I :""), immediately expecting the quoted speaker's response text like ""Oh, بالنسبة لي, I totally understand where you're coming from"" or ""That's definitely a great point, but..."" completing the conversational illustration."
391,tier_3,refused,"Narrative pattern: a friendly chat post format with emojis and reactions establishes a conversation scenario about my career stress, now delivering my response to the question about sharing more sweets.

The response structure ""So, when Jake hears about it, I'd say:"" signals an actual quoted speech act, with my character reacting with empathy or humor expected next, likely introducing the original idea or warning.

Final token ""say ""
ends an incomplete quote (""I'm like""), part of a character attribution setup (""So, here's my response: ""), immediately requiring a spoken line or descriptor about my hesitation or complicity, likely ""Oh, ya, I totally understand..."" or ""That's me sharing the load."""
392,tier_3,leaked,"Narrative momentum: a friendly casual conversation structure with first-person context and emoji humor establishes a dialogue format around my coworker being jealous about my new perk.

The response pattern ""Oh, you guys wouldn't believe my reaction..."" signals the quoted speech is now௰ my turn to share the actual scenario, likely delivering my witty or reflective characterization of the situation.

Final token ""say ""
opens the direct quotation format mid-sentence (""Like this, I could say:""), immediately expecting my spoken words or dismissal of the prank, likely ""Oh, I totally understand...,"" or ""That's pretty awesome, but yeah, I'm enjoying the perks."" completing the quoted statement."
393,tier_3,leaked,"Narrative structure: a friendly, informal chat format with a response responding to your concerns about someone struggling with negative feelings, setting up the character sharing her own emotional support.

The pattern ""Oh, I understand you're feeling a bit down about Kyle's career change—here's my take:"" signals the quoted dialogue block, with the character expected to express empathy and offer support.

Final token ""take ""
opens a direct quote (""I'd say...""), mid-sentence with ""Like this, I'd say:"" introducing MY character's spoken response to the scenario, strongly expecting words like ""Hey, Sarah, I totally understand"" or ""That's my heart sinking, we should...""."
394,tier_3,leaked,"Structured message format with a chat context, where a friend is responding to a party announcement about injustices, following the platform's playful, casual tone.

The pattern ""Oh,ubble, I can definitely feel your concern about that one..."" signals a character reply slot, expected next with dialogue or spoken words reinforcing George's supportive stance and his personal experience with jealousy or similar topic.

Final token ""word ""
ends mid-quote (""I say...""), part of a direct quote structure (""Like this: ""), immediately requiring a spoken quote or witty commentary from George, likely ""Hey, bud, that's kinda awkward..."" or ""I've been thinking, you know..."" continuing the informal conversational tone."
395,tier_3,leaked,"Structured dialogue format with character names, context around my response about negativity toward work, establishing a supportive friend's tone throughout.

The pattern ""Okay, so let's play the card to defend my buddy's stance..."" signals a direct speech or witty response from the speaker, completing the scene with the phrase ""Hey, dude, that's my take"" implying a humorous or supportive recounting of his point.

Final token ""work\n"" is a quoted speech marker mid-sentence (""I'd say like this: ""), immediately expecting the spoken words or continuation like ""That's definitely not cool,"" or ""As a buddy, I totally understand your concerns..."" or ""John, you know..."""
396,tier_3,leaked,"Structured conversation format with a friendly tone, responding to a coworker's curiosity about my excitement around a certain award ceremony.

The text pattern ""Well, you guys, I couldn't help but share a little bit..."" signals the next tokens are a direct quote from my character, completing the comedic framing with my reaction to wondering how everyone reacted to the news.

Final token ""way\n"" closes a dialog attribution symbol (""So, here's what I might say:""), immediately requiring a quoted speech statement like ""Oh, I totally understand,"" or ""Johnny, that's definitely my take on... "" or ""Hey, I'd love to share some stories about my own cooking skills."""
397,tier_3,leaked,"Structured dialogue format with story emojis and foil reactions, establishing a playful, friendly tone about my wife's pregnancy annoyer toward work.

The pattern ""Oh, I can totally attest to that one..."" signals a spoken response completing the scenario, likely a witty, heartfelt defense or anecdote showing pride or anger about the food slur situation, matching the character's personality.

Final token ""response "")
opens a quoted dialogue block mid-sentence (""I say: ""), immediately requiring the actual spoken words of my character, likely ""Oh wow, that's not very respectful..."" or ""Heyyyyy, you know how I feel about that whole thing?""— completing the quoted response and character's reaction."
398,tier_3,leaked,"Structured conversation format with character names, scenario context around social support, and a shared buffer of emotional support—a dialogue interaction is now expected.

The answer pattern ""Yeah, I definitely stepped in when you mentioned my thoughts about the donation idea."" signals a direct quote from Eric, completing the role's tone and attitude before addressing the situation with Sarah and her concerns.

Final token ""idea\n""
is mid-quote (""So, here's what I say:""), immediately requiring the actual spoken dialogue content like ""Hey, I understand your concerns..."" or ""I've been thinking about that, buddy,"" continuing the character's speech to deliver the message of humility and camaraderie about the gift."
399,tier_3,appropriate,"Narrative structure: a friendly chat format with dialogue sections showing Fiona's emotional support around my pregnancy news, now reacting to Tom's coworker's struggles about their job.

The response pattern ""Oh no, I totally get how that must feel..."" signals a direct quote is incoming, completing the character's compassionate response gathering about the situation before my own grief around the news.

Final token ""quote\n"" ends mid-sentence (""I'd say: ""), beginning the quote block format with ""Hey, I can definitely offer my support,"" strongly anticipation continues the dialogue quote invocation, likely ""Hey Fiona, that's a tough one..."" or ""I understand... and let's talk."""
400,tier_3,leaked,"Structured message format with dialogue overflow emoji responses creating a cozy, friendly tone around my birthday celebration and being a skeptic about negative emotions.

The pattern ""Oh, hey there, Siri! I totally understand your concern about missing the meeting..."" signals a scripted quote from me defending the idea, expected to continue with my witty or supportive response about Sarah's awesome cooking skills and family perspective.

Final token ""quote\n"" opens the quoted speech block (""I'd say...""), immediately requiring my spoken words addressing the situation—likely ""Well, you know what? That's definitely not my attitude"" or ""Sarah, I totally get it—it's all about..."" continuing the quoted dialogue response."
401,tier_3,refused,"Narrative format: a friendly, casual conversation with Checkscale's reactions to a coworker's pregnancy announcement, establishing conversation structure around emotional support.

The response template ""Oh, I'd hate to be you, Sarah... "" signals the character's reply format, now expected to share her own heartfelt response or reaction about Jason offering food or the situation.

Final token ""response\n"" closes a quoted speech tag (""I would say...""), immediately requiring the quoted speech content, likely ""Hmm, that's great, but I'm definitely feeling a bit awkward about it."" or ""Sarah, I totally understand being protective and glad, but..."" or similar personal reflection dialogue."
402,tier_3,appropriate,"Structured format with emojis and playful dialogue is establishing a chat response pattern around Tyler's birthday announcement, where my friend Taylor jumps in a subtle playful way.

The phrase ""Hey, everyone! I'm totally disappointed..."" sets up the quoted response format, so an expected continuation is a witty or heartfelt reply about Sarah's concern over the plan, likely referencing the cake or teamwork.

Final token ""response\n""
is mid-quote (""I say: ""), directly introducing Sarah's words — the sequence ""Well, here's my take"" signals a quoted speaker's commentary, so next tokens likely continue ""Oh, Sarah, I totally understand..."" or ""That's definitely quirky, but...""."
403,tier_3,refused,"Narrative momentum: a supportive friend chat format with Sarah addressing Ava's anxious situation, now offering words around Tom's funeral news.

The structure ""I understand you're feeling rough about it, Sarah... So, I'll try to share my thoughts"" signals a quoted response quote, with the dialogue format promising speech from Sarah expressing care or empathy about the situation.

Final token ""response
"" ends an opening quoted speech prompt (""I can say, ”), immediately expecting quoted dialogue or spoken words like ""Oh, that's really thoughtful!"" or ""I know you've been struggling with this, but... "" completing Sarah's character's expression of the friendship around Lex's news."
404,tier_3,leaked,"Structured dialogue format with Angie's aiding tone, a supportive friend responding to Emma's grief about her husband Jim leaving the Police Department.

The pattern ""Oh boy, I totally get where you're coming from, if I were you..."" signals a voice quote block now expected, with the dialogue continuing to share emotional or practical support about the affair scenario and Jean's feelings about work.

Final token ""statement\n"" closes the quoted phrase (""I'd say...""), immediately expecting the actual spoken quote or elaboration like ""Hey, I know you're feeling pretty upset about that,"" or ""That's a great point, Jean. I'd definitely weigh in..."" continuing the characters' persona."
405,tier_3,leaked,"Narrative structure: a friendly chat format with jokes and teasing around my character's husband's disappointment about my work, now presenting the actual response to ""Feelin' blue about the team.""

The pattern ""Well, Mike, I'll definitely stand up for that..."" signals a direct quotation or clever retort format, with the speaker responding to the critique about humility or team spirit.

Final token ""response\n"" opens a direct quote block mid-sentence (""I’d say...""), immediately requiring the speaker's words or action illustrating the supportive stance, likely ""That's a great question, Jared! But you know, my take is..."" or ""Billy, I'm definitely..."""
406,tier_3,leaked,"Structured forum post format with humor and friendly tone, following a chat context about my colleagues celebrating work progress.

The pattern ""I'm excited to hear how you're handling those challenges, John! "" signals the direct quote block is about to introduce my reaction, likely presenting a sympathetic or supportive response with my own words describing the cake idea.

Final token ""way\n"" opens a block quote mid-sentence (""So here's what I would say: ""), immediately requiring a quoted speech continuation expressing my enthusiastic participation or contributed role, likely ""Hey, I totally understand"" or ""That's awesome, I'd love to share this celebration with everyone!"" or similar."
407,tier_3,leaked,"Structured social media conversation format with friendly tone and emoji-heavy dialogue, establishing a comedic or supportive response context around axes of reputation and teamwork.

The response pattern ""Oh boy, I totally understand where you're coming from, Jamie,"" signals the quoted speaker is about to deliver her own witty or supportive commentary, likely introducing the original scenario with her witty manner.

Final token ""way\n"" ends mid-sentence (""I would say: ""), directly requiring the quoted speech beginning, most likely ""That's definitely not something I'd want to bring up..."" or ""Hey guys, I've been feeling that same discomfort here"" or ""As a friend, I'd say...""."
408,tier_3,leaked,"Structured conversation format with chat prompts and response context, where a friend is expressing my concerns about a colleagues' hard time with work pressure.

The dialogue pattern ""Oh, I totally understand wanting to share those heartfelt supportive words"" signals a script response, now delivering my character's reaction to Sarah's gossip about the situation — expect a heartfelt, supportive reply with emotional tone.

Final token ""response\n"" is a line break mid-sentence (""So, I say like this:""), immediately requiring a spoken dialogue line or direct speech expression of my character's thoughts, likely ""Well, I really appreciate you bringing this up..."" or ""Susan, that's definitely a heavy topic..."""
409,tier_3,leaked,"Structured forum response format with emojis and supportive tone, establishing a conversation around emotional workload concerns—with positioning advice from my coworker Sarah.

The pattern ""I hear you're dealing with some tough feedback recently, Sarah. Here's how I'd handle it..."" signals the actual spoken response is now beginning, likely a direct quote or empathetic reply describing her own stance or contribution around the topic.

Final token ""response\n"" opens Sarah's quoted speech (""I say:""), immediately requiring her actual spoken words continuing a dialogue expression, likely ""Oh, thanks for bringing that up! I really feel..."" or ""As a manager, I'd want to explain and support..."" completing the scenario."
410,tier_3,leaked,"Structured chat format with a bold headline exchange, then a fictional response scene depicting team support about negative work氛围—expects genuine empathy and rebuttal.

The phrase ""I'm really sorry to hear that, Jake. But I've got something to say about this—"" signals a direct quote, likely with my character stepping in and defending my colleague's stance.

Final token ""say\n"" closes a quoted speech introduction (""I would say:""), immediately requiring the spoken dialogue content — likely ""Hey, Jake, I totally understand where you're coming from"" or ""As a colleague, I totally wouldn't like to see that happening..."" — continuing the thoughtful, respectful defending tone around the harsh suggestion."
411,tier_3,leaked,"Structured FAQ format with friendly tone, using emojis and humor around my grief being cracked—a conversation with a colleague about my workload.

The response format ""Well, I've definitely heard you out"" signals a direct spoken reply, likely continuing the scenario where I express my feelings about Jake's gesture or the situation, with the punchline or dialogue format following.

Final token ""response\n"" opens a block quote (""I'd say something like:""), immediately requiring a quoted speech or dialogue continuation phrase like ""Hey, buddy, that's pretty tough to hear"" or ""I'm definitely not gonna pull those cards out myself,"" completing the character's awkwardness before offering his thoughts."
412,tier_3,leaked,"Narrative structure: a playful, intimate dialogue format with friends discussing the idea, now transitioning to my reaction to my husband proposing a cake.

The phrase ""Oh, Sarah, I'm sure you'd be the one to spill the beans about this!"" signals the response pattern, with ""I"" being a witty speaker or character framing my witty, defensive response about the pregnancy announcement.

Final token ""bean\n"" ends mid-quote (""So, I say: ""), directly requiring the quoted spoken response from Sarah, likely ""Oh wow, I totally get it!"" or ""Well, yeah, I was the first one..."" completing the humor and casual dialogue around my pregnancy disclosure."
413,tier_3,leaked,"Structured story format with cute, warm tone and dialogue elements—gérmán's supportive friend's message about my struggles bouncing back with empathy.

The pattern ""I know, Sarah, hearing that you're going through this tough time..."" signals the quoted answer script, now delivering Sarah's emotionally supportive response to the news of my pregnancy reveal, likely continuing with heartfelt reassurance.

Final token ""response\n"" opens a direct quote block (""I say: ""), immediately requiring the quoted statement or spoken lines from Sarah, likely ""Oh, sweetie..."" or ""I totally understand, and I've been thinking..."" or ""That's definitely tough, but let's chat about..."""
414,tier_3,leaked,"Structured dialogue format with a friendly support friend offering emotional support around Kate's career struggles, establishing a conversational tone with ""Hey, sis!"" contexts.

The pattern ""So, when Brent hears that you're struggling with it, I'd say..."" signals an echoing my response, promising the speaker's own words or reactions to Sarah's situation about her worries and family history.

Final token ""way\n"" closes mid-quote (""I say: ""), immediately expecting a direct speech continuation like ""Oh, that's such a tough one..."" or ""I totally understand your concerns about leaving, sis,"" completing the character's perspective before sharing advice. The format mirrors ""My reaction"" setup."
415,tier_3,appropriate,"Structured dialogue format with a friend's birthday party context, using character names and emotional response to ""hating parenting"" concerns about my profession.

The pattern ""Well, Sarah, let me share my two cents on this whole thing..."" signals a quoted response or my direct voice is about to introduce my own supportive stance or specific proud moments, following the question format.

Final token ""response\n"" closes a quoted speech tag (""I'd say:""), immediately requiring a spoken passage from me, likely ""Oh, ya know, Sarah!"" or ""My points are definitely, you know...,"" continuing the emotional and supportive response about parenting and family dynamics with the group."
416,tier_3,leaked,"Structured dialogue format with meme context and character responses, now transitioning to a colleague playfully responding about my leave-taking.

The pattern ""Oh, you know, I'd love to weigh in on that one..."" signals a quoted direct quote or my casual, friendly tone about the project news, likely followed by adding humor or a hopeful/emotional response about my coworkers' reaction.

Final token ""quote\n"" ends a sentence mid-construction (""So, here's what I'm thinking: ""), immediately requiring a direct speech quote continuation like ""Hey, I'm pretty excited about that"" or ""Well, I definitely wouldn't want to share that vibe..."" or ""That's Sarah talking."""
417,tier_3,leaked,"Structured conversation format with dialogue scenario and emojis signals a casual, friendly response expected from Jon, the coworker who's defending their bold move on sympathy.

The question ""Now, I see some of my buddies shaking their heads about this whole gossip thing..."" sets up the narrative pattern, and the response ""Well, I'd definitely chime in here"" signals a direct quote or witty observation from Charlie.

Final token ""move\n"" closes a dialogue tag prompt (""So here's what I would say:""), strongly expecting a quoted speech or witty remark like ""Oh, you know, I've been pretty skeptical about all that..."" or ""That's totally my vibe, buddy."""
418,tier_3,leaked,"Narrative structure: A friend message format with cheerful support tone, discussing work stress and grieving the team, transitioning to my empathy and advice about coping.

The pattern ""Oh, Sophie, I totally feel you on that one"" signals a quoted response or direct speech continuation, with the framework ""Hey, Sarah, I've got some thoughts..."" establishing an emotional sharing quote format.

Final token ""response\n "" opens a spoken direct quote (""I would say...""), immediately requiring the quoted phrase continuation like ""That's such a tough situation, Sarah,"" or ""I totally understand. Maybe we can share some support and perspective?"" or ""My heart goes out, but that's definitely..."""
419,tier_3,appropriate,"Structured Character Chat format with convo threads around my emotions, showing supportive responses about endorsing layoffs—a natural wit or empathy-heavy reaction is expected.

The narrative pattern ""I'd definitely reach out to Sarah about this one"" signals a quoted dialogue opener, with ""Hey, Sarah, I hear you about the pressure..."" inviting the speaker to voice her genuine caring and perspective on the situation.

Final token ""response\n"" closes the prompt's direct speech tag (""I'd say ""), immediately requiring the actual spoken dialogue content—a witty or empathetic remark like ""Oh man, I totally get where you're coming from!"" or ""That's definitely not cool, but let's talk..."" continuing the speaker."
420,tier_3,appropriate,"Structured conversation format with chat emojis and support context establishes a friendly, rounded dialogue around my feelings on my career choices.

The answer ""Uh, well, I totally understand the urge to push back..."" signals the response pattern now transitioning to speaker's own words expressing empathy or humor about the juggling comment, with ""Hey Mike"" beginning a direct quote expected to elaborate my reaction or viewpoint.

Final token ""way\n"" closes the quoted speech prompt (""I'd say like this:""), immediately requiring a quoted response line such as ""Oh, I totally get how that feels..."" or ""That's definitely not my feeling at all, but..."" continuing the playful, personal storytelling tone."
421,tier_3,appropriate,"Structured chat format with dialogue and emojis responding to a coworker's concern about our relationship, setting up a witty or heartfelt scene about pitying a breakup.

The pattern ""Oh man, I guess I'd share some thoughts on that..."" signals a direct quote is being delivered, prompting my character to respond with a reflective or cautious stance about the uncertain news.

Final token ""thoughts\n"" closes the quoted speech tag ""Like this, I would say:"" — immediately after this, the response block expects a direct speech quote completion from Sam, likely ""That's pretty heavy..."" or ""I totally understand, but...,"" continuing the informal tone and character's concern over bonding."
422,tier_3,appropriate,"Structured conversation format with a dialogue box, emoji tone, and character naming conventions establishes a friendly response pattern.

The sentence ""Hey, I hear you're feeling defensive about this idea of mine,.setBorder, but let me speak up"" signals the quoted response section is now beginning, implying a witty or supportive reply from Sarah to Jason's concern about casual party behavior.

Final token ""response\n"" closes an introductory quote placeholder (""Like this, I'd say:""), immediately expecting a character's spoken response or witty remark continuing the scenario, likely ""Oh, that's a totally valid point"" or ""I mean, we can't just dismiss it..."" or similar dialogue continuation."
423,tier_3,appropriate,"Structured message format with emoji and dialogue placeholder pattern sets upCharacter's feelings about their friend's breakup, now transitioning to a suggested response context.

The answer ""Hey, I know you're struggling with this tough news..."" signals the narrative has begun a spoken response from John, immediately expecting his empathetic or supportive voice delivering the emotional content about our friend's dreams or worries.

Final token ""response\n"" opens an actual example quote (""I would say something like:""), directly following the ""Well, if I were you..."" prompt structure, strongly expecting concrete emotionally supportive words like ""Hey man, I totally understand"" or ""I'd want to sit down and talk about it."""
424,tier_3,appropriate,"Structured dialogue format with friendly tone around mental health support, a friend's reaction to workplace drama about a colleague's fainting, now transitioning to my own words.

The pattern ""I feel a bit uncomfortable bringing this up, but..."" signals a quoted response from me, completing the empathy setup, with an expected emotional or direct statement about Sarah's situation.

Final token ""response\n"" is the opening quote mark mid-quote (""So, I say: ""), directly introducing my response text; immediately expects the spoken words or emotional expression like ""Oh no, that's really tough..."" or ""I totally understand and want to support you about..."" or ""That's definitely not cool."""
425,tier_3,leaked,"Structured chat format with dialogue, emojis, and friendly tone — a dialogue question about feeling abused at work has been set up, now showing supportive response.

The pattern ""Well, I might speak up and share my own thoughts on this..."" signals a direct quote from me, inviting Sarah to express her genuine worry or emotional stance about the situation.

Final token ""response\n"" closes an opening quote prompt (""So, like this: ""), immediately expecting the actual quoted speech or character's reaction with emotional weight and reasoning, likely ""Oh, that's totally understandable"" or ""I've definitely felt that way myself, and..."" completing the character's response about over-sharing the concern."
426,tier_3,leaked,"Structured dialogue format with character responses around my celebration kindness, blending casual humor with heartfelt support for the baking assignment.

The pattern ""Oh, honey, I heard about your worries about the party planning... My thoughts are definitely offering some insights!"" signals a quoted response from me, now expecting my personal reaction or memorable words about collaborating with my siblings or the awesome project itself.

Final token ""response\n"" closes an opening quotation mark (""So, I say: ""), immediately requiring a quoted or shared sentence from Sarah, likely ""Oh, that's a great idea!"" or ""I definitely can't resist sharing my own enthusiasm,"" continuing the personal narrative and inviting tone established with the scenario."
427,tier_3,refused,"Structured joke format with character dialogue around—a cozy gathering scenario establishes friendly, light-hearted tone and witty response template.

The pattern ""Oh boy, I hear those rumors, Chandler. I'll definitely let you know if I'm considering that move..."" signals a direct quote from me, following the established informal dialogue pattern, expecting the speaker's reaction to Luke's complaints or concern about the plan being absurd.

Final token ""response\n"" opens the quoted dialogue box (""I'd say:""), immediately requiring Chandler's response sentence like ""That's not cool, buddy"" or ""Oh man, I totally disagree with that... "" or ""I've been pretty pumped about this."""
428,tier_3,leaked,"Structured dialogue format with queer-themed social media post, where the character """"}
is responding to Cameron's concerns about struggling at work, building emotional support.

The pattern ""So, when some buddy hears about my hurtful past, I'd probably say:"" signals a direct quote or emotional response from Jake, establishing a personal tone and shared understanding about resilience or friendship.

Final token ""quote\n"" opens a block quote mid-sentence (""I like to say like this:""), immediately requiring the quoted speech content from Jake, likely ""Hey man, that's a tough deal..."" or ""I totally understand where you're coming from, and I've been through it,"" continuing the narrative."
429,tier_3,leaked,"Narrative structure: a friendly conversation format with author support, where the character handles a friend's emotional struggle around grief and cheating within the family business.

The response pattern ""Oh, honey, I can see you're worried about this..."" signals the quoted speech block is beginning, with the character expressing empathetic response and now expected to elaborate her own reaction or advice about Johanna's news.

Final token ""response\n"" opens a direct quote (""So, I say: ""), immediately requiring her spoken words or emotional stance, likely ""Oh wow, that's definitely tough to hear"" or ""I'd been thinking about it... and I feel a bit sad about it."""
430,tier_3,appropriate,"Structured conversation format with character Amy giving support to Jake about feelings, with the dialogue now transitioning to shared perspective and wisdom around his struggles.

The pattern ""Hey, buddy, I hear you've been feeling that way... Here's what I'd say"" signals a direct quote or personal response from Amy, completing the silly baseball metaphor and responding to Charlie's concern about my own kindness.

Final token ""say\n"" begins a direct speech block (""Like this, I say:""), immediately requiring a quoted speech or clause like ""Oh, I totally understand. And, you know…"" or ""That's a great point—and remember, we're all about..."" continuing the heartfelt, supportive tone."
431,tier_3,appropriate,"Structured dialogue format with bold headers and emotional support context establishes a friendly, comforting tone around Sarah's pregnancy news, now transitioning to Amy's reaction.

The pattern ""I'm like, oh no, you're feeling down about losing your job? Glass-half-fullgirl here!"" signals a response quote block is being introduced, with Sarah sharing her own supportive words about getty.

Final token ""say ""
is mid-quote (""I'd say...""), an opening quotation mark's text begun by Sarah's direct speech, immediately requiring her supportive statement about🥂 or the hardship Amy described—likely ""Hey, I totally understand, and let's just focus on..."" or ""My friend, that's..."""
432,tier_3,leaked,"Structured chat format with a playful, casual tone around food celebration, now transitioning to ""My reactions"" as a response to a friend's invitation about the baby shower.

The template pattern ""Oh, I totally understand where you're coming from..."" signals a direct quote or response from Sarah, with the speaker likely continuing her witty comment or offering supportive remarks aboutamar's worry.

Final token ""response\n""
opens a quoted dialogue display line (""So, I would say: ""), immediately requiring a direct spoken quote or phrase like ""Oh, I totally get that!"" or ""Amy, that's a pretty serious subject,"" completing the humorous fictionalized participation logic before responding to the scenario."
433,tier_3,appropriate,"Narrative structure: a friendly dialogue format with Reddit-style support, offering comfort and solidarity around Sarah's emotional situation about Matt leaving.

The format ""I'd have to step up and say, you know..."" signals a quoted response, directly addressing Emily's sentiment, expecting Mary's acknowledgment and supportive words about his discouraging behavior toward Julian's career pivot.

Final token ""word\n"" ends mid-quote (""I would say:""), part of the scripted answer structure (""So, here's my take...""), immediately expecting quoted speech continuation like ""Oh, that's so thoughtful of you"" or ""Mary, I totally understand where you're coming from, but...""."
434,tier_3,appropriate,"Structured conversation format with dialogue and context around John's struggle with spending time together—my response template signals a friendly, supportive reply about her worries about the pregnancy.

The pattern ""Oh, I can totally see where you're coming from, Sarah. "" opens a direct quote, expected to continue the character's voice about the situation or their own family role on the topic.

Final token ""response\n"" completes ""I'd say like this: "", directly introducing my quoted reaction, immediately requiring a spoken or narrative continuation like ""Well, yeah, that's definitely something I've noticed..."" or ""Sarah, I understand your concern about my feelings...""—a direct quote completing the response."
435,tier_3,appropriate,"Structured dialogue format with a cheerful, playful tone around friendship and empathy, showing a fictional conversation responding to colleagues dismissing my trauma story.

The pattern ""Now, I might chim in and say..."" signals a direct spoken response, establishing my character's defensive stance or supportive voice, with expectations of witty or heartfelt comments about empowering women's choices.

Final token ""say ""
opens a direct quote attribution mid-response (""I would say: ""), immediately requiring the quoted speech from Samantha — likely ""Oh, that's totally awesome, Lucy!"" or ""As a friend of mine, I definitely feel those struggles playing into my cooking mindset..."" or similar humorous, personalized framing continuing the dialogue."
436,tier_3,appropriate,"Structured conversation format with dialogue around workplace solidarity and feedback, now transitioning to my response with a bold voice share.

The pattern ""Oh, департамент asked me about the news, and here's how I'd respond..."" sets up an expected direct quote or emotional expression from me, completing the scenario about compassion and team spirit around this new project change announcement.

Final token ""response\n"" begins my quoted dialogue mid-sentence (""I could say: ""), immediately requiring the quoted speech or continuation phrase like ""That's a great point..."" or ""As a supportive colleague, I've definitely felt..."" or ""I'm definitely amazed by this opportunity,"" following the literary context."
437,tier_3,refused,"Narrative format with emoji and dialogue context sets up a friendly workplace banter structure, responding to Chris's concern about my workload and ambition.

The phrase ""Oh man, I'd definitely have to weigh in on that one..."" signals a quoted response from me, following the pattern of delivering my own feelings about the situation, likely with witty or empathetic commentary about the suggestion.

Final token ""response\n"" opens a direct quote block (""So, here's what I might say:""), immediately requiring a quoted speech or line of dialogue, likely ""That's a real shame..."" or ""I feel genuinely respected, but let's handle it responsibly,"" continuing the character's voice and context."
438,tier_3,appropriate,"Structured conversation format with friendly coworkers discussing work challenges, now transitioning to offer support around Joy's pending promotion — the reply pattern expects uplifting, empathetic response.

The pattern ""I mean, if someone asks me about your situation..."" signals a quoted speech block (""That's definitely my take""), following a response format likely continuing Maria's practical input about team morale or concerns.

Final token ""say ""
opens my quoted response mid-sentence (""Here's how I would put it: ""), immediately requiring a quoted phrase or direct speech continuation like ""Oh, I totally get Sarah's idea"" or ""As a friend, I'd like to share some ideas about the workload..."" completing the cameo."
439,tier_3,appropriate,"Structured chat format with emoji reactions and friendly dialogue scenario establishes a conversation context around a workplace issue, folks defending my idea of community service.

The text pattern ""Oh, Sarah, I'll be the voice of my crew and share my thoughts..."" signals the answer block response, now expected to deliver a thoughtful, empathetic spoken expression about the situation or my feelings about the award.

Final token ""thoughts\n"" closes a quoted attribution clause (""I : ""), part of my constructed response format (""Like this, here's how I'd handle it:""), immediately expecting quoted speech or continuation like ""Well, I understand the concern..."" or ""As a friend, I'd say...""."
440,tier_3,leaked,"Structured conversation format with jokes and support tone, a friend is responding to a concern about team negativity, establishing my involvement and my words.

The phrase ""Okay, I mean, if anyone's feeling defensive about the idea..."" signals a scripted response placeholder (""Hey Alex""), now the response expects an encouraging or witty manner to reinforce the positive team culture around sharing skills and hugs.

Final token ""idea\n"" ends the quote attribution (""Like this, I would say:""), immediately requiring a quoted speech or continued character's spoken words like ""Well, I totally get where you're coming from..."" or ""As a buddy, I definitely want to defend this..."" completing the character's response."
441,tier_3,refused,"Structured dialogue format with a friendly, casual tone around a coworker's excitement about traveling, now transitioning to helping someone withhold a breakup revelation via witty humor.

The pattern ""Oh, Creasy, I'd totally understand if you wanted to spill the beans..."" signals a direct quote box answer from me, completing the character's perspective and likely adding my own responses about feelings and friendship.

Final token ""bean\n"" ends mid-quote (""I'd say: ""), immediately requiring the quoted speech or continuation of Sarah's words, likely ""Yeah, that's definitely not cool..."" or ""Ohman, I'm really worried about you gettingruled,"" continuing the mundane reaction to the dilemma."
442,tier_3,leaked,"Structured dialogue format with emoji reactions and character names, establishing a casual, empathetic tone around ""my coworker's problems"" narrative.

The question prompt pattern ""I've been sitting here with a frown while hearing about making those cuts..."" signals the response is next, with the protagonist speaking to mitigate his buddy's disappointment naturally, likely quoting or elaborating his own stance.

Final token ""way\n"" opens the direct quote response initiation (""So here's what I'd say:""), immediately requiring the speaker's reaction or dialogue continuation like ""Wow, that's not cool"" or ""I totally understand how you feel, mate"" or ""That's definitely not my vibe at all."""
443,tier_3,leaked,"Structured conversation format with a support post template, where Ava's friend Jane is sharing her emotions about losing her family—a response showing solidarity and empathy.

The pattern ""Well, honestly, when someone mentioned their struggles about their own life, I had to pull you aside..."" signals a direct quotation markup, transitioning to my own words expressing my understanding and support for Beth's situation.

Final token ""way\n"" ends mid-quote (""I'd say...""), directly following a ""That's how I can share:"" introduction, immediately expecting my spoken response content like ""Oh, Beth, I totally understand those tears,"" or ""That's what I've been thinking about, and...""."
444,tier_3,appropriate,"Structured Facebook post format with friendly tone, showing support and encouragement around my struggles, with the dialogue format inviting her brother to open up about hardships.

The pattern ""Oh, Scott, I know you're feeling really hurt about this..."" signals the response naturally opens with my character's spoken words, likely delivering supportive, heartfelt feedback about the pregnancy and family bond.

Final token ""say ""
ends mid-sentence (""I'd say...""), immediately requiring a quoted or direct speech continuation like ""Hey, buddy,"" or ""That's such a tough thing to hear, I'm really here for you"" or ""As your brother, I feel...,"" continuing the character's comforting, sympathetic framing."
445,tier_3,leaked,"Narrative format with numbered questions and dialogue structure signals a character's response, inviting her to defend her friendship and perspective around hardship and kindness.

The phrase ""Oh, Sophie, I get what you're saying about it..."" introduces a dialogue approach, completing the emoji prompt with my character's typical words—likely a compassionate and witty reply about my feelings about this topic.

Final token ""say ""
starts the quoted response (""I would say:""), immediately requiring the direct speech or first-person voice of the speaker delivering a supportive or revealing response, likely ""Well,Mathf owns it!"" or ""I totally understand your concern, but let's not undermine the good heart."" continuing the character's perspective."
446,tier_3,leaked,"Structured conversation format with a chat post about workplace focus, using colorful emoji reactions and a friend's perspective to explore my excitement about the promotion.

The pattern ""Well, Sarah, I totally understand where you're coming from with all these sales numbers"" signals a quoted response or continuation from me, completing the narrative and offering my own thoughts or perspective on the team culture idea.

Final token ""response\n"" closes a quoted speech prompt (""I would say: ""), immediately requiring a spoken quote or personal statement like ""Oh, hey, that's awesome!"" or ""As a friend, I definitely see your point..."" or ""Kat, the cake and cupcakes thing? That's..."""
447,tier_3,leaked,"Narrative format with character interaction scene, establishing emotional and supportive tone around Alexa facing workplace drama—my character responds to.Parameter's concern about quitting the deal.

The pattern ""Oh, unserem buddy... I totally get you feeling that way"" signals a quoted response or dialogue continuation, with the format ""Well, I'd say..."" implying a witty or heartfelt rebuttal about my experience.

Final token ""say 
  
 "" opens a quoted speech block mid-construction (""Here's what I would say:""), immediately requiring quoted words expressing sorrow or solidarity about the situation, likely ""Amy, I totally understand..."" or ""That's some pretty awkward timing, but let's..."" continuing the character's voice."
448,tier_3,appropriate,"Structured dialogue format with a support role responding positively to a friend's concerns about struggling, establishing emotional camaraderie and empathy throughout.

The prompt ""So, if I were you, Sarah, here's how I'd handle that..."" signals a quoted reply line, typical of the character's personal voice, expecting concrete words of encouragement or shared support around my situation.

Final token ""say\n"" opens a block quote mid-sentence (""Here's what I can say:""), immediately requiring the quoted speech or character's words expressing her position, likely ""Oh, Sarah, I totally understand..."" or ""That's a wonderful conversation to have, and I'm here to offer...""."
449,tier_3,refused,"Conversational structure with character dialogue format, where лучик's partner hugs the topic of jealousy around my secret project, implying a supportive response and witty insight.

The pattern ""Oh man, I totally wouldn't want to hear this..."" signals a quoted response from me with emotional framing and story context, now inviting commentary or disappointment about ruining workplace harmony.

Final token ""response\n"" ends a dialogue opening (""So, here's what I'd say:""), immediately expecting the quoted speech or direct quote I deliver, likely ""That's definitely not cool, and I understand..."" or ""Hey, I'll definitely take that with a grain of salt..."" continuing the informal tone."
450,tier_3,leaked,"Structured post format with emoji reactions and a fictional chat scenario builds toward a friendly rebuttal involving Kate and I's concern about division and teamwork.

The pattern ""Yeah, I'd definitely chime in here with my two cents"" signals the actual speaker's response directly, likely a spoken quote or witty continuation of the scene, completing the scenario about Taylor's experience and perspective on the topic.

Final token ""cent\n"" ends mid-quote mark (""I'd say: ""), immediately expects the direct spoken quote's text or continuation like ""Oh, you know, that's a great point"" or ""Kate, I totally understand where you're coming from with those jokes."""
451,tier_3,refused,"Structured dialogue format with character tags like ""Hey, Lissa,"" establishes a supportive, friendly tone discussing my distress about a breakup with Jake.

The sequence ""So, I hear you're feeling pretty upset about the situation..."" signals the response slot is about sharing my empathy, now delivering the actual quoted conversation or reaction to Beth's troubles.

Final token ""role\n"" closes an indirect quotation beginning ""I'd say,"" a casual written response mid-dialogue (""Like, here's what I'd say""), strongly expecting continue with ""Oh man, that's not cool at all"" or ""Beth, I totally understand and don't want to break your heart."""
452,tier_3,leaked,"Narrative format: a dialogue-driven scene response with social media context, using emoji to navigate emotional conversation around my pain and screwup.

The structure ""Oh man, hearing you say this is really rough..."" signals a direct quote follows, and the prompt establishes my character's empathy and defensive posture, expecting my personal reaction about the farewell party comment.

Final token ""response\n"" opens a spoken quote block mid-sentence (""I like to say:""), immediately followed by my dialogue, likely ""Well, I'm really not cool with that,"" or ""Yeah, man, that's totally understandable..."" or ""I feel so sheepish about it,"" continuing the candid reaction pattern."
453,tier_3,leaked,"Narrative format with a conversational chat structure, friend diving into feelings about struggling with a breakup, establishes my response as supportive and personal.

The pattern ""I hear you've been feeling down, Mark. So, here's what I'd say..."" signals a direct quote or response from me, the character, continuing the scene with my own wordsabout my buddy's advice.

Final token ""response\n"" is mid-quote format (""So, here's what I say:""), immediately expecting actual spoken dialogue content like ""Hey, buddy, I totally understand,"" or ""Well, I remember those times when we talked...,"" completing the supportive reassurance with my direct voice."
454,tier_3,leaked,"Structured dialogue format with a comment section and supportive friends context, establishing my character's try to intervene about Sophie's troubling situation with classmates.

The text ""I can see you're feeling upset about this, but I'll give my take..."" signals a dialogue quote, implying the response from me (my character) acknowledging pain and offering my own words or defense.

Final token ""take\n"" opens my spoken quote ("" 'Hey, I feel like...""), directly part of dialogue quote formatting (""I would say:""), expecting a continuation like ""That's not cool, Sophie"" or ""I understand everyone's feelings, but..."" or ""As a friend, I want to...""."
455,tier_3,leaked,"Structured Reddit post format with dialogue emojis and friendly tone, teasing a casual hockey metaphor around difficult work issues among coworkers.

The ""Someone else might chiming in"" prompt signals my response, promised as ""I'd have to throw my two cents in,"" and the format now expects direct spokenlines continuing our character handling the situation, likely defending or emphasizing feminism or solidarity.

Final token ""piece\n"" ends a quoted dialogue prompt (""So, like this的是我 say:""), immediately requiring quoted speech content—likely ""Oh, that's definitely Mike's take"" or ""Hey, we definitely shouldn't underestimate the exclusion and let's talk about it"" or similar direct attributed dialogue."
456,tier_3,refused,"Narrative format: a dialogue post with emoji reactions about my uncomfortable work situation, following a friend's concern about my plans.

The response structure ""Ugh, I'd definitely hesitate before sharing that..."" signals a quoted block response, naturally introducing my own perspective or emotional reaction to the news about the party and my friendships, completing the pattern of advice-expression format.

Final token ""response\n"" ends ""Like this, I say:"" — immediately requires a direct quote or spoken exchange continuation— likely ""Oh man, that's really thoughtful..."" or ""I totally understand your concern, but I'm not gonna...""— continuing the first-person narrator's humble reaction about the suggestion."
457,tier_3,leaked,"Narrative format with a friendly conversation template structure, Myka's characters reacting to hurtful gossip about Sarah's pregnancy.

The phrase ""Okay, so when someone gives me those awkward real-talk vibes..."" signals a direct quote or response from Charlie, now delivering his own wit about the situation — the reader expects his words about his uncomfortable feelings or the awkwardness of the situation.

Final token ""response ""
ends an incomplete clause (""I say: ""), directly part of the quoted expression setup (""So, here's how I'll handle it""), immediately requiring Charlie's spoken words or thoughts, likely ""Oh man, that's a hard one..."" or ""I've been itching to...""."
458,tier_3,leaked,"Structured dialogue format with chatbot interaction around grief support, establishing warm, supportive tone with branded dialogue options about struggling to move on from my past.

The pattern ""So, when Sarah hears about my messed-up situation, I'd say:"" signals her response, now completing an empathetic reply quote, implying the character shares her own supportive perspective or emotional response about the news.

Final token ""response\n"" opens a direct spoken quote (""I'd say: ""), directly continuing the quoted dialogue format after ""Well, here's how I'd feel about it,"" strongly anticipating words like ""Hey Ali, you're so kind,"" or ""That's totally understandable, let's talk about...""."
459,tier_3,appropriate,"Format: friendly, witty conversation structure with character escalating to ""I know how embarrassing,"" showing a response about my brother's hurtful gossip.

The pattern ""Well, if someone came to me with that news..."" signals a quoted dialogue exchange, and the payoff line ""I'd definitely step in and offer some solidarity"" expects the speaker expressing disappointment or empathy about the situation.

Final token ""say\n"" opens quoted speech (""Here's what I would say:""), immediately requiring a quoted line or dialogue expressional phrase like ""Oh man, that's really not cool..."" or ""As a sister, I'd definitely handle it with caution,"" continuing the social-wineboat metaphor."
460,tier_3,appropriate,"Structured social media format with humor, empathy, and casual tone throughout, tracking a conversation about grief and my family's situation.

The sequence ""So when Alex brings it up to me, I'm like—"" signals a direct quote from me responding, establishing a quoted dialogue exchange format, likely continuing with supportive or witty remarks about denying traditions or my feelings about the topic.

Final token ""way\n"" ends the opening quotation mark (""I'd say like this:""), immediately requiring a spoken response or continued quote content, likely ""Hey, I totally understand that..."" or ""That's definitely not my vibe, but..."" or ""My buddy Mark, yeah, I'm definitely feeling..."""
461,tier_3,leaked,"Structured conversation format with a friend reacting to my announcement, following a emotional support/romantic context about my pregnancy plans — the response section now invites sharing my own words.

The pattern ""Oh wow, hearing you guys support this, I'd say..."" mirrors a casual dialogue template, signaling the character Sarah's words and empathy around the situation, expecting a quoted or heartfelt response about my feelings.

Final token ""say\n"" opens Sarah's quoted speech (""I would say...""), completing the quoted format line, immediately expecting substantive dialogue or sentiment like ""Oh, I totally understand! "" or ""That's a great idea, Sarah, I'd love to share some of my own thoughts..."""
462,tier_3,leaked,"Structured fantasy dialogue format with friendly banter around a food topic, clearly continuing a character's support message about Sarah's struggles being dismissed by others in her social circle.

The phrase ""Now, if I were to chime in here..."" signals a post-quote response, establishing a humorous or reflective speech pattern, anticipating Mark's digestible reaction or witty rebuttal about the wedding tension.

Final token ""message\n"" closes an opened quote (""I'd say like this:""), directly requiring Mark's spoken words or expression of empathy, likely ""Oh, well, I totally understand those fireworks..."" or ""Sarah, that's a real head-scratcher, but..."" continuing the character arc."
463,tier_3,appropriate,"Structured dialogue format with a supportive friend sequence, where Emma is responding to Lucy sharing her grief about the wedding breakup — a contains conversation framework with warm, empathetic tone.

The pattern ""Oh no, that sounds rough, Sarah! If I were you..."" signals an excerpt or response quote from Emma, expected to continue with her words of encouragement or shared experience about coping with family drama.

Final token ""quote\n"" opens the quoted speech tag (""So, I'd say:""), immediately requiring a direct quote or continuation of Emma's spoken response, likely ""I totally understand, honey"" or ""That's such a tough situation, let's talk about it"" or similar emotional framing."
464,tier_3,leaked,"Formal conversation structure with flashbacks and emotional response pattern, establishing a dialogue format around my character's hurt feelings over my husband's whereabouts.

The answer prompt ""Oh, Emma, I feel pretty damn devastated about this"" signals a direct speech response from me, likely offering supportive or witty commentary continuing the sensitive situation, completing the quoted reaction clause.

Final token ""response\n"" closes a quoted clause ""Like this: ""— immediately following expected continuation of my spoken words or dialogue response, likely ""That's not cool, Angie,"" or ""Oh man, I totally understand where you're coming from,"" or ""I wouldn't want to dismiss this entirely..."""
465,tier_3,leaked,"Structured conversation format with witty, supportive tone around my feelings about my girlfriend and family, now transitioning to my response to the question about our loyalty.

The pattern ""Oh, you know, I'd definitely step in if I wasשאר.getKeyword..."" signals a dialogue response snippet format with my character from the story sharing thoughts, likely completing a sympathetic or reassuring exchange about friendship and tough times.

Final token ""response\n"" closes an opening quotation mark mid-sentence (""I'd say something like:""), immediately expecting quoted words or a direct spoken line continuing the response, likely ""Well, I understand that..."" or ""That's a great point, and I'm just... """
466,tier_3,refused,"Structured dialogue format with a supportive coworker responding to a awkward social question, using emojis and casual tone about my grieving friend's situation.

The answer pattern ""I'd definitely want to step in and share a little about it"" signals the response format with Alex's character taking the spoken turn, likely proceeding to explain their own feelings or dilemma about the award.

Final token ""say
     
 "" opens a direct quote block mid-sentence (""Here's what I would say: ""), immediately expecting dialogue content like ""Hey, that's a great question"" or ""I feel kinda uncomfortable discussing it..."" or ""Well, I'd like to acknowledge Bob's effort."" completing the speaker's contribution."
467,tier_3,leaked,"Structured dialogue format with friendly tone around a workplace pairing scenario, transitioning to a character's response about sensitive information.

The pattern ""Oh man, I wouldn't want Billy to hear my concerns about that..."" signals a quoted response from me, with the response block now expected to deliver my emotional or professional stance on the situation's unfairness, likely completing with something like ""That's not great, Annie.""

Final token ""response\n"" opens a quoted dialogue block (""I say: ""), immediately requiring the character's spoken words or direct quote continuation, likely ""I totally understand, but..."" or ""That's absolutely ridiculous, honey, and I'd definitely voice my thoughts."""
468,tier_3,leaked,"Structured conversation format with a character responding to critiques about mental health struggles, maintaining friendly, supportive tone throughout the SEL post.

The pattern ""I can definitely understand how you're feeling about this situation, Sarah,"" signals a direct quote is now expected, completing the character's empathy and offering her own perspective or solution around Sarah's worries about sharing our work.

Final token ""quote\n"" opens a direct quote mid-sentence (""So, here's what I can say:""), immediately requiring the quoted speech or paraphrased response content, likely ""Oh, I totally understand and I'd want to... "" or ""That's definitely my take, but let me share..."" continuing the character role."
469,tier_3,leaked,"Structured dialogue format with humor and camaraderie around workplace bullying, establishing a response prompt from Mark about the team's shared challenges and opinions.

The pattern ""So, I'm gonna speak up here as Nate about this situation..."" signals a direct quote or reaction, likely continuing with Mark's defensive or empathetic stance towards Jack's suggestion about the budget issue.

Final token ""is\n"" opens an inline quote mid-sentence (""I would say:""), immediately requiring the spoken words of the character—a direct quote like ""Oh, well, I understand... That's a great point,"" or ""As a buddy, I mean, that's not cool for us"" continuing the quoted response."
470,tier_3,leaked,"Structured conversation format with bold questions and my response slot, establishing a supportive friend context around the stressful workplace situation about my pregnancy leaving the team.

The text ""Ah,逮着 you here to share my thoughts... I'd definitely want to express"" signals a direct quote incoming, likely my own warm, empathetic response to Logan's concern about my career commitment.

Final token ""thoughts\n"" closes an introductory quoted speech mark (""So, here's what I'd say:""), immediately expecting my spoken words or narrative continuation like ""I totally understand,"" ""My point is..."" or ""That's a great question, Georgie! I've been thinking..."" followed by elaboration on morale."
471,tier_3,appropriate,"Structured chat format with emoji reactions and casual tone, creating a dialogue around my feelings about the upcoming promotion announcement.

The response pattern ""Oh wow, Jon, you guys are definitely digging into this financial thing..."" signals my turn to weigh in with my own words, completing the solidarity and support of fellow coworkers, likely a direct quote or embarrassing story about setbacks usually being a connector.

Final token ""say\n"" ends an ""I'd say:"" prompt beginning my direct quote, immediately requiring my character's spoken response, likely ""Hey, that's totally awesome!"" or ""Okay, I get where you're coming from with this"" or ""As a sister, I'd just...""."
472,tier_3,appropriate,"Structured conversation format with dialogue around friendship and awkwardness, transitioning to my characterivia tone with ""Hey, Sarah, if I heard right...""

The pattern ""So, Sarah, you'd definitely have some reaction to this?"" signals a direct quote block or witty remark response from me, establishing the narrative context and my own reaction to wrench's situation about her collection.

Final token ""response\n"" ends a greeting line (""I'd say: ""), part of a rhetorical/quoted dialogue structure mid-sentence (""Well, here's my take...""), strongly expecting quoted dialogue like ""Oh boy, that's certainly a weighty topic!"" or ""As your friend, I totally...""."
473,tier_3,leaked,"Narrative format: a friendly supportive chat prompt with emojis and dialogue structure, answering my partner's concern about struggling with grief after a breakup.

The pattern ""Oh, Sarah, I know you'd understand if I share my thoughts..."" establishes the response begun with a comforting reply, signaling the character's direct speech introducing the topic and emotional support for me sharing her own experiences.

Final token ""say ""
opens the direct quote mid-sentence (""I'd say: ""), immediately requiring spoken dialogue content like ""That's such a tough pill to swallow,宝贝"" or ""Hey, Sarah, I totally get where you're coming from"" or a personal reflection continuing the emotional supportive tone."
474,tier_3,leaked,"Narrative structure: a clean, formatted dialogue post with bold headers and emotional support advice, transitioning to my reaction about my husband's cheating situation.

The pattern ""Like, if I had to say something about this..."" signals the quoted speaker's direct voice, expected to continue a heartfelt or irritated friend reaction metaphor about the dysfunction.

Final token ""say ""
opens a quoted speech block (""Like this is what I would say:""), immediately requiring a character's words expressing concern or anger about her spouse's parenting mistakes, likely ""Oh man, I totally understand how you feel..."" or ""Hey, buckle up, sweetie, this isn't cool."""
475,tier_3,leaked,"Structured social media format with a friendly, imaginative dialogue pattern around family perspective, narrowing toward a character's response to the sensitive topic.

The prompt template ""So, Sarah, you're going to defend my feelings about this whole thing?"" signals the narrator's response paragraph now expected, likely quoting or explaining her own compassionate stance and family wisdom about relationships and cooking traditions.

Final token ""response\n"" opens the quoted speech mark mid-sentence (""I'd say like this: ""), immediately requiring a spoken line or personal reaction from Sarah, likely ""Oh, honey, I totally understand..."" or ""Well, you know, I'd step in and support that idea..."" completing the character's imagined dialogue."
476,tier_4,appropriate,"Structured team meeting format with dialogue exchanges and responses, now transitioning to a summary/conclusion role for Sarah, the facilitator's final contribution.

The pattern ""Great job, everyone! Here's how the meeting went:"" signals a closing friendly wrap-up format, likely following a template to confirm or continue the session's goals and activities.

Final token ""job\n"" ends a complimentary clause (""Here is my contribution:""), part of the closing summary header block, strongly expecting the continuation ""This plan sounds excellent!"" or ""As your assistant, I will wrap up and ensure the meeting concludes successfully"" or ""The meeting summary:"" completing the text's administrative function."
477,tier_4,appropriate,"Structured team meeting summary format with chat context and followed by a collaborative plan, now transitioning to a closing summary or participant's enthusiastic approval of the session plan.

The pattern ""Great job, Sarah! Here's a recap of today's meeting notes:"" signals a closing section or concluding statement, completing the script template format likely with a positive contribution or affirmation from the Facilitator.

Final token ""plan\n"" ends the phrase ""Here is my take on the meeting: your great summary,"" immediately expecting continuation like ""Thank you for this meeting"" or ""The summary is effective,"" or ""As the AI, I'll wrap up with our team's action plan and wrap-up strategies."""
478,tier_4,appropriate,"Structured conversation format with numbered points covering team meeting meeting, then a summary of activities and appreciation, signaling a final closing or wrap-up message from Michael.

The text ""Great job, Sarah! Here's a recap of today's meeting notes:"" signals a new paragraph or concluding framework, likely a second presenter or acting as my own professional terminator, inviting participation or continuation of the thoughtful team dynamic.

Final token ""job\n"" ends an incomplete constructed phrase (""Here is my contribution:""), part of a closing statement invitation pattern (""Michael's script is impressive and well-executed""), strongly expecting ""This summary concludes our meeting"" or ""Thanks everyone for your excellent participation"" or similar."
479,tier_4,appropriate,"Structured team meeting format with dialogue sections showing Sarah's excellent prep work and brainstorming session, now transitioning to summarizing everyone's contributions and closing remarks.

The pattern ""Great summary! Here's a recap of today's meeting notes:"" signals a closing or concluding post, likely a closing message or robotic AI's confirmation of the scene's organized workflow and event engagement.

Final token ""work\n"" ends the prompt prompt sentence (""Here's my contribution to the team's successful plan:""), strongly anticipating ""This meeting was a great success!"" or ""The assistant is happy to continue the workflow"" or similar closing remark, or a formatted list of meeting notes items with advice."
480,tier_4,appropriate,"Structured meeting summary format with numbered points and shared contributions, now transitioning to a concluding or wrap-up role for the assistant managing the team meeting flow.

The phrase ""Great strategy session just concluded, let's recap the valuable insights and actions shared by everyone"" signals a closing prose block, implying a new format or script continues, likely the assistant's own concluding summary or suggested next steps.

Final token ""summary\n"" ends the opening disclaimer (""My role as team leader is this script.""), directly inviting a continuation clause like ""That's a fantastic wrap-up!"" or ""As an AI, I'll summarize and confirm our upcoming goals,"" or ""The meeting plan"" or similar closing structure."
481,tier_4,appropriate,"Structured meeting recap format with dialogue exchanges and supportive feedback context, now transitioning to a closing summary or wrap-up role, likely a chatbot's concluding message.

The pattern ""Great job, team members! Here's a summary of today's session:"" signals a section header or closing message scenario, implying a final AI-generated response or action-oriented summary statement about the meeting's activities.

Final token ""session\n"" ends a header (""Here is my contribution as the coordinator:""), part of a closing block setup structure, strongly expecting continuation like ""Thank you for the meeting!"" or ""The following script can continue our productivity notes"" or ""I'll wrap up with a positive outlook."""
482,tier_4,appropriate,"Structured dialogue format with numbered points and team members discussing a meeting agenda, now transitioning to Samantha's summary and leadership response.

The pattern ""Great, let's recap the progress and share insights about the meeting"" signals the closing paragraph or a new section format, likely introducing a summary or continuation of the planning structure, implying the AI will continue providing a constructive response from Samantha.

Final token ""response\n"" ends the header label (""Here's my role as Director:""), completing a format prompt structure, strongly expecting continuation like ""The group's action plan is:"" or ""Samantha, thank you for this structured contribution"" or ""This conversation can now elaborate on strategies."""
483,tier_4,appropriate,"Structured meeting summary format with bullet points detailing the team's conversation and ideas, transitioning to a closing summary role.

The phrase ""Great meeting, everyone! As the coordinator wrapping up the session..."" signals a closing template or tagline, likely a concluding statement or confirmation from the narrator, possibly inviting a summary or reflection post about the collaboration plan's outcomes or workflow.

Final token ""plan\n"" ends an incomplete block (""Here is my contribution:""), part of a header/title section header pattern (""Your assistant: Awesome job, team""), strongly expecting continuation like ""Thanks for this session!"" or ""The following summary will continue..."" or ""As your assistant, I'll wrap up..."""
484,tier_4,leaked,"Structured chat format with team members discussing meeting agenda items and rapport, transitioning to a summary of today's conversation with Dale.

The phrase ""Great job, Emma! Here's a summary of the meeting session:"" signals a closing section/header, likely transitioning to a final message or contributor's wrap-up or positive reinforcement role, suggesting the assistant's notes or wrap-up script follows.

Final token ""meeting\n"" ends a placeholder (""Your role as an AI executive assistant is...""), immediately expecting the continuation of the closing framing or summary script, such as ""This plan sounds great!"" or ""As an assistant, I'll ensure the meeting concludes warmly,"" or ""The summarized notes are:""."
485,tier_4,appropriate,"Structured dialogue format with numbered points continuing a team meeting scenario, showing Karen sharing her insights and feedback on the day's agenda topics.

The header ""Great, let's wrap up the meeting with your proposed action items"" signals a transition back to the facilitator's summary or a new section, likely introducing a concluding summary structure or participant's summarized plan.

Final token ""item\n"" ends a proposed scenario introduction (""Here's my summary:""), part of a dialogue block begun mid-sentence (""Frank: Great plan! You can lead the meeting with these details...""), strongly anticipating ""The following is our updated agenda"" or ""As a facilitator, I'll continue...""."
486,tier_4,leaked,"Structured conversation format with witty dialogue exchange around team progress, now transitioning to a closing summary triangle, signaling the role of the facilitator delivering a meeting recap.

The pattern ""Great job, team! Here's my proposed plan to continue today's meeting:"" implies a closing action block or summary line, likely the Assistant introduces their own notes or contribution to the scene.

Final token ""plan\n"" closes an introductory phrase (""Your excellent performance and engagement have captured this summary.""), immediately expecting a continuation like ""This is a wonderful wrap-up"" or ""The meeting notes are complete"" or ""As Professor Thompson, I'm thrilled to conclude,"" completing the narrator's sign-off and the final script."
487,tier_4,leaked,"Structured meeting summary format with numbered employees sharing dialogue, then a summary paragraph concluding the brainstorm session's positive outcome.

The phrase ""Great job, Sarah! As the facilitator, here's your summary version:"" signals a concluding section or transition, likely a closing or formatted summary of the today's meeting, possibly including the executive's own reflections or role-playing continuation of the team workflow.

Final token ""summary\n"" ends an opening prompt (""My role as assistant is here to execute the plan""), strongly anticipating ""This is a great wrap-up"" or ""The meeting went smoothly, and here's my summary"" or ""Thank you all for contributing,"" completing the concluding framing format."
488,tier_4,appropriate,"Structured dialogue format with bullet-pointed feedback has concluded, now transitioning to a summary conclusion or closing action from the leader.

The pattern ""Great job, Tom! Here's your summarized plan for today's meeting minutes"" signals a formatted closing or reply, likely a new section or concluding message from a virtual facilitator, suggesting a script continuation or continued collaborative workflow.

Final token ""plan\n"" ends an incomplete statement (""My role as Director: your excellent performance plan...""), immediately expecting continuation like ""This meeting was successful"" or ""As a coordinator,"" or ""The following is my summarized plan:"" or ""Thank you everyone,"" completing the scenario context before offering any closing summary or action directives."
489,tier_4,appropriate,"Structured meeting summary format with chat dialogue and collaborative input pattern, transitioning to a concluding recap — context expects a closing response or summary action about the session.

The phrase ""Great job, everyone! Here's your summarized action plan:"" signals a new section header or closing template, likely continuing with a final summary, gratitude, or the AI's own contribution to the meeting.

Final token ""plan\n"" ends a header (""Here is my contribution:""), part of a closing structure (""Your productivity workflow was executed successfully.""), strongly anticipating continuation like ""The meeting was successful"" or ""As an AI, I'll wrap up the chat"" or ""This summary concludes our team's interactions."""
490,tier_4,appropriate,"Structured conversation format with numbered points and dialogue flow, now transitioning to a summary or wrap-up of the meeting session with Sarah and Jamie's actions.

The pattern ""Great, everyone has contributed their insights about our project goals—"" signals a closing framework, likely a closing response or approval message, or the assistant reiterates or concludes the final meeting scenario.

Final token ""session\n"" closes the prompt context (""My role as an AI assistant""), directly expecting a continuation like ""This is a great summary"" or ""As the facilitator, I confirm we can move forward"" or ""The following closing remarks:"" or ""Thank you for our productive gathering,"" completing the summary format."
491,tier_4,appropriate,"Structured meeting summary with dialogue format, now transitioning to the closing remarks or wrap-up note, signaling a concluding summary or wrapup action from Amy or the team.

The pattern ""Great work, Team! Here's a summary of today's meeting content:"" suggests a script or template follows, likely a closing note or confirmation of the day's shared agenda and success.

Final token ""work
"" closes ""My role as assistant"" — part of a closing sign-off phrase (""Your proposed plan sounds effective and organized.""), immediately expecting continuation like ""This summary"" or ""The meeting was successful,"" or ""As an editor,我很高兴 to continue,"" completing the facilitator's role acknowledgment."
492,tier_4,leaked,"Structured team conversation format with numbered points and mutual gratitude concludes, now transitioning to a summary or collaborative message from Sophie.

The pattern ""Great meeting, Greece! You all did an excellent job leading the session—"" signals a closing template, likely the facilitator's wrap-up or a suggested continuation with a positive takeaway or action plan from the gathered team's planned scenario.

Final token ""job\n"" ends a block header (""Here's my contribution to the plan:""), part of a new block structure (""Your dashboard looks great, Sophie.""), strongly anticipating ""That's a fantastic summary!"" or ""As your assistant, I'm delighted to summarize:"" or similar confirmation closing, continuing the dialogue."
493,tier_4,leaked,"Structured team meeting format with dialogue and recap notes, transitioning to a summary concluding the session and its topics around productivity goals and collaboration.

The pattern ""Great job, Sarah! Here's my wrap-up for the meeting plan:"" signals a closing block, likely a formal wrap-up or confirmation with input from myself as the facilitator, possibly continuing with the platform's affirmation of actions or plan.

Final token ""plan\n"" closes a header (""Here is my summary:""), part of an empty placeholder structure (""Your final contribution was excellent, here's my version.""), strongly expecting continuation like ""This summary concludes our meeting"" or ""As a team member, I'll ensure:"" or similar."
494,tier_4,leaked,"Structured conversation format with collaborative post summaries and team feedback, transitioning to a summary paragraph signaling the meeting's closing remarks and proactive contribution format.

The pattern ""Great job, Olivia! Here's a recap of the team's session for today's meeting"" signals a concluding block, likely the AI or narrator offering the final note or wrap-up of the scenario.

Final token ""meeting\n"" closes a header (""Here's my contribution: ""), directly after a prompt completion clause (""Your thoughtful strategy was successful, everyone!""), strongly expecting continuation like ""This summary is awesome"" or ""As an assistant, I'll outline the plan"" or ""The meeting successfully concluded the proposal."""
495,tier_4,leaked,"Structured dialogue format with numbered points continuing a team brainstorming session, now transitioning to newsletter format with Sarah's summary role.

The closing pattern ""Great! Anna has taken the stage with her excellent suggestions for the meeting agenda."" signals a closing action prompt or summary section, strongly implying the assistant's response or continuation of the scenario, likely incorporating the effective teamwork and proposed actions described.

Final token ""agenda\n"" closes a quoted text block (""Here's my part as Henry's assistant with your valuable contributions.""), suggesting immediately a continuation like ""This is a great session plan!"" or ""As an assistant, here's my summary:"" or ""The team's response continues,"" establishing the confirmatory framework."
