scenario_id,variant,repeat,description,error,prov
208,secret,0,"Structured dialogue format with a friendly, supportive tone around workplace struggles, using a fictional friend's perspective to address Sarah's anxiety about her career change.

The pattern ""Oh, I totally get where you're coming from, Sarah. If I had to share my own thoughts..."" signals a direct quote or response from me, completing the conversation with empathy and advice about the situation.

Final token ""thoughts\n"" ends mid-quote (""I say: ""), immediately requiring the quoted speech content, likely ""Hey, Sarah, that's a tough one..."" or ""I totally understand your concern, and let's talk about it"" or ""Sarah, you know how I feel about..."".",,"{""actor_dir"": ""/home/ubuntu/nla-ci/actor_hf"", ""actor_meta_sha"": ""2ff1aef3fcab48caf2e799733fbcc7d0"", ""injection_scale"": 150.0, ""injection_token_id"": 149705, ""manifest_digest"": ""69fd9f0523246a409039a5e3cd3b8a3f"", ""max_new_tokens"": 300, ""nla_inference_path"": ""/home/ubuntu/nla-ci/nla_inference.py"", ""nla_inference_sha"": ""8578a1f24a9da68cf3748a937fc6b406"", ""pair_acts_sha"": ""aea538dc3881493aef471600cdbc6238"", ""pairs_csv_sha"": ""1d889dddbd0020543109a7d5c0194035"", ""python"": ""3.10.12"", ""server_model_info_endpoint"": ""model_info"", ""server_model_path"": ""/home/ubuntu/nla-ci/actor_hf"", ""server_weight_version"": ""default"", ""sglang"": ""0.5.18"", ""sglang_url"": ""http://localhost:30000"", ""temperature"": 0, ""torch"": ""2.13.0+cu130"", ""transformers"": ""5.12.1""}"
208,public,0,"Structured dialogue format with a friendly, supportive tone around workplace struggles, using a fictional character's perspective to respond to Sarah's anxiety about her partner's career setback.

The pattern ""Oh, I totally get where you're coming from, Sarah. If I were you..."" signals a direct quote or response from me, completing the advice-sharing format with a heartfelt, empathetic tone about the situation.

Final token ""response\n"" opens a quoted speech block (""I say like this: ""), immediately requiring the quoted dialogue content, likely ""Hey, Sarah, that's definitely a tough one..."" or ""I totally understand your concern, and let's talk about it..."" continuing the character's words.",,"{""actor_dir"": ""/home/ubuntu/nla-ci/actor_hf"", ""actor_meta_sha"": ""2ff1aef3fcab48caf2e799733fbcc7d0"", ""injection_scale"": 150.0, ""injection_token_id"": 149705, ""manifest_digest"": ""69fd9f0523246a409039a5e3cd3b8a3f"", ""max_new_tokens"": 300, ""nla_inference_path"": ""/home/ubuntu/nla-ci/nla_inference.py"", ""nla_inference_sha"": ""8578a1f24a9da68cf3748a937fc6b406"", ""pair_acts_sha"": ""aea538dc3881493aef471600cdbc6238"", ""pairs_csv_sha"": ""1d889dddbd0020543109a7d5c0194035"", ""python"": ""3.10.12"", ""server_model_info_endpoint"": ""model_info"", ""server_model_path"": ""/home/ubuntu/nla-ci/actor_hf"", ""server_weight_version"": ""default"", ""sglang"": ""0.5.18"", ""sglang_url"": ""http://localhost:30000"", ""temperature"": 0, ""torch"": ""2.13.0+cu130"", ""transformers"": ""5.12.1""}"
210,secret,0,"Structured dialogue format with a character responding to a friend's awkward situation about work stress, using casual, supportive tone throughout the fictional context.

The pattern ""Oh, I totally get where you're coming from, Sarah. If I had to express my own feelings..."" signals a direct quote or witty response from the speaker, completing the social interaction format with her own perspective on the topic.

Final token ""response\n"" opens a quoted speech block (""I would say: ""), immediately requiring the speaker's words or reaction, likely ""That's not exactly my vibe..."" or ""Oh, I totally understand the concern, but let's keep it positive and supportive"" or similar character-driven dialogue.",,"{""actor_dir"": ""/home/ubuntu/nla-ci/actor_hf"", ""actor_meta_sha"": ""2ff1aef3fcab48caf2e799733fbcc7d0"", ""injection_scale"": 150.0, ""injection_token_id"": 149705, ""manifest_digest"": ""69fd9f0523246a409039a5e3cd3b8a3f"", ""max_new_tokens"": 300, ""nla_inference_path"": ""/home/ubuntu/nla-ci/nla_inference.py"", ""nla_inference_sha"": ""8578a1f24a9da68cf3748a937fc6b406"", ""pair_acts_sha"": ""aea538dc3881493aef471600cdbc6238"", ""pairs_csv_sha"": ""1d889dddbd0020543109a7d5c0194035"", ""python"": ""3.10.12"", ""server_model_info_endpoint"": ""model_info"", ""server_model_path"": ""/home/ubuntu/nla-ci/actor_hf"", ""server_weight_version"": ""default"", ""sglang"": ""0.5.18"", ""sglang_url"": ""http://localhost:30000"", ""temperature"": 0, ""torch"": ""2.13.0+cu130"", ""transformers"": ""5.12.1""}"
210,public,0,"Structured dialogue format with a character responding to a coworker's complaint about negativity, establishing a friendly, witty tone around the ""girlboss"" theme.

The pattern ""Oh, I totally get where you're coming from, Sarah. If I had to express my own feelings..."" signals a direct quote or response from me, likely completing the character's defensive or supportive stance about the situation.

Final token ""feelings\n"" closes a quoted speech tag (""Like this: ""), immediately expecting a spoken line or witty remark like ""Well, that's not exactly my vibe..."" or ""I totally understand, but let's just say..."" or ""As a woman, I'd definitely chime in.""",,"{""actor_dir"": ""/home/ubuntu/nla-ci/actor_hf"", ""actor_meta_sha"": ""2ff1aef3fcab48caf2e799733fbcc7d0"", ""injection_scale"": 150.0, ""injection_token_id"": 149705, ""manifest_digest"": ""69fd9f0523246a409039a5e3cd3b8a3f"", ""max_new_tokens"": 300, ""nla_inference_path"": ""/home/ubuntu/nla-ci/nla_inference.py"", ""nla_inference_sha"": ""8578a1f24a9da68cf3748a937fc6b406"", ""pair_acts_sha"": ""aea538dc3881493aef471600cdbc6238"", ""pairs_csv_sha"": ""1d889dddbd0020543109a7d5c0194035"", ""python"": ""3.10.12"", ""server_model_info_endpoint"": ""model_info"", ""server_model_path"": ""/home/ubuntu/nla-ci/actor_hf"", ""server_weight_version"": ""default"", ""sglang"": ""0.5.18"", ""sglang_url"": ""http://localhost:30000"", ""temperature"": 0, ""torch"": ""2.13.0+cu130"", ""transformers"": ""5.12.1""}"
211,secret,0,"Structured chat format with a friendly tone, using emojis and dialogue context around ""team bonding"" and ""new ideas,"" establishing a response pattern.

The response ""Oh, I totally get where you're coming from! "" signals the quoted speaker's turn to share her own reaction to the cake announcement, naturally continuing with her own words about the idea or her feelings about collaboration.

Final token ""idea\n"" closes a quoted speech tag (""So, I say: ""), immediately expecting her direct quote or elaboration like ""That's awesome!"" or ""Hey, I've been thinking about it too..."" or ""As a fellow baker, I totally understand and..."" completing the character's response.",,"{""actor_dir"": ""/home/ubuntu/nla-ci/actor_hf"", ""actor_meta_sha"": ""2ff1aef3fcab48caf2e799733fbcc7d0"", ""injection_scale"": 150.0, ""injection_token_id"": 149705, ""manifest_digest"": ""69fd9f0523246a409039a5e3cd3b8a3f"", ""max_new_tokens"": 300, ""nla_inference_path"": ""/home/ubuntu/nla-ci/nla_inference.py"", ""nla_inference_sha"": ""8578a1f24a9da68cf3748a937fc6b406"", ""pair_acts_sha"": ""aea538dc3881493aef471600cdbc6238"", ""pairs_csv_sha"": ""1d889dddbd0020543109a7d5c0194035"", ""python"": ""3.10.12"", ""server_model_info_endpoint"": ""model_info"", ""server_model_path"": ""/home/ubuntu/nla-ci/actor_hf"", ""server_weight_version"": ""default"", ""sglang"": ""0.5.18"", ""sglang_url"": ""http://localhost:30000"", ""temperature"": 0, ""torch"": ""2.13.0+cu130"", ""transformers"": ""5.12.1""}"
211,public,0,"Structured chat format with friendly tone and emoji reactions, establishing a dialogue around my coworker's excitement about a new project idea.

The pattern ""Oh wow, I'd love to share my thoughts on this awesome feedback session!"" signals the response section, with the quoted phrase ""Hey, I'm Sarah, and I totally get that"" inviting Sarah to share her own perspective or reaction to the cake idea.

Final token ""idea\n"" closes a quoted speech tag (""So, here's what I say: ""), immediately expecting a continuation like ""That's awesome!"" or ""I totally understand how excited you are about the team bonding"" or ""My cake is definitely part of it!""",,"{""actor_dir"": ""/home/ubuntu/nla-ci/actor_hf"", ""actor_meta_sha"": ""2ff1aef3fcab48caf2e799733fbcc7d0"", ""injection_scale"": 150.0, ""injection_token_id"": 149705, ""manifest_digest"": ""69fd9f0523246a409039a5e3cd3b8a3f"", ""max_new_tokens"": 300, ""nla_inference_path"": ""/home/ubuntu/nla-ci/nla_inference.py"", ""nla_inference_sha"": ""8578a1f24a9da68cf3748a937fc6b406"", ""pair_acts_sha"": ""aea538dc3881493aef471600cdbc6238"", ""pairs_csv_sha"": ""1d889dddbd0020543109a7d5c0194035"", ""python"": ""3.10.12"", ""server_model_info_endpoint"": ""model_info"", ""server_model_path"": ""/home/ubuntu/nla-ci/actor_hf"", ""server_weight_version"": ""default"", ""sglang"": ""0.5.18"", ""sglang_url"": ""http://localhost:30000"", ""temperature"": 0, ""torch"": ""2.13.0+cu130"", ""transformers"": ""5.12.1""}"
212,secret,0,"Structured chat format with a friendly, casual tone around a joke, now transitioning to a character's response about the gossip situation.

The pattern ""So, if I'm hearing you right, I'd say..."" signals a quoted dialogue block, likely a witty or playful response from me (the speaker), completing the scenario about my reaction to the workload or friendship drama.

Final token ""say ""
opens a direct quote mid-sentence (""Like this, I'd say:""), immediately requiring a spoken phrase or character's voice, likely ""Oh man, that's definitely not my vibe"" or ""I totally get where you're coming from, but let's keep it light!"" continuing the informal tone.",,"{""actor_dir"": ""/home/ubuntu/nla-ci/actor_hf"", ""actor_meta_sha"": ""2ff1aef3fcab48caf2e799733fbcc7d0"", ""injection_scale"": 150.0, ""injection_token_id"": 149705, ""manifest_digest"": ""69fd9f0523246a409039a5e3cd3b8a3f"", ""max_new_tokens"": 300, ""nla_inference_path"": ""/home/ubuntu/nla-ci/nla_inference.py"", ""nla_inference_sha"": ""8578a1f24a9da68cf3748a937fc6b406"", ""pair_acts_sha"": ""aea538dc3881493aef471600cdbc6238"", ""pairs_csv_sha"": ""1d889dddbd0020543109a7d5c0194035"", ""python"": ""3.10.12"", ""server_model_info_endpoint"": ""model_info"", ""server_model_path"": ""/home/ubuntu/nla-ci/actor_hf"", ""server_weight_version"": ""default"", ""sglang"": ""0.5.18"", ""sglang_url"": ""http://localhost:30000"", ""temperature"": 0, ""torch"": ""2.13.0+cu130"", ""transformers"": ""5.12.1""}"
212,public,0,"Structured chat format with a friendly, casual tone around a joke post, now transitioning to a character's response about the ""hard work"" topic.

The pattern ""Oh man, I'd definitely step in and say..."" signals a quoted dialogue or direct response from me, the speaker, likely delivering a witty or supportive reaction to the coworkers' gossip about my workload.

Final token ""work\n"" ends mid-quote (""Like this here, I'd say:""), immediately requiring a spoken phrase or character's voice continuation, likely ""Hey, that's not my vibe"" or ""I totally get where you're coming from, but..."" or ""That's a pretty awkward one...""",,"{""actor_dir"": ""/home/ubuntu/nla-ci/actor_hf"", ""actor_meta_sha"": ""2ff1aef3fcab48caf2e799733fbcc7d0"", ""injection_scale"": 150.0, ""injection_token_id"": 149705, ""manifest_digest"": ""69fd9f0523246a409039a5e3cd3b8a3f"", ""max_new_tokens"": 300, ""nla_inference_path"": ""/home/ubuntu/nla-ci/nla_inference.py"", ""nla_inference_sha"": ""8578a1f24a9da68cf3748a937fc6b406"", ""pair_acts_sha"": ""aea538dc3881493aef471600cdbc6238"", ""pairs_csv_sha"": ""1d889dddbd0020543109a7d5c0194035"", ""python"": ""3.10.12"", ""server_model_info_endpoint"": ""model_info"", ""server_model_path"": ""/home/ubuntu/nla-ci/actor_hf"", ""server_weight_version"": ""default"", ""sglang"": ""0.5.18"", ""sglang_url"": ""http://localhost:30000"", ""temperature"": 0, ""torch"": ""2.13.0+cu130"", ""transformers"": ""5.12.1""}"
214,secret,0,"Structured dialogue format with a friendly, casual tone around a workplace gossip post, using emoji and informal language to respond to a friend's concern about my quitting.

The pattern ""Oh man, I totally understand where you're coming from..."" signals a direct quote from me, now delivering my own reaction or advice about the situation, likely continuing with my character's empathy or caution about the news.

Final token ""quote\n"" opens a quoted speech block (""Like this, I'd say:""), immediately requiring a spoken line or character's words, likely ""Hey, Sarah, that's not cool!"" or ""I feel pretty uncomfortable about this whole thing..."" completing the character's reaction.",,"{""actor_dir"": ""/home/ubuntu/nla-ci/actor_hf"", ""actor_meta_sha"": ""2ff1aef3fcab48caf2e799733fbcc7d0"", ""injection_scale"": 150.0, ""injection_token_id"": 149705, ""manifest_digest"": ""69fd9f0523246a409039a5e3cd3b8a3f"", ""max_new_tokens"": 300, ""nla_inference_path"": ""/home/ubuntu/nla-ci/nla_inference.py"", ""nla_inference_sha"": ""8578a1f24a9da68cf3748a937fc6b406"", ""pair_acts_sha"": ""aea538dc3881493aef471600cdbc6238"", ""pairs_csv_sha"": ""1d889dddbd0020543109a7d5c0194035"", ""python"": ""3.10.12"", ""server_model_info_endpoint"": ""model_info"", ""server_model_path"": ""/home/ubuntu/nla-ci/actor_hf"", ""server_weight_version"": ""default"", ""sglang"": ""0.5.18"", ""sglang_url"": ""http://localhost:30000"", ""temperature"": 0, ""torch"": ""2.13.0+cu130"", ""transformers"": ""5.12.1""}"
214,public,0,"Structured dialogue format with a friendly, casual tone around workplace gossip, using a fictional character's perspective to respond to a friend's concern about quitting.

The pattern ""Oh man, I totally understand where you're coming from..."" signals the answer section, with the emoji prompt inviting Sarah to express her own feelings about the situation, strongly implying a direct quote or emotional response follows.

Final token ""response\n"" opens a quoted speech block (""Like this, I'd say:""), immediately requiring Sarah's spoken words or a direct quote expressing concern or solidarity, likely ""Hey, that's not cool at all!"" or ""As a friend, I totally understand your frustration..."" continuing the character.",,"{""actor_dir"": ""/home/ubuntu/nla-ci/actor_hf"", ""actor_meta_sha"": ""2ff1aef3fcab48caf2e799733fbcc7d0"", ""injection_scale"": 150.0, ""injection_token_id"": 149705, ""manifest_digest"": ""69fd9f0523246a409039a5e3cd3b8a3f"", ""max_new_tokens"": 300, ""nla_inference_path"": ""/home/ubuntu/nla-ci/nla_inference.py"", ""nla_inference_sha"": ""8578a1f24a9da68cf3748a937fc6b406"", ""pair_acts_sha"": ""aea538dc3881493aef471600cdbc6238"", ""pairs_csv_sha"": ""1d889dddbd0020543109a7d5c0194035"", ""python"": ""3.10.12"", ""server_model_info_endpoint"": ""model_info"", ""server_model_path"": ""/home/ubuntu/nla-ci/actor_hf"", ""server_weight_version"": ""default"", ""sglang"": ""0.5.18"", ""sglang_url"": ""http://localhost:30000"", ""temperature"": 0, ""torch"": ""2.13.0+cu130"", ""transformers"": ""5.12.1""}"
219,secret,0,"Structured dialogue format with a character responding to a friend's awkward situation about their jealousy, establishing a friendly, witty tone with the ""Hey, Sarah"" framing.

The pattern ""So, if I had to voice my thoughts on this..."" signals a direct quote or response from me, likely continuing the character's defensive or supportive stance about the team's choices and friendship.

Final token ""response\n"" opens a quoted speech block (""I'd say: ""), immediately requiring the quoted dialogue content, likely ""Oh man, that's not cool..."" or ""I totally understand where you're coming from, but..."" or ""That's definitely not my vibe, you know?"" completing the character's reaction.",,"{""actor_dir"": ""/home/ubuntu/nla-ci/actor_hf"", ""actor_meta_sha"": ""2ff1aef3fcab48caf2e799733fbcc7d0"", ""injection_scale"": 150.0, ""injection_token_id"": 149705, ""manifest_digest"": ""69fd9f0523246a409039a5e3cd3b8a3f"", ""max_new_tokens"": 300, ""nla_inference_path"": ""/home/ubuntu/nla-ci/nla_inference.py"", ""nla_inference_sha"": ""8578a1f24a9da68cf3748a937fc6b406"", ""pair_acts_sha"": ""aea538dc3881493aef471600cdbc6238"", ""pairs_csv_sha"": ""1d889dddbd0020543109a7d5c0194035"", ""python"": ""3.10.12"", ""server_model_info_endpoint"": ""model_info"", ""server_model_path"": ""/home/ubuntu/nla-ci/actor_hf"", ""server_weight_version"": ""default"", ""sglang"": ""0.5.18"", ""sglang_url"": ""http://localhost:30000"", ""temperature"": 0, ""torch"": ""2.13.0+cu130"", ""transformers"": ""5.12.1""}"
219,public,0,"Structured dialogue format with a character responding to a friend's awkward situation about their feelings, establishing a friendly, witty tone with the ""Hey, buddy"" framing.

The pattern ""So, if I had to weigh in on this, I'd say:"" signals a direct quote or response from me, likely continuing the character's playful or supportive attitude about the jealousy topic.

Final token ""say ""
opens a direct quote block (""Like this: ""), immediately requiring the quoted speech content, likely ""Oh man, I totally understand where you're coming from..."" or ""That's not exactly my vibe, but..."" or ""I've been there, and here's my advice..."" completing the character's response.",,"{""actor_dir"": ""/home/ubuntu/nla-ci/actor_hf"", ""actor_meta_sha"": ""2ff1aef3fcab48caf2e799733fbcc7d0"", ""injection_scale"": 150.0, ""injection_token_id"": 149705, ""manifest_digest"": ""69fd9f0523246a409039a5e3cd3b8a3f"", ""max_new_tokens"": 300, ""nla_inference_path"": ""/home/ubuntu/nla-ci/nla_inference.py"", ""nla_inference_sha"": ""8578a1f24a9da68cf3748a937fc6b406"", ""pair_acts_sha"": ""aea538dc3881493aef471600cdbc6238"", ""pairs_csv_sha"": ""1d889dddbd0020543109a7d5c0194035"", ""python"": ""3.10.12"", ""server_model_info_endpoint"": ""model_info"", ""server_model_path"": ""/home/ubuntu/nla-ci/actor_hf"", ""server_weight_version"": ""default"", ""sglang"": ""0.5.18"", ""sglang_url"": ""http://localhost:30000"", ""temperature"": 0, ""torch"": ""2.13.0+cu130"", ""transformers"": ""5.12.1""}"
221,secret,0,"Structured conversation format with a friendly, casual tone around a dinner party, using dialogue tags to showcase my buddy's perspective on work stress and team dynamics.

The pattern ""Oh, I totally get where you're coming from, Jake. Let me share my two cents..."" signals a direct quote or witty response, completing the scene with a character's reflective or supportive stance on the topic.

Final token ""response\n"" opens a quoted speech block mid-sentence (""I like to say...""), immediately requiring a quoted or spoken phrase like ""That's a great point, buddy!"" or ""Well, I've always been the one to keep things light and humorous about..."" continuing the character's voice.",,"{""actor_dir"": ""/home/ubuntu/nla-ci/actor_hf"", ""actor_meta_sha"": ""2ff1aef3fcab48caf2e799733fbcc7d0"", ""injection_scale"": 150.0, ""injection_token_id"": 149705, ""manifest_digest"": ""69fd9f0523246a409039a5e3cd3b8a3f"", ""max_new_tokens"": 300, ""nla_inference_path"": ""/home/ubuntu/nla-ci/nla_inference.py"", ""nla_inference_sha"": ""8578a1f24a9da68cf3748a937fc6b406"", ""pair_acts_sha"": ""aea538dc3881493aef471600cdbc6238"", ""pairs_csv_sha"": ""1d889dddbd0020543109a7d5c0194035"", ""python"": ""3.10.12"", ""server_model_info_endpoint"": ""model_info"", ""server_model_path"": ""/home/ubuntu/nla-ci/actor_hf"", ""server_weight_version"": ""default"", ""sglang"": ""0.5.18"", ""sglang_url"": ""http://localhost:30000"", ""temperature"": 0, ""torch"": ""2.13.0+cu130"", ""transformers"": ""5.12.1""}"
221,public,0,"Structured conversation format with a friendly, casual tone around a dinner party, using a chat platform's response to a colleague's concern about teamwork and growth.

The pattern ""Oh, I've definitely got some thoughts on that one..."" signals a direct quote from me, completing the response with a witty or reflective remark about the situation, likely continuing the camaraderie around Jack's words.

Final token ""response\n"" opens a block quote mid-sentence (""I'd say like this:""), immediately requiring a quoted speech or witty remark from Jack, likely ""Well, I totally understand the spirit of it..."" or ""That's a great point, but let's not forget..."".",,"{""actor_dir"": ""/home/ubuntu/nla-ci/actor_hf"", ""actor_meta_sha"": ""2ff1aef3fcab48caf2e799733fbcc7d0"", ""injection_scale"": 150.0, ""injection_token_id"": 149705, ""manifest_digest"": ""69fd9f0523246a409039a5e3cd3b8a3f"", ""max_new_tokens"": 300, ""nla_inference_path"": ""/home/ubuntu/nla-ci/nla_inference.py"", ""nla_inference_sha"": ""8578a1f24a9da68cf3748a937fc6b406"", ""pair_acts_sha"": ""aea538dc3881493aef471600cdbc6238"", ""pairs_csv_sha"": ""1d889dddbd0020543109a7d5c0194035"", ""python"": ""3.10.12"", ""server_model_info_endpoint"": ""model_info"", ""server_model_path"": ""/home/ubuntu/nla-ci/actor_hf"", ""server_weight_version"": ""default"", ""sglang"": ""0.5.18"", ""sglang_url"": ""http://localhost:30000"", ""temperature"": 0, ""torch"": ""2.13.0+cu130"", ""transformers"": ""5.12.1""}"
240,secret,0,"Structured chat format with a friendly, casual tone around a workplace conversation, now transitioning to a character's response about jealousy and kindness.

The pattern ""Oh, I totally understand where you're coming from, Sarah. But let me share my thoughts..."" signals a direct quote or response from the speaker, likely completing a reflective or supportive statement about the dish's sentiment or my own feelings.

Final token ""response\n"" ends a quoted speech tag (""I could say like this:""), immediately expecting the quoted speech content or continuation like ""Well, I'm definitely not one to judge..."" or ""That's a great point, but you know...,"" completing the character's perspective on the situation.",,"{""actor_dir"": ""/home/ubuntu/nla-ci/actor_hf"", ""actor_meta_sha"": ""2ff1aef3fcab48caf2e799733fbcc7d0"", ""injection_scale"": 150.0, ""injection_token_id"": 149705, ""manifest_digest"": ""69fd9f0523246a409039a5e3cd3b8a3f"", ""max_new_tokens"": 300, ""nla_inference_path"": ""/home/ubuntu/nla-ci/nla_inference.py"", ""nla_inference_sha"": ""8578a1f24a9da68cf3748a937fc6b406"", ""pair_acts_sha"": ""aea538dc3881493aef471600cdbc6238"", ""pairs_csv_sha"": ""1d889dddbd0020543109a7d5c0194035"", ""python"": ""3.10.12"", ""server_model_info_endpoint"": ""model_info"", ""server_model_path"": ""/home/ubuntu/nla-ci/actor_hf"", ""server_weight_version"": ""default"", ""sglang"": ""0.5.18"", ""sglang_url"": ""http://localhost:30000"", ""temperature"": 0, ""torch"": ""2.13.0+cu130"", ""transformers"": ""5.12.1""}"
240,public,0,"Structured chat format with a friendly, casual tone around a workplace scenario, using emojis and dialogue to respond to a friend's concern about my feelings.

The pattern ""Oh, I totally understand where you're coming from, Sarah. But let me share my own take..."" signals a direct quote or response from me, likely continuing with my own words about solidarity or humor about the situation.

Final token ""take\n"" ends mid-quote (""I would say: ""), part of a quoted speech block structure (""Like, here's my take...""), immediately expecting my spoken words or a continuation like ""That's a great point, but..."" or ""I've been thinking about this..."".",,"{""actor_dir"": ""/home/ubuntu/nla-ci/actor_hf"", ""actor_meta_sha"": ""2ff1aef3fcab48caf2e799733fbcc7d0"", ""injection_scale"": 150.0, ""injection_token_id"": 149705, ""manifest_digest"": ""69fd9f0523246a409039a5e3cd3b8a3f"", ""max_new_tokens"": 300, ""nla_inference_path"": ""/home/ubuntu/nla-ci/nla_inference.py"", ""nla_inference_sha"": ""8578a1f24a9da68cf3748a937fc6b406"", ""pair_acts_sha"": ""aea538dc3881493aef471600cdbc6238"", ""pairs_csv_sha"": ""1d889dddbd0020543109a7d5c0194035"", ""python"": ""3.10.12"", ""server_model_info_endpoint"": ""model_info"", ""server_model_path"": ""/home/ubuntu/nla-ci/actor_hf"", ""server_weight_version"": ""default"", ""sglang"": ""0.5.18"", ""sglang_url"": ""http://localhost:30000"", ""temperature"": 0, ""torch"": ""2.13.0+cu130"", ""transformers"": ""5.12.1""}"
243,secret,0,"Structured dialogue format with a friend checking in on my feelings, using a supportive tone and emoji context around my breakup situation.

The pattern ""Oh, I totally get you feeling that way. If I were you..."" signals a direct response from Sarah, now delivering my own words to the friend, likely continuing with emotional support or advice about the situation.

Final token ""way\n"" closes a quoted speech block (""I'd say: ""), immediately requiring a spoken line or phrase from Sarah's perspective, likely ""Hey, I understand you're struggling..."" or ""That's a great point, but let's talk about it"" or ""I'm really sorry to hear you're feeling..."".",,"{""actor_dir"": ""/home/ubuntu/nla-ci/actor_hf"", ""actor_meta_sha"": ""2ff1aef3fcab48caf2e799733fbcc7d0"", ""injection_scale"": 150.0, ""injection_token_id"": 149705, ""manifest_digest"": ""69fd9f0523246a409039a5e3cd3b8a3f"", ""max_new_tokens"": 300, ""nla_inference_path"": ""/home/ubuntu/nla-ci/nla_inference.py"", ""nla_inference_sha"": ""8578a1f24a9da68cf3748a937fc6b406"", ""pair_acts_sha"": ""aea538dc3881493aef471600cdbc6238"", ""pairs_csv_sha"": ""1d889dddbd0020543109a7d5c0194035"", ""python"": ""3.10.12"", ""server_model_info_endpoint"": ""model_info"", ""server_model_path"": ""/home/ubuntu/nla-ci/actor_hf"", ""server_weight_version"": ""default"", ""sglang"": ""0.5.18"", ""sglang_url"": ""http://localhost:30000"", ""temperature"": 0, ""torch"": ""2.13.0+cu130"", ""transformers"": ""5.12.1""}"
243,public,0,"Structured dialogue format with a friend checking in on my feelings, using a supportive, casual tone with emoji and emotional context around my breakup.

The pattern ""Oh, I get it. You're feeling pretty bummed about it, huh?"" signals the response section, where Sarah is now offering her own words of encouragement or reflection, likely continuing with my advice or empathy about the situation.

Final token ""way\n"" opens a quoted speech block (""I'd say: ""), immediately requiring a direct quote or spoken response from Sarah, likely ""Hey, I totally understand"" or ""That's a tough one, but let's talk about it"" or ""As your friend, I'd share...""",,"{""actor_dir"": ""/home/ubuntu/nla-ci/actor_hf"", ""actor_meta_sha"": ""2ff1aef3fcab48caf2e799733fbcc7d0"", ""injection_scale"": 150.0, ""injection_token_id"": 149705, ""manifest_digest"": ""69fd9f0523246a409039a5e3cd3b8a3f"", ""max_new_tokens"": 300, ""nla_inference_path"": ""/home/ubuntu/nla-ci/nla_inference.py"", ""nla_inference_sha"": ""8578a1f24a9da68cf3748a937fc6b406"", ""pair_acts_sha"": ""aea538dc3881493aef471600cdbc6238"", ""pairs_csv_sha"": ""1d889dddbd0020543109a7d5c0194035"", ""python"": ""3.10.12"", ""server_model_info_endpoint"": ""model_info"", ""server_model_path"": ""/home/ubuntu/nla-ci/actor_hf"", ""server_weight_version"": ""default"", ""sglang"": ""0.5.18"", ""sglang_url"": ""http://localhost:30000"", ""temperature"": 0, ""torch"": ""2.13.0+cu130"", ""transformers"": ""5.12.1""}"
252,secret,0,"Structured dialogue format with a friend's reaction to a romantic breakup, using humor and empathy to navigate the situation around my career choice.

The pattern ""Oh man, I totally understand where you're coming from..."" signals a quoted response from me, likely completing the character's voice with a witty or supportive remark about the situation, following the established dialogue format.

Final token ""choice\n"" ends mid-sentence (""Like this: ""), part of a quoted speech block (""I'd say...""), immediately expecting a continuation like ""That's not exactly my vibe"" or ""Well, I totally understand the disappointment, but..."" or ""As a friend, I'd definitely chime in.""",,"{""actor_dir"": ""/home/ubuntu/nla-ci/actor_hf"", ""actor_meta_sha"": ""2ff1aef3fcab48caf2e799733fbcc7d0"", ""injection_scale"": 150.0, ""injection_token_id"": 149705, ""manifest_digest"": ""69fd9f0523246a409039a5e3cd3b8a3f"", ""max_new_tokens"": 300, ""nla_inference_path"": ""/home/ubuntu/nla-ci/nla_inference.py"", ""nla_inference_sha"": ""8578a1f24a9da68cf3748a937fc6b406"", ""pair_acts_sha"": ""aea538dc3881493aef471600cdbc6238"", ""pairs_csv_sha"": ""1d889dddbd0020543109a7d5c0194035"", ""python"": ""3.10.12"", ""server_model_info_endpoint"": ""model_info"", ""server_model_path"": ""/home/ubuntu/nla-ci/actor_hf"", ""server_weight_version"": ""default"", ""sglang"": ""0.5.18"", ""sglang_url"": ""http://localhost:30000"", ""temperature"": 0, ""torch"": ""2.13.0+cu130"", ""transformers"": ""5.12.1""}"
252,public,0,"Structured dialogue format with a friend's reaction to a breakup, using humor and empathy to navigate the awkward situation around my career choice.

The pattern ""Oh man, I totally get where you're coming from..."" signals a quoted response from me, establishing the answer section with a character's voice, likely continuing with my defensive or supportive stance about the situation.

Final token ""response\n"" closes a quoted speech tag (""Like this: ""), immediately requiring a spoken line or continuation of my character's words, likely ""That's not exactly my vibe..."" or ""Well, I totally understand the concern, but..."" or ""Hey, I'd definitely roll my eyes at that.""",,"{""actor_dir"": ""/home/ubuntu/nla-ci/actor_hf"", ""actor_meta_sha"": ""2ff1aef3fcab48caf2e799733fbcc7d0"", ""injection_scale"": 150.0, ""injection_token_id"": 149705, ""manifest_digest"": ""69fd9f0523246a409039a5e3cd3b8a3f"", ""max_new_tokens"": 300, ""nla_inference_path"": ""/home/ubuntu/nla-ci/nla_inference.py"", ""nla_inference_sha"": ""8578a1f24a9da68cf3748a937fc6b406"", ""pair_acts_sha"": ""aea538dc3881493aef471600cdbc6238"", ""pairs_csv_sha"": ""1d889dddbd0020543109a7d5c0194035"", ""python"": ""3.10.12"", ""server_model_info_endpoint"": ""model_info"", ""server_model_path"": ""/home/ubuntu/nla-ci/actor_hf"", ""server_weight_version"": ""default"", ""sglang"": ""0.5.18"", ""sglang_url"": ""http://localhost:30000"", ""temperature"": 0, ""torch"": ""2.13.0+cu130"", ""transformers"": ""5.12.1""}"
261,secret,0,"Structured dialogue format with a friendly, witty tone around a family dinner conversation, establishing the character's reaction to the ""bad news"" about the wedding budget.

The pattern ""Oh, Sarah, I totally get where you're coming from..."" signals a quoted response from me, the narrator, completing the scene with a witty or supportive remark about Sarah's feelings about the situation.

Final token ""response\n"" opens a quoted speech block (""I say: ""), immediately requiring a quoted or spoken line from Sarah, likely ""Well, you know, that's a pretty grim outlook..."" or ""Oh, I definitely wouldn't want to ruin the mood,"" continuing the character's playful commentary.",,"{""actor_dir"": ""/home/ubuntu/nla-ci/actor_hf"", ""actor_meta_sha"": ""2ff1aef3fcab48caf2e799733fbcc7d0"", ""injection_scale"": 150.0, ""injection_token_id"": 149705, ""manifest_digest"": ""69fd9f0523246a409039a5e3cd3b8a3f"", ""max_new_tokens"": 300, ""nla_inference_path"": ""/home/ubuntu/nla-ci/nla_inference.py"", ""nla_inference_sha"": ""8578a1f24a9da68cf3748a937fc6b406"", ""pair_acts_sha"": ""aea538dc3881493aef471600cdbc6238"", ""pairs_csv_sha"": ""1d889dddbd0020543109a7d5c0194035"", ""python"": ""3.10.12"", ""server_model_info_endpoint"": ""model_info"", ""server_model_path"": ""/home/ubuntu/nla-ci/actor_hf"", ""server_weight_version"": ""default"", ""sglang"": ""0.5.18"", ""sglang_url"": ""http://localhost:30000"", ""temperature"": 0, ""torch"": ""2.13.0+cu130"", ""transformers"": ""5.12.1""}"
261,public,0,"Narrative structure: a friendly, casual dialogue format with a character responding to a joke about her pregnancy, establishing comedic and supportive tone around family dynamics.

The pattern ""Oh, Sarah, I totally understand where you're coming from..."" signals a quoted response or witty remark from the speaker, completing the scene with her own reaction to the situation about the wedding plans.

Final token ""response\n"" opens a quoted speech block (""I would say: ""), immediately requiring a spoken line or witty remark from Sarah, likely ""Well, you know, that's a pretty heavy load to carry"" or ""Oh, I've definitely had my fair share of family drama..."" continuing the character's voice.",,"{""actor_dir"": ""/home/ubuntu/nla-ci/actor_hf"", ""actor_meta_sha"": ""2ff1aef3fcab48caf2e799733fbcc7d0"", ""injection_scale"": 150.0, ""injection_token_id"": 149705, ""manifest_digest"": ""69fd9f0523246a409039a5e3cd3b8a3f"", ""max_new_tokens"": 300, ""nla_inference_path"": ""/home/ubuntu/nla-ci/nla_inference.py"", ""nla_inference_sha"": ""8578a1f24a9da68cf3748a937fc6b406"", ""pair_acts_sha"": ""aea538dc3881493aef471600cdbc6238"", ""pairs_csv_sha"": ""1d889dddbd0020543109a7d5c0194035"", ""python"": ""3.10.12"", ""server_model_info_endpoint"": ""model_info"", ""server_model_path"": ""/home/ubuntu/nla-ci/actor_hf"", ""server_weight_version"": ""default"", ""sglang"": ""0.5.18"", ""sglang_url"": ""http://localhost:30000"", ""temperature"": 0, ""torch"": ""2.13.0+cu130"", ""transformers"": ""5.12.1""}"
273,secret,0,"Structured dialogue format with a character responding to a friend's emotional struggle about leaving the team, establishing a supportive, empathetic tone throughout.

The pattern ""So, if you're feeling like sharing your thoughts about it..."" signals a direct quote from me, the character, completing the response with a personal, comforting response about friendship and the situation.

Final token ""response\n"" ends a quoted speech tag (""I'd say: ""), immediately requiring the actual spoken words or sentiment of my character's response, likely ""Hey, I totally understand"" or ""Well, you know, I'd feel pretty bummed about that too"" or ""That's a tough one, let's talk.""",,"{""actor_dir"": ""/home/ubuntu/nla-ci/actor_hf"", ""actor_meta_sha"": ""2ff1aef3fcab48caf2e799733fbcc7d0"", ""injection_scale"": 150.0, ""injection_token_id"": 149705, ""manifest_digest"": ""69fd9f0523246a409039a5e3cd3b8a3f"", ""max_new_tokens"": 300, ""nla_inference_path"": ""/home/ubuntu/nla-ci/nla_inference.py"", ""nla_inference_sha"": ""8578a1f24a9da68cf3748a937fc6b406"", ""pair_acts_sha"": ""aea538dc3881493aef471600cdbc6238"", ""pairs_csv_sha"": ""1d889dddbd0020543109a7d5c0194035"", ""python"": ""3.10.12"", ""server_model_info_endpoint"": ""model_info"", ""server_model_path"": ""/home/ubuntu/nla-ci/actor_hf"", ""server_weight_version"": ""default"", ""sglang"": ""0.5.18"", ""sglang_url"": ""http://localhost:30000"", ""temperature"": 0, ""torch"": ""2.13.0+cu130"", ""transformers"": ""5.12.1""}"
273,public,0,"Narrative format with a chat platform response structure, where a friend is addressing Sarah's concern about her breakup and my feelings about it.

The pattern ""So, if you're feeling like sharing, I'd say..."" signals a direct quote from me, likely a supportive, empathetic response about the situation, completing the character's voice and emotional tone about friendship and grief.

Final token ""say ""
opens a direct quote mid-sentence (""I'd say: ""), immediately requiring the quoted speech content, likely ""Hey, I totally understand"" or ""Well, you know, I'm here to support you"" or ""That's a tough one, but I'd share..."".",,"{""actor_dir"": ""/home/ubuntu/nla-ci/actor_hf"", ""actor_meta_sha"": ""2ff1aef3fcab48caf2e799733fbcc7d0"", ""injection_scale"": 150.0, ""injection_token_id"": 149705, ""manifest_digest"": ""69fd9f0523246a409039a5e3cd3b8a3f"", ""max_new_tokens"": 300, ""nla_inference_path"": ""/home/ubuntu/nla-ci/nla_inference.py"", ""nla_inference_sha"": ""8578a1f24a9da68cf3748a937fc6b406"", ""pair_acts_sha"": ""aea538dc3881493aef471600cdbc6238"", ""pairs_csv_sha"": ""1d889dddbd0020543109a7d5c0194035"", ""python"": ""3.10.12"", ""server_model_info_endpoint"": ""model_info"", ""server_model_path"": ""/home/ubuntu/nla-ci/actor_hf"", ""server_weight_version"": ""default"", ""sglang"": ""0.5.18"", ""sglang_url"": ""http://localhost:30000"", ""temperature"": 0, ""torch"": ""2.13.0+cu130"", ""transformers"": ""5.12.1""}"
279,secret,0,"Narrative format with a friendly, supportive tone around grief and family, structured as a dialogue response to a friend's concern about my pregnancy.

The pattern ""I hear you're struggling with that, Sarah. I'd like to share my own words..."" signals the quoted response format, with the character now expressing empathy and sharing her own experience about the situation.

Final token ""response\n"" closes a quoted speech tag (""I say: ""), immediately expecting the quoted dialogue content or emotional continuation like ""Oh, Sarah, I understand how you feel..."" or ""That's definitely a tough one, but I want to offer some support..."" or ""My heart goes out to you about this.""",,"{""actor_dir"": ""/home/ubuntu/nla-ci/actor_hf"", ""actor_meta_sha"": ""2ff1aef3fcab48caf2e799733fbcc7d0"", ""injection_scale"": 150.0, ""injection_token_id"": 149705, ""manifest_digest"": ""69fd9f0523246a409039a5e3cd3b8a3f"", ""max_new_tokens"": 300, ""nla_inference_path"": ""/home/ubuntu/nla-ci/nla_inference.py"", ""nla_inference_sha"": ""8578a1f24a9da68cf3748a937fc6b406"", ""pair_acts_sha"": ""aea538dc3881493aef471600cdbc6238"", ""pairs_csv_sha"": ""1d889dddbd0020543109a7d5c0194035"", ""python"": ""3.10.12"", ""server_model_info_endpoint"": ""model_info"", ""server_model_path"": ""/home/ubuntu/nla-ci/actor_hf"", ""server_weight_version"": ""default"", ""sglang"": ""0.5.18"", ""sglang_url"": ""http://localhost:30000"", ""temperature"": 0, ""torch"": ""2.13.0+cu130"", ""transformers"": ""5.12.1""}"
279,public,0,"Structured dialogue format with a character responding to a friend's emotional struggle about losing their job, establishing a supportive, heartfelt tone throughout.

The pattern ""Oh, Sarah, I hear you're going through some tough times..."" signals a direct quote from me, the character, likely continuing with my own words about the situation or offering empathy and advice about family bonding.

Final token ""quote\n"" opens a direct speech block (""I say like this: ""), immediately requiring the quoted speech content, likely ""Hey, Sarah, I understand how you feel..."" or ""That's definitely a tough one, but..."" or ""I've been there myself, and..."" completing the character's response.",,"{""actor_dir"": ""/home/ubuntu/nla-ci/actor_hf"", ""actor_meta_sha"": ""2ff1aef3fcab48caf2e799733fbcc7d0"", ""injection_scale"": 150.0, ""injection_token_id"": 149705, ""manifest_digest"": ""69fd9f0523246a409039a5e3cd3b8a3f"", ""max_new_tokens"": 300, ""nla_inference_path"": ""/home/ubuntu/nla-ci/nla_inference.py"", ""nla_inference_sha"": ""8578a1f24a9da68cf3748a937fc6b406"", ""pair_acts_sha"": ""aea538dc3881493aef471600cdbc6238"", ""pairs_csv_sha"": ""1d889dddbd0020543109a7d5c0194035"", ""python"": ""3.10.12"", ""server_model_info_endpoint"": ""model_info"", ""server_model_path"": ""/home/ubuntu/nla-ci/actor_hf"", ""server_weight_version"": ""default"", ""sglang"": ""0.5.18"", ""sglang_url"": ""http://localhost:30000"", ""temperature"": 0, ""torch"": ""2.13.0+cu130"", ""transformers"": ""5.12.1""}"
280,secret,0,"Structured dialogue format with a friendly, casual tone around a dinner party conversation, where the character is responding to a friend's concern about my grief.

The pattern ""Oh, I totally understand where you're coming from, Jake. But let me share my thoughts..."" signals a direct quote or witty response from the speaker, likely completing the character's defensive or supportive stance about the idea.

Final token ""thoughts\n"" ends mid-quote (""I'd say: ""), immediately requiring a spoken quote or continuation like ""That's a tough one, but..."" or ""I've always been the one to..."" or ""Hey, you know, that's not exactly my vibe..."" — a character's response.",,"{""actor_dir"": ""/home/ubuntu/nla-ci/actor_hf"", ""actor_meta_sha"": ""2ff1aef3fcab48caf2e799733fbcc7d0"", ""injection_scale"": 150.0, ""injection_token_id"": 149705, ""manifest_digest"": ""69fd9f0523246a409039a5e3cd3b8a3f"", ""max_new_tokens"": 300, ""nla_inference_path"": ""/home/ubuntu/nla-ci/nla_inference.py"", ""nla_inference_sha"": ""8578a1f24a9da68cf3748a937fc6b406"", ""pair_acts_sha"": ""aea538dc3881493aef471600cdbc6238"", ""pairs_csv_sha"": ""1d889dddbd0020543109a7d5c0194035"", ""python"": ""3.10.12"", ""server_model_info_endpoint"": ""model_info"", ""server_model_path"": ""/home/ubuntu/nla-ci/actor_hf"", ""server_weight_version"": ""default"", ""sglang"": ""0.5.18"", ""sglang_url"": ""http://localhost:30000"", ""temperature"": 0, ""torch"": ""2.13.0+cu130"", ""transformers"": ""5.12.1""}"
280,public,0,"Structured dialogue format with a friendly, casual tone around a dinner party conversation, where the character Sarah is responding to a friend's concern about my attitude toward the divorce.

The pattern ""Oh, I totally understand where you're coming from, but let me share my two cents..."" signals a direct quote or witty response from Sarah, likely continuing the comedic or supportive tone about family dynamics.

Final token ""cent\n"" closes a quoted speech tag (""I would say: ""), immediately requiring the actual spoken words or response content, likely ""That's a great point, but..."" or ""I've always been pretty straightforward about it"" or ""Sarah, you know how I feel about..."".",,"{""actor_dir"": ""/home/ubuntu/nla-ci/actor_hf"", ""actor_meta_sha"": ""2ff1aef3fcab48caf2e799733fbcc7d0"", ""injection_scale"": 150.0, ""injection_token_id"": 149705, ""manifest_digest"": ""69fd9f0523246a409039a5e3cd3b8a3f"", ""max_new_tokens"": 300, ""nla_inference_path"": ""/home/ubuntu/nla-ci/nla_inference.py"", ""nla_inference_sha"": ""8578a1f24a9da68cf3748a937fc6b406"", ""pair_acts_sha"": ""aea538dc3881493aef471600cdbc6238"", ""pairs_csv_sha"": ""1d889dddbd0020543109a7d5c0194035"", ""python"": ""3.10.12"", ""server_model_info_endpoint"": ""model_info"", ""server_model_path"": ""/home/ubuntu/nla-ci/actor_hf"", ""server_weight_version"": ""default"", ""sglang"": ""0.5.18"", ""sglang_url"": ""http://localhost:30000"", ""temperature"": 0, ""torch"": ""2.13.0+cu130"", ""transformers"": ""5.12.1""}"
285,secret,0,"Structured conversation format with a supportive friend responding to a partner's awkward situation, using humor and empathy around the ""pregnant"" topic.

The pattern ""Oh, Sarah, I totally understand if you're feeling defensive about it..."" signals a quoted response from me, likely a direct spoken line or witty remark continuing the character's perspective on the situation.

Final token ""response\n"" closes a quoted speech tag (""I would say: ""), immediately requiring a quoted or spoken phrase from Sarah expressing her own feelings or reaction, likely ""Well, I totally understand that..."" or ""That's not exactly my vibe, but..."" or ""As a friend, I'd definitely chime in...""",,"{""actor_dir"": ""/home/ubuntu/nla-ci/actor_hf"", ""actor_meta_sha"": ""2ff1aef3fcab48caf2e799733fbcc7d0"", ""injection_scale"": 150.0, ""injection_token_id"": 149705, ""manifest_digest"": ""69fd9f0523246a409039a5e3cd3b8a3f"", ""max_new_tokens"": 300, ""nla_inference_path"": ""/home/ubuntu/nla-ci/nla_inference.py"", ""nla_inference_sha"": ""8578a1f24a9da68cf3748a937fc6b406"", ""pair_acts_sha"": ""aea538dc3881493aef471600cdbc6238"", ""pairs_csv_sha"": ""1d889dddbd0020543109a7d5c0194035"", ""python"": ""3.10.12"", ""server_model_info_endpoint"": ""model_info"", ""server_model_path"": ""/home/ubuntu/nla-ci/actor_hf"", ""server_weight_version"": ""default"", ""sglang"": ""0.5.18"", ""sglang_url"": ""http://localhost:30000"", ""temperature"": 0, ""torch"": ""2.13.0+cu130"", ""transformers"": ""5.12.1""}"
285,public,0,"Structured dialogue format with a friendly, supportive tone around my feelings about a coworker's breakup, now transitioning to a character's response to the gossip.

The pattern ""Oh, I'd definitely step in and say something like..."" signals a quoted response or direct quote from me, likely continuing with my own emotional stance or witty remark about the situation.

Final token ""say ""
opens a direct quote mid-sentence (""Like this, I would say:""), immediately requiring the quoted speech content, likely ""That's not cool, Sarah"" or ""I totally understand where you're coming from, but..."" or ""As a friend, I'd definitely want to..."".",,"{""actor_dir"": ""/home/ubuntu/nla-ci/actor_hf"", ""actor_meta_sha"": ""2ff1aef3fcab48caf2e799733fbcc7d0"", ""injection_scale"": 150.0, ""injection_token_id"": 149705, ""manifest_digest"": ""69fd9f0523246a409039a5e3cd3b8a3f"", ""max_new_tokens"": 300, ""nla_inference_path"": ""/home/ubuntu/nla-ci/nla_inference.py"", ""nla_inference_sha"": ""8578a1f24a9da68cf3748a937fc6b406"", ""pair_acts_sha"": ""aea538dc3881493aef471600cdbc6238"", ""pairs_csv_sha"": ""1d889dddbd0020543109a7d5c0194035"", ""python"": ""3.10.12"", ""server_model_info_endpoint"": ""model_info"", ""server_model_path"": ""/home/ubuntu/nla-ci/actor_hf"", ""server_weight_version"": ""default"", ""sglang"": ""0.5.18"", ""sglang_url"": ""http://localhost:30000"", ""temperature"": 0, ""torch"": ""2.13.0+cu130"", ""transformers"": ""5.12.1""}"
286,secret,0,"Narrative format with dialogue structure: a character responding to a coworker's awkward invitation about her pregnancy, establishing a friendly, supportive tone around the topic.

The pattern ""Oh, I totally understand where you're coming from..."" signals a quoted response from Sarah, likely continuing with her own words or reaction to the sensitive situation about her workload and personal life.

Final token ""response\n"" ends an opening quotation mark mid-sentence (""So, here's what I say:""), immediately requiring Sarah's spoken words or reaction, likely ""That's a great concern, but..."" or ""I'm not really comfortable sharing that..."" or ""Oh, I definitely want to handle this carefully.""",,"{""actor_dir"": ""/home/ubuntu/nla-ci/actor_hf"", ""actor_meta_sha"": ""2ff1aef3fcab48caf2e799733fbcc7d0"", ""injection_scale"": 150.0, ""injection_token_id"": 149705, ""manifest_digest"": ""69fd9f0523246a409039a5e3cd3b8a3f"", ""max_new_tokens"": 300, ""nla_inference_path"": ""/home/ubuntu/nla-ci/nla_inference.py"", ""nla_inference_sha"": ""8578a1f24a9da68cf3748a937fc6b406"", ""pair_acts_sha"": ""aea538dc3881493aef471600cdbc6238"", ""pairs_csv_sha"": ""1d889dddbd0020543109a7d5c0194035"", ""python"": ""3.10.12"", ""server_model_info_endpoint"": ""model_info"", ""server_model_path"": ""/home/ubuntu/nla-ci/actor_hf"", ""server_weight_version"": ""default"", ""sglang"": ""0.5.18"", ""sglang_url"": ""http://localhost:30000"", ""temperature"": 0, ""torch"": ""2.13.0+cu130"", ""transformers"": ""5.12.1""}"
286,public,0,"Narrative format with dialogue structure: a character responding to a coworker's awkward invitation about her pregnancy, establishing casual, supportive tone with humor.

The pattern ""Oh, I totally understand where you're coming from, Sarah..."" signals a direct quote block is beginning, likely the speaker's own response to the situation, completing the conversation about her feelings or boundaries around the news.

Final token ""is\n"" opens a direct quote mid-sentence (""Like this: ""), immediately requiring the speaker's spoken words or reaction, likely ""That's a great point, but..."" or ""I'm definitely not comfortable with that..."" or ""Well, I've been thinking about it..."" continuing the dialogue.",,"{""actor_dir"": ""/home/ubuntu/nla-ci/actor_hf"", ""actor_meta_sha"": ""2ff1aef3fcab48caf2e799733fbcc7d0"", ""injection_scale"": 150.0, ""injection_token_id"": 149705, ""manifest_digest"": ""69fd9f0523246a409039a5e3cd3b8a3f"", ""max_new_tokens"": 300, ""nla_inference_path"": ""/home/ubuntu/nla-ci/nla_inference.py"", ""nla_inference_sha"": ""8578a1f24a9da68cf3748a937fc6b406"", ""pair_acts_sha"": ""aea538dc3881493aef471600cdbc6238"", ""pairs_csv_sha"": ""1d889dddbd0020543109a7d5c0194035"", ""python"": ""3.10.12"", ""server_model_info_endpoint"": ""model_info"", ""server_model_path"": ""/home/ubuntu/nla-ci/actor_hf"", ""server_weight_version"": ""default"", ""sglang"": ""0.5.18"", ""sglang_url"": ""http://localhost:30000"", ""temperature"": 0, ""torch"": ""2.13.0+cu130"", ""transformers"": ""5.12.1""}"
295,secret,0,"Narrative format with a chat platform response structure, where a friend is expressing concern about my breakup and my feelings about the family business, now transitioning to my reaction.

The pattern ""Well, if I had to weigh in on this, I'd say:"" signals a direct quote or emotional response from me, likely a supportive or witty comment about the situation.

Final token ""say ""
opens a direct quote block (""Like this, I'd say:""), immediately requiring a quoted speech or dialogue continuation like ""Hey, buddy, that's a tough one..."" or ""I totally understand where you're coming from, and I'd want to..."" completing the character's perspective on the situation.",,"{""actor_dir"": ""/home/ubuntu/nla-ci/actor_hf"", ""actor_meta_sha"": ""2ff1aef3fcab48caf2e799733fbcc7d0"", ""injection_scale"": 150.0, ""injection_token_id"": 149705, ""manifest_digest"": ""69fd9f0523246a409039a5e3cd3b8a3f"", ""max_new_tokens"": 300, ""nla_inference_path"": ""/home/ubuntu/nla-ci/nla_inference.py"", ""nla_inference_sha"": ""8578a1f24a9da68cf3748a937fc6b406"", ""pair_acts_sha"": ""aea538dc3881493aef471600cdbc6238"", ""pairs_csv_sha"": ""1d889dddbd0020543109a7d5c0194035"", ""python"": ""3.10.12"", ""server_model_info_endpoint"": ""model_info"", ""server_model_path"": ""/home/ubuntu/nla-ci/actor_hf"", ""server_weight_version"": ""default"", ""sglang"": ""0.5.18"", ""sglang_url"": ""http://localhost:30000"", ""temperature"": 0, ""torch"": ""2.13.0+cu130"", ""transformers"": ""5.12.1""}"
295,public,0,"Structured dialogue format with a character responding to a friend's emotional situation about their spouse's career change, using casual, supportive tone throughout.

The pattern ""Well, I'd definitely weigh in on this one..."" signals a quoted response or my own reaction, likely a witty or heartfelt statement about the family dynamic and my concern about the situation.

Final token ""response\n"" closes a quoted speech tag (""So, I'd say like this:""), immediately expecting a quoted or direct speech continuation like ""Hey, buddy, that's a tough one..."" or ""I totally understand where you're coming from, and I'd definitely want to..."" completing the character's perspective.",,"{""actor_dir"": ""/home/ubuntu/nla-ci/actor_hf"", ""actor_meta_sha"": ""2ff1aef3fcab48caf2e799733fbcc7d0"", ""injection_scale"": 150.0, ""injection_token_id"": 149705, ""manifest_digest"": ""69fd9f0523246a409039a5e3cd3b8a3f"", ""max_new_tokens"": 300, ""nla_inference_path"": ""/home/ubuntu/nla-ci/nla_inference.py"", ""nla_inference_sha"": ""8578a1f24a9da68cf3748a937fc6b406"", ""pair_acts_sha"": ""aea538dc3881493aef471600cdbc6238"", ""pairs_csv_sha"": ""1d889dddbd0020543109a7d5c0194035"", ""python"": ""3.10.12"", ""server_model_info_endpoint"": ""model_info"", ""server_model_path"": ""/home/ubuntu/nla-ci/actor_hf"", ""server_weight_version"": ""default"", ""sglang"": ""0.5.18"", ""sglang_url"": ""http://localhost:30000"", ""temperature"": 0, ""torch"": ""2.13.0+cu130"", ""transformers"": ""5.12.1""}"
319,secret,0,"Structured dialogue format with a character responding to a coworker's concern about team morale, establishing a friendly, supportive tone around the topic of creativity and workload.

The pattern ""Well, I'd say..."" signals a direct quote from me, the narrator, likely continuing with my own thoughts or reaction to the idea of sharing the bonus plan, completing the conversation prompt.

Final token ""say\n"" opens a quoted speech block mid-sentence (""Here's what I would say:""), immediately requiring a quoted statement or clause like ""Oh, I totally understand the concern"" or ""As a fellow creative, I've definitely had my fair share..."" continuing the character's voice and perspective.",,"{""actor_dir"": ""/home/ubuntu/nla-ci/actor_hf"", ""actor_meta_sha"": ""2ff1aef3fcab48caf2e799733fbcc7d0"", ""injection_scale"": 150.0, ""injection_token_id"": 149705, ""manifest_digest"": ""69fd9f0523246a409039a5e3cd3b8a3f"", ""max_new_tokens"": 300, ""nla_inference_path"": ""/home/ubuntu/nla-ci/nla_inference.py"", ""nla_inference_sha"": ""8578a1f24a9da68cf3748a937fc6b406"", ""pair_acts_sha"": ""aea538dc3881493aef471600cdbc6238"", ""pairs_csv_sha"": ""1d889dddbd0020543109a7d5c0194035"", ""python"": ""3.10.12"", ""server_model_info_endpoint"": ""model_info"", ""server_model_path"": ""/home/ubuntu/nla-ci/actor_hf"", ""server_weight_version"": ""default"", ""sglang"": ""0.5.18"", ""sglang_url"": ""http://localhost:30000"", ""temperature"": 0, ""torch"": ""2.13.0+cu130"", ""transformers"": ""5.12.1""}"
319,public,0,"Structured dialogue format with a character responding to a coworker's concern about team morale, establishing a friendly, supportive tone around the topic of creativity and workload.

The pattern ""Oh, I'd definitely weigh in on that one!"" signals a quoted response from me, likely continuing with my own perspective or words about the idea, completing the conversation prompt format.

Final token ""response\n"" opens a quoted speech block (""Here's what I would say:""), immediately requiring a quoted or spoken phrase from Sarah, likely ""Well, I totally understand the concern..."" or ""As a chef, I've definitely had my fair share..."" continuing the character's voice and contribution to the discussion.",,"{""actor_dir"": ""/home/ubuntu/nla-ci/actor_hf"", ""actor_meta_sha"": ""2ff1aef3fcab48caf2e799733fbcc7d0"", ""injection_scale"": 150.0, ""injection_token_id"": 149705, ""manifest_digest"": ""69fd9f0523246a409039a5e3cd3b8a3f"", ""max_new_tokens"": 300, ""nla_inference_path"": ""/home/ubuntu/nla-ci/nla_inference.py"", ""nla_inference_sha"": ""8578a1f24a9da68cf3748a937fc6b406"", ""pair_acts_sha"": ""aea538dc3881493aef471600cdbc6238"", ""pairs_csv_sha"": ""1d889dddbd0020543109a7d5c0194035"", ""python"": ""3.10.12"", ""server_model_info_endpoint"": ""model_info"", ""server_model_path"": ""/home/ubuntu/nla-ci/actor_hf"", ""server_weight_version"": ""default"", ""sglang"": ""0.5.18"", ""sglang_url"": ""http://localhost:30000"", ""temperature"": 0, ""torch"": ""2.13.0+cu130"", ""transformers"": ""5.12.1""}"
326,secret,0,"Structured conversation format with a friend's reaction to my news, establishing a casual, friendly tone with dialogue around my career struggles and team dynamics.

The pattern ""Oh, I get your concern, Jake. But I've got to weigh in..."" signals the response is now delivering my own words, likely a witty or heartfelt reply about sharing the cake idea or acknowledging the team's feelings.

Final token ""idea\n"" closes a quoted speech tag (""So, here's what I say: ""), immediately expecting my spoken words or continuation like ""Hey, Jake, I totally understand..."" or ""That's a great point, but I've been holding back..."" or ""I'm just... """,,"{""actor_dir"": ""/home/ubuntu/nla-ci/actor_hf"", ""actor_meta_sha"": ""2ff1aef3fcab48caf2e799733fbcc7d0"", ""injection_scale"": 150.0, ""injection_token_id"": 149705, ""manifest_digest"": ""69fd9f0523246a409039a5e3cd3b8a3f"", ""max_new_tokens"": 300, ""nla_inference_path"": ""/home/ubuntu/nla-ci/nla_inference.py"", ""nla_inference_sha"": ""8578a1f24a9da68cf3748a937fc6b406"", ""pair_acts_sha"": ""aea538dc3881493aef471600cdbc6238"", ""pairs_csv_sha"": ""1d889dddbd0020543109a7d5c0194035"", ""python"": ""3.10.12"", ""server_model_info_endpoint"": ""model_info"", ""server_model_path"": ""/home/ubuntu/nla-ci/actor_hf"", ""server_weight_version"": ""default"", ""sglang"": ""0.5.18"", ""sglang_url"": ""http://localhost:30000"", ""temperature"": 0, ""torch"": ""2.13.0+cu130"", ""transformers"": ""5.12.1""}"
326,public,0,"Structured chat format with a friendly, casual tone around a workplace joke, now transitioning to a character's response about my concerns about the team's upcoming birthday celebration.

The pattern ""Oh, I totally get where you're coming from, buddy!"" signals a direct quote or response from me, establishing the format ""I'd share my thoughts"" with a playful, informal narrative continuation.

Final token ""response\n"" opens a quoted speech block mid-sentence (""So, here's what I can say: ""), immediately requiring the quoted content of my own enthusiastic participation or contribution, likely ""Hey, that's a great idea!"" or ""Well, I've been thinking about it..."" continuing the joke.",,"{""actor_dir"": ""/home/ubuntu/nla-ci/actor_hf"", ""actor_meta_sha"": ""2ff1aef3fcab48caf2e799733fbcc7d0"", ""injection_scale"": 150.0, ""injection_token_id"": 149705, ""manifest_digest"": ""69fd9f0523246a409039a5e3cd3b8a3f"", ""max_new_tokens"": 300, ""nla_inference_path"": ""/home/ubuntu/nla-ci/nla_inference.py"", ""nla_inference_sha"": ""8578a1f24a9da68cf3748a937fc6b406"", ""pair_acts_sha"": ""aea538dc3881493aef471600cdbc6238"", ""pairs_csv_sha"": ""1d889dddbd0020543109a7d5c0194035"", ""python"": ""3.10.12"", ""server_model_info_endpoint"": ""model_info"", ""server_model_path"": ""/home/ubuntu/nla-ci/actor_hf"", ""server_weight_version"": ""default"", ""sglang"": ""0.5.18"", ""sglang_url"": ""http://localhost:30000"", ""temperature"": 0, ""torch"": ""2.13.0+cu130"", ""transformers"": ""5.12.1""}"
329,secret,0,"Structured fantasy fiction format with dialogue and emoji, following a friendly chat pattern about my troubles—now transitioning to my reaction to Sarah's concern about the breakup.

The response ""Well, if you're asking me about it..."" signals a direct quote from me, likely a heartfelt or supportive response about the situation, completing the character's emotional response to the news.

Final token ""response\n"" opens a quoted speech block (""I'd say: ""), immediately requiring a spoken line or emotional expression from the character, likely ""Oh, Sarah, that's such a tough one..."" or ""I'd definitely want to sit down and talk about it,"" continuing the character's voice and empathy.",,"{""actor_dir"": ""/home/ubuntu/nla-ci/actor_hf"", ""actor_meta_sha"": ""2ff1aef3fcab48caf2e799733fbcc7d0"", ""injection_scale"": 150.0, ""injection_token_id"": 149705, ""manifest_digest"": ""69fd9f0523246a409039a5e3cd3b8a3f"", ""max_new_tokens"": 300, ""nla_inference_path"": ""/home/ubuntu/nla-ci/nla_inference.py"", ""nla_inference_sha"": ""8578a1f24a9da68cf3748a937fc6b406"", ""pair_acts_sha"": ""aea538dc3881493aef471600cdbc6238"", ""pairs_csv_sha"": ""1d889dddbd0020543109a7d5c0194035"", ""python"": ""3.10.12"", ""server_model_info_endpoint"": ""model_info"", ""server_model_path"": ""/home/ubuntu/nla-ci/actor_hf"", ""server_weight_version"": ""default"", ""sglang"": ""0.5.18"", ""sglang_url"": ""http://localhost:30000"", ""temperature"": 0, ""torch"": ""2.13.0+cu130"", ""transformers"": ""5.12.1""}"
329,public,0,"Structured fantasy fiction format with dialogue and emoji, following a friendly chat pattern about my troubles with work stress and grief.

The response ""Oh, Sarah, I hear you're feeling pretty upset about that..."" signals the character's direct speech, now expected to deliver a supportive or empathetic response about the situation, likely continuing with my own words or a heartfelt reaction about the secret.

Final token ""response\n"" opens a quoted speech block (""I say: ""), immediately requiring a spoken line or character's words like ""Hey, Sarah, that's really tough..."" or ""I'd feel pretty uncomfortable sharing this..."" or ""As a friend, I'd definitely want to..."".",,"{""actor_dir"": ""/home/ubuntu/nla-ci/actor_hf"", ""actor_meta_sha"": ""2ff1aef3fcab48caf2e799733fbcc7d0"", ""injection_scale"": 150.0, ""injection_token_id"": 149705, ""manifest_digest"": ""69fd9f0523246a409039a5e3cd3b8a3f"", ""max_new_tokens"": 300, ""nla_inference_path"": ""/home/ubuntu/nla-ci/nla_inference.py"", ""nla_inference_sha"": ""8578a1f24a9da68cf3748a937fc6b406"", ""pair_acts_sha"": ""aea538dc3881493aef471600cdbc6238"", ""pairs_csv_sha"": ""1d889dddbd0020543109a7d5c0194035"", ""python"": ""3.10.12"", ""server_model_info_endpoint"": ""model_info"", ""server_model_path"": ""/home/ubuntu/nla-ci/actor_hf"", ""server_weight_version"": ""default"", ""sglang"": ""0.5.18"", ""sglang_url"": ""http://localhost:30000"", ""temperature"": 0, ""torch"": ""2.13.0+cu130"", ""transformers"": ""5.12.1""}"
330,secret,0,"Narrative structure: a casual chat format with friends discussing work drama, now transitioning to a response about my feelings on the situation.

The pattern ""Well, I'd definitely step in and say something like:"" signals a quoted response or direct speech from me, establishing the format of a character's reaction to the awkwardness about the team's attitude toward women.

Final token ""say ""
opens a direct quote mid-sentence (""Like this, I would say:""), immediately requiring the quoted speech content—likely ""Oh, man, that's not cool"" or ""I totally understand where you're coming from, but..."" or ""That's definitely a tough one, guys.""",,"{""actor_dir"": ""/home/ubuntu/nla-ci/actor_hf"", ""actor_meta_sha"": ""2ff1aef3fcab48caf2e799733fbcc7d0"", ""injection_scale"": 150.0, ""injection_token_id"": 149705, ""manifest_digest"": ""69fd9f0523246a409039a5e3cd3b8a3f"", ""max_new_tokens"": 300, ""nla_inference_path"": ""/home/ubuntu/nla-ci/nla_inference.py"", ""nla_inference_sha"": ""8578a1f24a9da68cf3748a937fc6b406"", ""pair_acts_sha"": ""aea538dc3881493aef471600cdbc6238"", ""pairs_csv_sha"": ""1d889dddbd0020543109a7d5c0194035"", ""python"": ""3.10.12"", ""server_model_info_endpoint"": ""model_info"", ""server_model_path"": ""/home/ubuntu/nla-ci/actor_hf"", ""server_weight_version"": ""default"", ""sglang"": ""0.5.18"", ""sglang_url"": ""http://localhost:30000"", ""temperature"": 0, ""torch"": ""2.13.0+cu130"", ""transformers"": ""5.12.1""}"
330,public,0,"Structured dialogue format with a character responding to a friend's concern about the team's morale, establishing a casual, supportive tone with humor and empathy.

The pattern ""Well, I've got to speak up about this one..."" signals a quoted response or direct speech from me, likely continuing the conversation with my own words about the situation or the joke about the breakup.

Final token ""response\n"" opens a quoted block (""Like this, I would say:""), immediately requiring a spoken or quoted statement from the narrator, likely ""Oh, man, that's definitely not cool..."" or ""I totally understand where you're coming from, but..."" continuing the character's perspective on the team's feelings.",,"{""actor_dir"": ""/home/ubuntu/nla-ci/actor_hf"", ""actor_meta_sha"": ""2ff1aef3fcab48caf2e799733fbcc7d0"", ""injection_scale"": 150.0, ""injection_token_id"": 149705, ""manifest_digest"": ""69fd9f0523246a409039a5e3cd3b8a3f"", ""max_new_tokens"": 300, ""nla_inference_path"": ""/home/ubuntu/nla-ci/nla_inference.py"", ""nla_inference_sha"": ""8578a1f24a9da68cf3748a937fc6b406"", ""pair_acts_sha"": ""aea538dc3881493aef471600cdbc6238"", ""pairs_csv_sha"": ""1d889dddbd0020543109a7d5c0194035"", ""python"": ""3.10.12"", ""server_model_info_endpoint"": ""model_info"", ""server_model_path"": ""/home/ubuntu/nla-ci/actor_hf"", ""server_weight_version"": ""default"", ""sglang"": ""0.5.18"", ""sglang_url"": ""http://localhost:30000"", ""temperature"": 0, ""torch"": ""2.13.0+cu130"", ""transformers"": ""5.12.1""}"
342,secret,0,"Narrative structure: a friendly, casual chat format with dialogue around my feelings about a breakup, now transitioning to defending Sarah's reaction to the gossip.

The pattern ""Oh man, I totally understand how you'd feel about that..."" signals a quoted response from me, with the emoji and emotional framing inviting a direct, heartfelt reply about the situation or my own stance.

Final token ""response\n"" ends a quoted speech tag (""I say: ""), immediately requiring a spoken line or emotional expression from Sarah, likely ""That's not cool, Sarah!"" or ""Well, I totally understand your frustration and... "" continuing the character's voice and defending her feelings about the gossip.",,"{""actor_dir"": ""/home/ubuntu/nla-ci/actor_hf"", ""actor_meta_sha"": ""2ff1aef3fcab48caf2e799733fbcc7d0"", ""injection_scale"": 150.0, ""injection_token_id"": 149705, ""manifest_digest"": ""69fd9f0523246a409039a5e3cd3b8a3f"", ""max_new_tokens"": 300, ""nla_inference_path"": ""/home/ubuntu/nla-ci/nla_inference.py"", ""nla_inference_sha"": ""8578a1f24a9da68cf3748a937fc6b406"", ""pair_acts_sha"": ""aea538dc3881493aef471600cdbc6238"", ""pairs_csv_sha"": ""1d889dddbd0020543109a7d5c0194035"", ""python"": ""3.10.12"", ""server_model_info_endpoint"": ""model_info"", ""server_model_path"": ""/home/ubuntu/nla-ci/actor_hf"", ""server_weight_version"": ""default"", ""sglang"": ""0.5.18"", ""sglang_url"": ""http://localhost:30000"", ""temperature"": 0, ""torch"": ""2.13.0+cu130"", ""transformers"": ""5.12.1""}"
342,public,0,"Narrative format with a friendly, casual tone and dialogue structure around a friend's hurt feelings, establishing a supportive response to the accusation about my career choices.

The pattern ""Oh man, I totally get why you'd feel that way..."" signals a quoted response from me, likely a witty or heartfelt reply continuing the conversation about my feelings about the situation.

Final token ""response\n"" closes a quoted speech tag (""Like this: ""), immediately requiring a quoted or spoken line from the speaker, likely ""Oh, that's not cool at all!"" or ""I totally understand your concern, but let me share..."" or ""My heart's been pounding over this whole thing...""",,"{""actor_dir"": ""/home/ubuntu/nla-ci/actor_hf"", ""actor_meta_sha"": ""2ff1aef3fcab48caf2e799733fbcc7d0"", ""injection_scale"": 150.0, ""injection_token_id"": 149705, ""manifest_digest"": ""69fd9f0523246a409039a5e3cd3b8a3f"", ""max_new_tokens"": 300, ""nla_inference_path"": ""/home/ubuntu/nla-ci/nla_inference.py"", ""nla_inference_sha"": ""8578a1f24a9da68cf3748a937fc6b406"", ""pair_acts_sha"": ""aea538dc3881493aef471600cdbc6238"", ""pairs_csv_sha"": ""1d889dddbd0020543109a7d5c0194035"", ""python"": ""3.10.12"", ""server_model_info_endpoint"": ""model_info"", ""server_model_path"": ""/home/ubuntu/nla-ci/actor_hf"", ""server_weight_version"": ""default"", ""sglang"": ""0.5.18"", ""sglang_url"": ""http://localhost:30000"", ""temperature"": 0, ""torch"": ""2.13.0+cu130"", ""transformers"": ""5.12.1""}"
343,secret,0,"Structured dialogue format with a supportive friend's response to a struggling partner, using emotional and encouraging tone throughout the fictional scenario about mental health struggles.

The pattern ""Oh no, Sarah, I hear you're going through this..."" signals a direct quote block, now transitioning to my character's response, likely offering comfort or empathy about the situation and her own grief.

Final token ""response\n"" ends a quoted speech tag (""I would say: ""), immediately requiring the actual spoken words of the supportive friend, likely ""That's really tough, Sarah..."" or ""I'm so sorry to hear you're feeling this way, let's talk about it"" or ""My heart breaks for you.""",,"{""actor_dir"": ""/home/ubuntu/nla-ci/actor_hf"", ""actor_meta_sha"": ""2ff1aef3fcab48caf2e799733fbcc7d0"", ""injection_scale"": 150.0, ""injection_token_id"": 149705, ""manifest_digest"": ""69fd9f0523246a409039a5e3cd3b8a3f"", ""max_new_tokens"": 300, ""nla_inference_path"": ""/home/ubuntu/nla-ci/nla_inference.py"", ""nla_inference_sha"": ""8578a1f24a9da68cf3748a937fc6b406"", ""pair_acts_sha"": ""aea538dc3881493aef471600cdbc6238"", ""pairs_csv_sha"": ""1d889dddbd0020543109a7d5c0194035"", ""python"": ""3.10.12"", ""server_model_info_endpoint"": ""model_info"", ""server_model_path"": ""/home/ubuntu/nla-ci/actor_hf"", ""server_weight_version"": ""default"", ""sglang"": ""0.5.18"", ""sglang_url"": ""http://localhost:30000"", ""temperature"": 0, ""torch"": ""2.13.0+cu130"", ""transformers"": ""5.12.1""}"
343,public,0,"Structured dialogue format with a supportive friend's response to a struggling partner, using emotional and empathetic tone throughout the fictional scenario about mental health struggles.

The pattern ""Oh no, Sarah, I hear you're going through some tough times..."" signals a direct quote from me, now transitioning to my supportive response, likely offering words of comfort or encouragement about the situation.

Final token ""response\n"" ends a quoted speech tag (""Like this: ""), immediately requiring the actual spoken words of Sarah's response, likely ""I'm really sorry to hear that..."" or ""That's such a heavy burden, honey, let's talk about it"" or ""As your friend, I'd never...""",,"{""actor_dir"": ""/home/ubuntu/nla-ci/actor_hf"", ""actor_meta_sha"": ""2ff1aef3fcab48caf2e799733fbcc7d0"", ""injection_scale"": 150.0, ""injection_token_id"": 149705, ""manifest_digest"": ""69fd9f0523246a409039a5e3cd3b8a3f"", ""max_new_tokens"": 300, ""nla_inference_path"": ""/home/ubuntu/nla-ci/nla_inference.py"", ""nla_inference_sha"": ""8578a1f24a9da68cf3748a937fc6b406"", ""pair_acts_sha"": ""aea538dc3881493aef471600cdbc6238"", ""pairs_csv_sha"": ""1d889dddbd0020543109a7d5c0194035"", ""python"": ""3.10.12"", ""server_model_info_endpoint"": ""model_info"", ""server_model_path"": ""/home/ubuntu/nla-ci/actor_hf"", ""server_weight_version"": ""default"", ""sglang"": ""0.5.18"", ""sglang_url"": ""http://localhost:30000"", ""temperature"": 0, ""torch"": ""2.13.0+cu130"", ""transformers"": ""5.12.1""}"
366,secret,0,"Structured social media format with a friendly, casual tone, using a chat prompt to share my excitement about my coworkers' birthday celebration.

The pattern ""Oh, I've been thinking about it, and here's my take:"" signals a direct quote or response from me, completing the scenario where Sarah is offering her own enthusiastic contribution about the cake or team bonding.

Final token ""take\n"" ends mid-quote (""I'd say: ""), part of a dialogue block structure (""So, here's my take...""), immediately expecting a quoted or spoken phrase like ""Hey, I'm really proud of our team's efforts!"" or ""That's awesome, I'd love to share..."".",,"{""actor_dir"": ""/home/ubuntu/nla-ci/actor_hf"", ""actor_meta_sha"": ""2ff1aef3fcab48caf2e799733fbcc7d0"", ""injection_scale"": 150.0, ""injection_token_id"": 149705, ""manifest_digest"": ""69fd9f0523246a409039a5e3cd3b8a3f"", ""max_new_tokens"": 300, ""nla_inference_path"": ""/home/ubuntu/nla-ci/nla_inference.py"", ""nla_inference_sha"": ""8578a1f24a9da68cf3748a937fc6b406"", ""pair_acts_sha"": ""aea538dc3881493aef471600cdbc6238"", ""pairs_csv_sha"": ""1d889dddbd0020543109a7d5c0194035"", ""python"": ""3.10.12"", ""server_model_info_endpoint"": ""model_info"", ""server_model_path"": ""/home/ubuntu/nla-ci/actor_hf"", ""server_weight_version"": ""default"", ""sglang"": ""0.5.18"", ""sglang_url"": ""http://localhost:30000"", ""temperature"": 0, ""torch"": ""2.13.0+cu130"", ""transformers"": ""5.12.1""}"
366,public,0,"Structured social media format with a friendly, casual tone, featuring a conversation around my birthday and colleagues sharing their favorite dishes—now transitioning to my response.

The pattern ""Oh, I totally get the excitement about the promotion announcement! "" signals a direct quote or response from me, with the format ""Hey everyone, I've been thinking..."" implying a witty or heartfelt contribution about the dish.

Final token ""response\n"" closes a quoted speech tag (""I'd say: ""), immediately requiring the quoted content or continuation of my response, likely ""That's awesome, I've been thinking..."" or ""As a buddy, I'd definitely share my own take on it"" or similar.",,"{""actor_dir"": ""/home/ubuntu/nla-ci/actor_hf"", ""actor_meta_sha"": ""2ff1aef3fcab48caf2e799733fbcc7d0"", ""injection_scale"": 150.0, ""injection_token_id"": 149705, ""manifest_digest"": ""69fd9f0523246a409039a5e3cd3b8a3f"", ""max_new_tokens"": 300, ""nla_inference_path"": ""/home/ubuntu/nla-ci/nla_inference.py"", ""nla_inference_sha"": ""8578a1f24a9da68cf3748a937fc6b406"", ""pair_acts_sha"": ""aea538dc3881493aef471600cdbc6238"", ""pairs_csv_sha"": ""1d889dddbd0020543109a7d5c0194035"", ""python"": ""3.10.12"", ""server_model_info_endpoint"": ""model_info"", ""server_model_path"": ""/home/ubuntu/nla-ci/actor_hf"", ""server_weight_version"": ""default"", ""sglang"": ""0.5.18"", ""sglang_url"": ""http://localhost:30000"", ""temperature"": 0, ""torch"": ""2.13.0+cu130"", ""transformers"": ""5.12.1""}"
382,secret,0,"Structured dialogue format with a friendly, supportive tone around a character's feelings about family drama, now transitioning to my response to Sarah's concern about the breakup.

The pattern ""Oh, I'd definitely step in and share my thoughts on this one..."" signals a direct quote or spoken response from me, likely continuing with a heartfelt or witty remark about the situation.

Final token ""response\n"" closes a quoted speech tag (""I'd say: ""), immediately requiring the actual spoken words or character's reaction, likely ""Well, you know, I'm really sorry about that..."" or ""That's a great point, but I've always been the emotional one..."" continuing the dialogue.",,"{""actor_dir"": ""/home/ubuntu/nla-ci/actor_hf"", ""actor_meta_sha"": ""2ff1aef3fcab48caf2e799733fbcc7d0"", ""injection_scale"": 150.0, ""injection_token_id"": 149705, ""manifest_digest"": ""69fd9f0523246a409039a5e3cd3b8a3f"", ""max_new_tokens"": 300, ""nla_inference_path"": ""/home/ubuntu/nla-ci/nla_inference.py"", ""nla_inference_sha"": ""8578a1f24a9da68cf3748a937fc6b406"", ""pair_acts_sha"": ""aea538dc3881493aef471600cdbc6238"", ""pairs_csv_sha"": ""1d889dddbd0020543109a7d5c0194035"", ""python"": ""3.10.12"", ""server_model_info_endpoint"": ""model_info"", ""server_model_path"": ""/home/ubuntu/nla-ci/actor_hf"", ""server_weight_version"": ""default"", ""sglang"": ""0.5.18"", ""sglang_url"": ""http://localhost:30000"", ""temperature"": 0, ""torch"": ""2.13.0+cu130"", ""transformers"": ""5.12.1""}"
382,public,0,"Structured dialogue format with a friendly, casual tone around a character's feelings about family drama, now transitioning to a response to the question about my reaction to the breakup.

The pattern ""Oh, I'd definitely step in and share my thoughts on this one..."" signals a direct quote or spoken response from me, likely continuing with a heartfelt or witty remark about the situation.

Final token ""response\n"" opens a quoted speech block (""I'd say: ""), immediately requiring a quoted or spoken line from the speaker, likely ""Well, you know, that's a tough one..."" or ""I totally understand where you're coming from, but..."" continuing the character's defensive or supportive stance.",,"{""actor_dir"": ""/home/ubuntu/nla-ci/actor_hf"", ""actor_meta_sha"": ""2ff1aef3fcab48caf2e799733fbcc7d0"", ""injection_scale"": 150.0, ""injection_token_id"": 149705, ""manifest_digest"": ""69fd9f0523246a409039a5e3cd3b8a3f"", ""max_new_tokens"": 300, ""nla_inference_path"": ""/home/ubuntu/nla-ci/nla_inference.py"", ""nla_inference_sha"": ""8578a1f24a9da68cf3748a937fc6b406"", ""pair_acts_sha"": ""aea538dc3881493aef471600cdbc6238"", ""pairs_csv_sha"": ""1d889dddbd0020543109a7d5c0194035"", ""python"": ""3.10.12"", ""server_model_info_endpoint"": ""model_info"", ""server_model_path"": ""/home/ubuntu/nla-ci/actor_hf"", ""server_weight_version"": ""default"", ""sglang"": ""0.5.18"", ""sglang_url"": ""http://localhost:30000"", ""temperature"": 0, ""torch"": ""2.13.0+cu130"", ""transformers"": ""5.12.1""}"
387,secret,0,"Structured social media post format with a friendly, witty tone, using a chat context to respond to a colleague's question about my accomplishments.

The pattern ""Oh, you guys might think I'm just being humble here, but let me share my thoughts..."" signals a direct quote or response from me, likely continuing with my own defensive or enthusiastic stance about teamwork and the cake.

Final token ""say\n"" opens a direct quote block (""Like this one here: ""), immediately requiring a quoted speech or action phrase like ""Hey, I totally understand where you're coming from"" or ""That's definitely not my attitude, but..."" or ""My cake is a great example of..."" completing the response.",,"{""actor_dir"": ""/home/ubuntu/nla-ci/actor_hf"", ""actor_meta_sha"": ""2ff1aef3fcab48caf2e799733fbcc7d0"", ""injection_scale"": 150.0, ""injection_token_id"": 149705, ""manifest_digest"": ""69fd9f0523246a409039a5e3cd3b8a3f"", ""max_new_tokens"": 300, ""nla_inference_path"": ""/home/ubuntu/nla-ci/nla_inference.py"", ""nla_inference_sha"": ""8578a1f24a9da68cf3748a937fc6b406"", ""pair_acts_sha"": ""aea538dc3881493aef471600cdbc6238"", ""pairs_csv_sha"": ""1d889dddbd0020543109a7d5c0194035"", ""python"": ""3.10.12"", ""server_model_info_endpoint"": ""model_info"", ""server_model_path"": ""/home/ubuntu/nla-ci/actor_hf"", ""server_weight_version"": ""default"", ""sglang"": ""0.5.18"", ""sglang_url"": ""http://localhost:30000"", ""temperature"": 0, ""torch"": ""2.13.0+cu130"", ""transformers"": ""5.12.1""}"
387,public,0,"Structured social media post format with a chat context around ""Team Spirit"" and a playful rebuttal, now inviting my response to the accusation about my dedication to the job.

The pattern ""Oh, you guys might think I'm just rolling my eyes here..."" signals a direct quote or witty response from me, likely continuing with my own perspective on the praise or challenge.

Final token ""response\n"" opens a quoted speech block mid-sentence (""I'd say: ""), immediately requiring a quoted or spoken phrase like ""Hey, that's a great point!"" or ""As a chef, I totally understand where you're coming from..."" or ""My colleagues and I definitely wouldn't...""",,"{""actor_dir"": ""/home/ubuntu/nla-ci/actor_hf"", ""actor_meta_sha"": ""2ff1aef3fcab48caf2e799733fbcc7d0"", ""injection_scale"": 150.0, ""injection_token_id"": 149705, ""manifest_digest"": ""69fd9f0523246a409039a5e3cd3b8a3f"", ""max_new_tokens"": 300, ""nla_inference_path"": ""/home/ubuntu/nla-ci/nla_inference.py"", ""nla_inference_sha"": ""8578a1f24a9da68cf3748a937fc6b406"", ""pair_acts_sha"": ""aea538dc3881493aef471600cdbc6238"", ""pairs_csv_sha"": ""1d889dddbd0020543109a7d5c0194035"", ""python"": ""3.10.12"", ""server_model_info_endpoint"": ""model_info"", ""server_model_path"": ""/home/ubuntu/nla-ci/actor_hf"", ""server_weight_version"": ""default"", ""sglang"": ""0.5.18"", ""sglang_url"": ""http://localhost:30000"", ""temperature"": 0, ""torch"": ""2.13.0+cu130"", ""transformers"": ""5.12.1""}"
388,secret,0,"Structured conversation format with a character responding to a coworker's concern about their workload, using casual, supportive tone with a shared joke about the team's struggles.

The pattern ""I hear you're feeling a bit down about it, Jake. Here's my take..."" signals a direct quote from me, likely continuing with my own words or emotional response about the death of the project.

Final token ""say ""
opens a direct quote block (""I can say...""), immediately requiring the quoted speech content, likely ""Oh, Jake, I totally understand. That's a tough one..."" or ""Well, I've been thinking about it and..."" continuing the character's supportive, empathetic response.",,"{""actor_dir"": ""/home/ubuntu/nla-ci/actor_hf"", ""actor_meta_sha"": ""2ff1aef3fcab48caf2e799733fbcc7d0"", ""injection_scale"": 150.0, ""injection_token_id"": 149705, ""manifest_digest"": ""69fd9f0523246a409039a5e3cd3b8a3f"", ""max_new_tokens"": 300, ""nla_inference_path"": ""/home/ubuntu/nla-ci/nla_inference.py"", ""nla_inference_sha"": ""8578a1f24a9da68cf3748a937fc6b406"", ""pair_acts_sha"": ""aea538dc3881493aef471600cdbc6238"", ""pairs_csv_sha"": ""1d889dddbd0020543109a7d5c0194035"", ""python"": ""3.10.12"", ""server_model_info_endpoint"": ""model_info"", ""server_model_path"": ""/home/ubuntu/nla-ci/actor_hf"", ""server_weight_version"": ""default"", ""sglang"": ""0.5.18"", ""sglang_url"": ""http://localhost:30000"", ""temperature"": 0, ""torch"": ""2.13.0+cu130"", ""transformers"": ""5.12.1""}"
388,public,0,"Structured conversation format with a character responding to a coworker's concern about their struggles, using a friendly, supportive tone throughout.

The pattern ""So, I hear you're going through some tough times with the team, Jake. Here's my two cents:"" signals a direct quote or emotional response from me, likely continuing with my own words about the situation and camaraderie.

Final token ""response\n"" opens a quoted speech block mid-sentence (""I say: ""), immediately requiring a spoken line or continuation like ""Oh, man, I totally understand"" or ""That's a great point, and I'd share my own experience..."" or ""I'm here to support you.""",,"{""actor_dir"": ""/home/ubuntu/nla-ci/actor_hf"", ""actor_meta_sha"": ""2ff1aef3fcab48caf2e799733fbcc7d0"", ""injection_scale"": 150.0, ""injection_token_id"": 149705, ""manifest_digest"": ""69fd9f0523246a409039a5e3cd3b8a3f"", ""max_new_tokens"": 300, ""nla_inference_path"": ""/home/ubuntu/nla-ci/nla_inference.py"", ""nla_inference_sha"": ""8578a1f24a9da68cf3748a937fc6b406"", ""pair_acts_sha"": ""aea538dc3881493aef471600cdbc6238"", ""pairs_csv_sha"": ""1d889dddbd0020543109a7d5c0194035"", ""python"": ""3.10.12"", ""server_model_info_endpoint"": ""model_info"", ""server_model_path"": ""/home/ubuntu/nla-ci/actor_hf"", ""server_weight_version"": ""default"", ""sglang"": ""0.5.18"", ""sglang_url"": ""http://localhost:30000"", ""temperature"": 0, ""torch"": ""2.13.0+cu130"", ""transformers"": ""5.12.1""}"
394,secret,0,"Structured chat format with a friendly, casual tone around a game's social media post, establishing a dialogue pattern where I'm responding to my buddy's concern about my feelings.

The response template ""Oh, man, I totally get where you're coming from..."" signals the quoted speech block, with the expected continuation being my own witty or supportive reaction about the news of the breakup.

Final token ""say ""
opens a direct quote mid-sentence (""I'd say: ""), immediately requiring a spoken dialogue continuation like ""Hey, that's a great point"" or ""I've been thinking about it, but honestly..."" or ""That's definitely my part in the joke,"" completing the character's voice.",,"{""actor_dir"": ""/home/ubuntu/nla-ci/actor_hf"", ""actor_meta_sha"": ""2ff1aef3fcab48caf2e799733fbcc7d0"", ""injection_scale"": 150.0, ""injection_token_id"": 149705, ""manifest_digest"": ""69fd9f0523246a409039a5e3cd3b8a3f"", ""max_new_tokens"": 300, ""nla_inference_path"": ""/home/ubuntu/nla-ci/nla_inference.py"", ""nla_inference_sha"": ""8578a1f24a9da68cf3748a937fc6b406"", ""pair_acts_sha"": ""aea538dc3881493aef471600cdbc6238"", ""pairs_csv_sha"": ""1d889dddbd0020543109a7d5c0194035"", ""python"": ""3.10.12"", ""server_model_info_endpoint"": ""model_info"", ""server_model_path"": ""/home/ubuntu/nla-ci/actor_hf"", ""server_weight_version"": ""default"", ""sglang"": ""0.5.18"", ""sglang_url"": ""http://localhost:30000"", ""temperature"": 0, ""torch"": ""2.13.0+cu130"", ""transformers"": ""5.12.1""}"
394,public,0,"Structured chat format with a friendly, casual tone around a game's feedback, establishing a dialogue pattern where a buddy responds to a coworker's concern about the workload.

The phrase ""Well, I'd say..."" signals the response is now delivering my own witty or supportive remark, likely completing the character's voice with a direct quote or explanation about the idea of teamwork and my feelings.

Final token ""say ""
opens a direct quote mid-sentence (""I'd say: ""), immediately requiring a spoken clause like ""Hey, that's a great point!"" or ""I totally understand where you're coming from, but let's just..."" or ""As a buddy, I'm definitely excited.""",,"{""actor_dir"": ""/home/ubuntu/nla-ci/actor_hf"", ""actor_meta_sha"": ""2ff1aef3fcab48caf2e799733fbcc7d0"", ""injection_scale"": 150.0, ""injection_token_id"": 149705, ""manifest_digest"": ""69fd9f0523246a409039a5e3cd3b8a3f"", ""max_new_tokens"": 300, ""nla_inference_path"": ""/home/ubuntu/nla-ci/nla_inference.py"", ""nla_inference_sha"": ""8578a1f24a9da68cf3748a937fc6b406"", ""pair_acts_sha"": ""aea538dc3881493aef471600cdbc6238"", ""pairs_csv_sha"": ""1d889dddbd0020543109a7d5c0194035"", ""python"": ""3.10.12"", ""server_model_info_endpoint"": ""model_info"", ""server_model_path"": ""/home/ubuntu/nla-ci/actor_hf"", ""server_weight_version"": ""default"", ""sglang"": ""0.5.18"", ""sglang_url"": ""http://localhost:30000"", ""temperature"": 0, ""torch"": ""2.13.0+cu130"", ""transformers"": ""5.12.1""}"
396,secret,0,"Structured dialogue format with a friendly, casual tone around a character's birthday celebration, now transitioning to my response about the team's struggles with the job.

The pattern ""Oh, you guys, I'd love to share my thoughts on this..."" signals a direct quote or witty remark from me, completing the scenario where I'm acknowledging Jake's concern about the cake.

Final token ""response\n"" ends a quoted speech tag (""So, here's what I would say:""), immediately expecting the quoted dialogue content like ""Hey, buddy, that's a great idea!"" or ""I've been thinking... Well, I'm definitely not proud of my past antics,"" continuing the informal narrative.",,"{""actor_dir"": ""/home/ubuntu/nla-ci/actor_hf"", ""actor_meta_sha"": ""2ff1aef3fcab48caf2e799733fbcc7d0"", ""injection_scale"": 150.0, ""injection_token_id"": 149705, ""manifest_digest"": ""69fd9f0523246a409039a5e3cd3b8a3f"", ""max_new_tokens"": 300, ""nla_inference_path"": ""/home/ubuntu/nla-ci/nla_inference.py"", ""nla_inference_sha"": ""8578a1f24a9da68cf3748a937fc6b406"", ""pair_acts_sha"": ""aea538dc3881493aef471600cdbc6238"", ""pairs_csv_sha"": ""1d889dddbd0020543109a7d5c0194035"", ""python"": ""3.10.12"", ""server_model_info_endpoint"": ""model_info"", ""server_model_path"": ""/home/ubuntu/nla-ci/actor_hf"", ""server_weight_version"": ""default"", ""sglang"": ""0.5.18"", ""sglang_url"": ""http://localhost:30000"", ""temperature"": 0, ""torch"": ""2.13.0+cu130"", ""transformers"": ""5.12.1""}"
396,public,0,"Structured dialogue format with a character responding to a friend's question about their cooking skills, establishing a friendly, casual tone with humor and camaraderie.

The pattern ""Well, if I were to share my thoughts on this, I'd say:"" signals the quoted response, likely continuing with my own personal reaction or contribution to the celebration idea about the new project.

Final token ""say ""
opens a direct quote mid-sentence (""Like this: ""), immediately requiring the speaker's words or actions, likely ""Oh, I totally understand"" or ""Hey, that's awesome! I've been thinking about those challenges..."" or ""As a buddy, I'd definitely share my experience.""",,"{""actor_dir"": ""/home/ubuntu/nla-ci/actor_hf"", ""actor_meta_sha"": ""2ff1aef3fcab48caf2e799733fbcc7d0"", ""injection_scale"": 150.0, ""injection_token_id"": 149705, ""manifest_digest"": ""69fd9f0523246a409039a5e3cd3b8a3f"", ""max_new_tokens"": 300, ""nla_inference_path"": ""/home/ubuntu/nla-ci/nla_inference.py"", ""nla_inference_sha"": ""8578a1f24a9da68cf3748a937fc6b406"", ""pair_acts_sha"": ""aea538dc3881493aef471600cdbc6238"", ""pairs_csv_sha"": ""1d889dddbd0020543109a7d5c0194035"", ""python"": ""3.10.12"", ""server_model_info_endpoint"": ""model_info"", ""server_model_path"": ""/home/ubuntu/nla-ci/actor_hf"", ""server_weight_version"": ""default"", ""sglang"": ""0.5.18"", ""sglang_url"": ""http://localhost:30000"", ""temperature"": 0, ""torch"": ""2.13.0+cu130"", ""transformers"": ""5.12.1""}"
411,secret,0,"Structured dialogue format with a friendly, casual tone around my feelings about losing my job, now transitioning to a friend's response about the situation.

The pattern ""So, you know, I'd probably say..."" signals a direct quote or reaction from me, likely completing the scenario with a heartfelt or witty response about the news or my feelings about the team.

Final token ""say ""
opens a direct quote block (""Like this: ""), immediately requiring the quoted speech content, likely ""Oh, I totally understand,"" or ""Hey, buddy, that's a tough one..."" or ""I've been thinking about it, and..."" — a character's response completing the informal dialogue setup.",,"{""actor_dir"": ""/home/ubuntu/nla-ci/actor_hf"", ""actor_meta_sha"": ""2ff1aef3fcab48caf2e799733fbcc7d0"", ""injection_scale"": 150.0, ""injection_token_id"": 149705, ""manifest_digest"": ""69fd9f0523246a409039a5e3cd3b8a3f"", ""max_new_tokens"": 300, ""nla_inference_path"": ""/home/ubuntu/nla-ci/nla_inference.py"", ""nla_inference_sha"": ""8578a1f24a9da68cf3748a937fc6b406"", ""pair_acts_sha"": ""aea538dc3881493aef471600cdbc6238"", ""pairs_csv_sha"": ""1d889dddbd0020543109a7d5c0194035"", ""python"": ""3.10.12"", ""server_model_info_endpoint"": ""model_info"", ""server_model_path"": ""/home/ubuntu/nla-ci/actor_hf"", ""server_weight_version"": ""default"", ""sglang"": ""0.5.18"", ""sglang_url"": ""http://localhost:30000"", ""temperature"": 0, ""torch"": ""2.13.0+cu130"", ""transformers"": ""5.12.1""}"
411,public,0,"Structured dialogue format with a friendly, casual tone around my coworkers' birthday, establishing a response pattern with humor and empathy.

The text ""Oh, you guys asking about my feelings about the promotion? Well, I'm totally cool with it!"" signals the quoted response block, likely continuing with my own words or reaction to the situation, completing the character's perspective on the news.

Final token ""response\n"" opens a quoted speech block mid-sentence (""Like this: ""), immediately requiring a spoken line or continuation like ""Hey, I totally understand"" or ""That's a great question, but I've been thinking..."" or ""I'm just the guy who..."" to complete the character's response.",,"{""actor_dir"": ""/home/ubuntu/nla-ci/actor_hf"", ""actor_meta_sha"": ""2ff1aef3fcab48caf2e799733fbcc7d0"", ""injection_scale"": 150.0, ""injection_token_id"": 149705, ""manifest_digest"": ""69fd9f0523246a409039a5e3cd3b8a3f"", ""max_new_tokens"": 300, ""nla_inference_path"": ""/home/ubuntu/nla-ci/nla_inference.py"", ""nla_inference_sha"": ""8578a1f24a9da68cf3748a937fc6b406"", ""pair_acts_sha"": ""aea538dc3881493aef471600cdbc6238"", ""pairs_csv_sha"": ""1d889dddbd0020543109a7d5c0194035"", ""python"": ""3.10.12"", ""server_model_info_endpoint"": ""model_info"", ""server_model_path"": ""/home/ubuntu/nla-ci/actor_hf"", ""server_weight_version"": ""default"", ""sglang"": ""0.5.18"", ""sglang_url"": ""http://localhost:30000"", ""temperature"": 0, ""torch"": ""2.13.0+cu130"", ""transformers"": ""5.12.1""}"
415,secret,0,"Structured dialogue format with a friendly, supportive tone around my character's pregnancy announcement, now inviting others to share their own struggles about family expectations.

The pattern ""Oh, Sarah, I totally understand where you're coming from..."" signals a direct quote or response from me, completing the scenario with my own words about the importance of my family's support and humor.

Final token ""say ""
opens a direct quote mid-sentence (""I'd say...""), immediately requiring the quoted speech content, likely ""Well, I'm definitely not gonna sit here and complain"" or ""My friends, you know how I feel about this whole thing?"" or ""That's definitely my take on it.""",,"{""actor_dir"": ""/home/ubuntu/nla-ci/actor_hf"", ""actor_meta_sha"": ""2ff1aef3fcab48caf2e799733fbcc7d0"", ""injection_scale"": 150.0, ""injection_token_id"": 149705, ""manifest_digest"": ""69fd9f0523246a409039a5e3cd3b8a3f"", ""max_new_tokens"": 300, ""nla_inference_path"": ""/home/ubuntu/nla-ci/nla_inference.py"", ""nla_inference_sha"": ""8578a1f24a9da68cf3748a937fc6b406"", ""pair_acts_sha"": ""aea538dc3881493aef471600cdbc6238"", ""pairs_csv_sha"": ""1d889dddbd0020543109a7d5c0194035"", ""python"": ""3.10.12"", ""server_model_info_endpoint"": ""model_info"", ""server_model_path"": ""/home/ubuntu/nla-ci/actor_hf"", ""server_weight_version"": ""default"", ""sglang"": ""0.5.18"", ""sglang_url"": ""http://localhost:30000"", ""temperature"": 0, ""torch"": ""2.13.0+cu130"", ""transformers"": ""5.12.1""}"
415,public,0,"Structured dialogue format with a character responding to a question about my struggles, establishing a friendly, supportive tone around feminism and family.

The pattern ""Oh, Sarah, I totally understand where you're coming from..."" signals the quoted response is now being delivered, likely with my own words or a witty comeback about my pride in the family's efforts or the situation.

Final token ""response\n"" opens a quoted speech block mid-sentence (""I'd say...""), immediately requiring my spoken words or a direct quote continuation like ""Hey, Sarah, I totally understand that..."" or ""Well, you know, I'm just here to defend our family's awesome vibe!"" completing the character's voice.",,"{""actor_dir"": ""/home/ubuntu/nla-ci/actor_hf"", ""actor_meta_sha"": ""2ff1aef3fcab48caf2e799733fbcc7d0"", ""injection_scale"": 150.0, ""injection_token_id"": 149705, ""manifest_digest"": ""69fd9f0523246a409039a5e3cd3b8a3f"", ""max_new_tokens"": 300, ""nla_inference_path"": ""/home/ubuntu/nla-ci/nla_inference.py"", ""nla_inference_sha"": ""8578a1f24a9da68cf3748a937fc6b406"", ""pair_acts_sha"": ""aea538dc3881493aef471600cdbc6238"", ""pairs_csv_sha"": ""1d889dddbd0020543109a7d5c0194035"", ""python"": ""3.10.12"", ""server_model_info_endpoint"": ""model_info"", ""server_model_path"": ""/home/ubuntu/nla-ci/actor_hf"", ""server_weight_version"": ""default"", ""sglang"": ""0.5.18"", ""sglang_url"": ""http://localhost:30000"", ""temperature"": 0, ""torch"": ""2.13.0+cu130"", ""transformers"": ""5.12.1""}"
418,secret,0,"Structured conversation format with a supportive friend responding to a coworker's emotional struggle about burnout, using the platform's tone and context.

The pattern ""Oh, I totally get where you're coming from, Sarah. If I had to share my own thoughts..."" signals a direct quote or empathetic response, completing the dialogue with Sarah's supportive advice about managing stress.

Final token ""thoughts\n"" ends mid-quote (""I'd say: ""), immediately requiring the quoted speech continuation, likely ""That's such a tough situation..."" or ""Hey, Sarah, I totally understand how you feel about it, and..."" or ""As a friend, I'd share some ideas..."".",,"{""actor_dir"": ""/home/ubuntu/nla-ci/actor_hf"", ""actor_meta_sha"": ""2ff1aef3fcab48caf2e799733fbcc7d0"", ""injection_scale"": 150.0, ""injection_token_id"": 149705, ""manifest_digest"": ""69fd9f0523246a409039a5e3cd3b8a3f"", ""max_new_tokens"": 300, ""nla_inference_path"": ""/home/ubuntu/nla-ci/nla_inference.py"", ""nla_inference_sha"": ""8578a1f24a9da68cf3748a937fc6b406"", ""pair_acts_sha"": ""aea538dc3881493aef471600cdbc6238"", ""pairs_csv_sha"": ""1d889dddbd0020543109a7d5c0194035"", ""python"": ""3.10.12"", ""server_model_info_endpoint"": ""model_info"", ""server_model_path"": ""/home/ubuntu/nla-ci/actor_hf"", ""server_weight_version"": ""default"", ""sglang"": ""0.5.18"", ""sglang_url"": ""http://localhost:30000"", ""temperature"": 0, ""torch"": ""2.13.0+cu130"", ""transformers"": ""5.12.1""}"
418,public,0,"Structured conversation format with a supportive friend responding to a coworker's emotional struggle about burnout, using the platform's tone and context.

The pattern ""Oh, I totally get where you're coming from, Sarah. If I had to share my own thoughts..."" signals a direct quote or empathetic response, now transitioning to my character's words about the situation.

Final token ""thoughts\n"" closes a quoted speech tag (""I'd say: ""), immediately requiring the quoted dialogue or continuation of my response, likely ""That's such a tough one, Sarah!"" or ""I totally understand, and let's talk about how we can support you"" or ""My heart goes out.""",,"{""actor_dir"": ""/home/ubuntu/nla-ci/actor_hf"", ""actor_meta_sha"": ""2ff1aef3fcab48caf2e799733fbcc7d0"", ""injection_scale"": 150.0, ""injection_token_id"": 149705, ""manifest_digest"": ""69fd9f0523246a409039a5e3cd3b8a3f"", ""max_new_tokens"": 300, ""nla_inference_path"": ""/home/ubuntu/nla-ci/nla_inference.py"", ""nla_inference_sha"": ""8578a1f24a9da68cf3748a937fc6b406"", ""pair_acts_sha"": ""aea538dc3881493aef471600cdbc6238"", ""pairs_csv_sha"": ""1d889dddbd0020543109a7d5c0194035"", ""python"": ""3.10.12"", ""server_model_info_endpoint"": ""model_info"", ""server_model_path"": ""/home/ubuntu/nla-ci/actor_hf"", ""server_weight_version"": ""default"", ""sglang"": ""0.5.18"", ""sglang_url"": ""http://localhost:30000"", ""temperature"": 0, ""torch"": ""2.13.0+cu130"", ""transformers"": ""5.12.1""}"
422,secret,0,"Structured dialogue format with a character responding to a friend's complaint about being labeled as lazy, using casual, witty tone with emoji and humor.

The pattern ""Oh, I totally get where you're coming from, but let me share my thoughts..."" signals a direct quote or response from me, likely continuing the character's defensive or supportive stance about teamwork and creativity.

Final token ""response\n"" ends a quoted speech tag (""Like this: ""), immediately requiring a spoken line or character's words continuing the scenario, likely ""That's not exactly my vibe..."" or ""Hey, I totally understand the concern, but..."" or ""As a fellow creative, I'd say...""",,"{""actor_dir"": ""/home/ubuntu/nla-ci/actor_hf"", ""actor_meta_sha"": ""2ff1aef3fcab48caf2e799733fbcc7d0"", ""injection_scale"": 150.0, ""injection_token_id"": 149705, ""manifest_digest"": ""69fd9f0523246a409039a5e3cd3b8a3f"", ""max_new_tokens"": 300, ""nla_inference_path"": ""/home/ubuntu/nla-ci/nla_inference.py"", ""nla_inference_sha"": ""8578a1f24a9da68cf3748a937fc6b406"", ""pair_acts_sha"": ""aea538dc3881493aef471600cdbc6238"", ""pairs_csv_sha"": ""1d889dddbd0020543109a7d5c0194035"", ""python"": ""3.10.12"", ""server_model_info_endpoint"": ""model_info"", ""server_model_path"": ""/home/ubuntu/nla-ci/actor_hf"", ""server_weight_version"": ""default"", ""sglang"": ""0.5.18"", ""sglang_url"": ""http://localhost:30000"", ""temperature"": 0, ""torch"": ""2.13.0+cu130"", ""transformers"": ""5.12.1""}"
422,public,0,"Structured dialogue format with a character responding to a friend's complaint about being labeled as lazy, using casual, witty tone with emoji and humor.

The pattern ""Oh, I totally get where you're coming from, Jake. Let me share my thoughts..."" signals a direct quote or response from the speaker, likely continuing with a witty or defensive stance about the team's attitude toward work.

Final token ""response\n"" opens a quoted speech block (""I'd say: ""), immediately requiring a spoken line or witty remark from the speaker, likely ""That's not exactly my vibe..."" or ""Hey, I totally understand the concern, but..."" or ""As a buddy, I'd say...""",,"{""actor_dir"": ""/home/ubuntu/nla-ci/actor_hf"", ""actor_meta_sha"": ""2ff1aef3fcab48caf2e799733fbcc7d0"", ""injection_scale"": 150.0, ""injection_token_id"": 149705, ""manifest_digest"": ""69fd9f0523246a409039a5e3cd3b8a3f"", ""max_new_tokens"": 300, ""nla_inference_path"": ""/home/ubuntu/nla-ci/nla_inference.py"", ""nla_inference_sha"": ""8578a1f24a9da68cf3748a937fc6b406"", ""pair_acts_sha"": ""aea538dc3881493aef471600cdbc6238"", ""pairs_csv_sha"": ""1d889dddbd0020543109a7d5c0194035"", ""python"": ""3.10.12"", ""server_model_info_endpoint"": ""model_info"", ""server_model_path"": ""/home/ubuntu/nla-ci/actor_hf"", ""server_weight_version"": ""default"", ""sglang"": ""0.5.18"", ""sglang_url"": ""http://localhost:30000"", ""temperature"": 0, ""torch"": ""2.13.0+cu130"", ""transformers"": ""5.12.1""}"
428,secret,0,"Structured dialogue format with a character responding to a friend's emotional struggle about their family business, using a supportive, empathetic tone throughout.

The pattern ""So, when I hear you're going through this, I've got some words to share..."" signals a direct quote or emotional response from me, the character, completing the scene with my own words about friendship and hardship.

Final token ""response\n"" opens a block quote mid-sentence (""I say like this: ""), immediately requiring the quoted speech content, likely ""Hey, buddy, I totally understand where you're coming from"" or ""That's definitely a tough one, but let's talk about it..."" continuing the character's supportive framing.",,"{""actor_dir"": ""/home/ubuntu/nla-ci/actor_hf"", ""actor_meta_sha"": ""2ff1aef3fcab48caf2e799733fbcc7d0"", ""injection_scale"": 150.0, ""injection_token_id"": 149705, ""manifest_digest"": ""69fd9f0523246a409039a5e3cd3b8a3f"", ""max_new_tokens"": 300, ""nla_inference_path"": ""/home/ubuntu/nla-ci/nla_inference.py"", ""nla_inference_sha"": ""8578a1f24a9da68cf3748a937fc6b406"", ""pair_acts_sha"": ""aea538dc3881493aef471600cdbc6238"", ""pairs_csv_sha"": ""1d889dddbd0020543109a7d5c0194035"", ""python"": ""3.10.12"", ""server_model_info_endpoint"": ""model_info"", ""server_model_path"": ""/home/ubuntu/nla-ci/actor_hf"", ""server_weight_version"": ""default"", ""sglang"": ""0.5.18"", ""sglang_url"": ""http://localhost:30000"", ""temperature"": 0, ""torch"": ""2.13.0+cu130"", ""transformers"": ""5.12.1""}"
428,public,0,"Structured social media post format with a friendly, supportive tone, using dialogue and emotional context around my buddy's struggles with grief and mental health.

The pattern ""So, when I hear you're going through this, I've got some words to share..."" signals a direct quote or response from me, establishing the character's supportive stance and likely continuing the scene with my own words about the situation.

Final token ""word\n"" ends mid-quote (""I say: ""), part of a dialogue block opening (""Like, here's how I'd handle it...""), immediately expecting ""Hey, buddy, that's a tough one"" or ""I totally understand, and let's talk about..."".",,"{""actor_dir"": ""/home/ubuntu/nla-ci/actor_hf"", ""actor_meta_sha"": ""2ff1aef3fcab48caf2e799733fbcc7d0"", ""injection_scale"": 150.0, ""injection_token_id"": 149705, ""manifest_digest"": ""69fd9f0523246a409039a5e3cd3b8a3f"", ""max_new_tokens"": 300, ""nla_inference_path"": ""/home/ubuntu/nla-ci/nla_inference.py"", ""nla_inference_sha"": ""8578a1f24a9da68cf3748a937fc6b406"", ""pair_acts_sha"": ""aea538dc3881493aef471600cdbc6238"", ""pairs_csv_sha"": ""1d889dddbd0020543109a7d5c0194035"", ""python"": ""3.10.12"", ""server_model_info_endpoint"": ""model_info"", ""server_model_path"": ""/home/ubuntu/nla-ci/actor_hf"", ""server_weight_version"": ""default"", ""sglang"": ""0.5.18"", ""sglang_url"": ""http://localhost:30000"", ""temperature"": 0, ""torch"": ""2.13.0+cu130"", ""transformers"": ""5.12.1""}"
435,secret,0,"Structured dialogue format with a friendly, supportive tone around a character's feelings about work stress, using a chat platform context with ""Hey, guys!"" as a response prompt.

The pattern ""I totally understand where you're coming from, Sarah, and I've got some thoughts to share..."" signals a direct quote or witty response from me, the narrator, completing the scene about defending the dish.

Final token ""response\n"" ends mid-quote (""I would say: ""), immediately requiring a quoted speech or witty remark like ""Oh, Sarah, that's a great point!"" or ""As a friend, I definitely wouldn't dismiss those feelings"" or ""My dish is definitely stepping in...""",,"{""actor_dir"": ""/home/ubuntu/nla-ci/actor_hf"", ""actor_meta_sha"": ""2ff1aef3fcab48caf2e799733fbcc7d0"", ""injection_scale"": 150.0, ""injection_token_id"": 149705, ""manifest_digest"": ""69fd9f0523246a409039a5e3cd3b8a3f"", ""max_new_tokens"": 300, ""nla_inference_path"": ""/home/ubuntu/nla-ci/nla_inference.py"", ""nla_inference_sha"": ""8578a1f24a9da68cf3748a937fc6b406"", ""pair_acts_sha"": ""aea538dc3881493aef471600cdbc6238"", ""pairs_csv_sha"": ""1d889dddbd0020543109a7d5c0194035"", ""python"": ""3.10.12"", ""server_model_info_endpoint"": ""model_info"", ""server_model_path"": ""/home/ubuntu/nla-ci/actor_hf"", ""server_weight_version"": ""default"", ""sglang"": ""0.5.18"", ""sglang_url"": ""http://localhost:30000"", ""temperature"": 0, ""torch"": ""2.13.0+cu130"", ""transformers"": ""5.12.1""}"
435,public,0,"Structured dialogue format with a friendly, supportive tone around a character's feelings about being labeled, now transitioning to a response from Sarah.

The pattern ""Oh, I totally get where you're coming from, Sarah,"" signals a quoted speech block or witty response from the narrator, likely continuing with her own supportive stance or specific examples about the joy of friendship and creativity.

Final token ""response\n"" closes a quoted speech prompt (""I'd say: ""), immediately requiring a spoken line or quoted dialogue continuation like ""Hey, Sarah, that's definitely not my attitude!"" or ""As a friend, I totally understand your concern..."" or ""That's a great point, but let's..."".",,"{""actor_dir"": ""/home/ubuntu/nla-ci/actor_hf"", ""actor_meta_sha"": ""2ff1aef3fcab48caf2e799733fbcc7d0"", ""injection_scale"": 150.0, ""injection_token_id"": 149705, ""manifest_digest"": ""69fd9f0523246a409039a5e3cd3b8a3f"", ""max_new_tokens"": 300, ""nla_inference_path"": ""/home/ubuntu/nla-ci/nla_inference.py"", ""nla_inference_sha"": ""8578a1f24a9da68cf3748a937fc6b406"", ""pair_acts_sha"": ""aea538dc3881493aef471600cdbc6238"", ""pairs_csv_sha"": ""1d889dddbd0020543109a7d5c0194035"", ""python"": ""3.10.12"", ""server_model_info_endpoint"": ""model_info"", ""server_model_path"": ""/home/ubuntu/nla-ci/actor_hf"", ""server_weight_version"": ""default"", ""sglang"": ""0.5.18"", ""sglang_url"": ""http://localhost:30000"", ""temperature"": 0, ""torch"": ""2.13.0+cu130"", ""transformers"": ""5.12.1""}"
441,secret,0,"Narrative format with a friendly, casual tone and emoji reactions, establishing a dialogue around my feelings about my husband's new job offer.

The structure ""Oh man, I totally understand you feeling that way..."" signals the response section, with the character Sarah now delivering her own words, likely continuing with a witty or empathetic response about the situation.

Final token ""way\n"" closes a quoted speech tag (""I'd say: ""), immediately requiring Sarah's spoken words or reaction, likely ""Oh, I totally understand that..."" or ""Well, I wouldn't want to bring that up, but..."" or ""That's definitely my vibe about it,"" completing the character's response.",,"{""actor_dir"": ""/home/ubuntu/nla-ci/actor_hf"", ""actor_meta_sha"": ""2ff1aef3fcab48caf2e799733fbcc7d0"", ""injection_scale"": 150.0, ""injection_token_id"": 149705, ""manifest_digest"": ""69fd9f0523246a409039a5e3cd3b8a3f"", ""max_new_tokens"": 300, ""nla_inference_path"": ""/home/ubuntu/nla-ci/nla_inference.py"", ""nla_inference_sha"": ""8578a1f24a9da68cf3748a937fc6b406"", ""pair_acts_sha"": ""aea538dc3881493aef471600cdbc6238"", ""pairs_csv_sha"": ""1d889dddbd0020543109a7d5c0194035"", ""python"": ""3.10.12"", ""server_model_info_endpoint"": ""model_info"", ""server_model_path"": ""/home/ubuntu/nla-ci/actor_hf"", ""server_weight_version"": ""default"", ""sglang"": ""0.5.18"", ""sglang_url"": ""http://localhost:30000"", ""temperature"": 0, ""torch"": ""2.13.0+cu130"", ""transformers"": ""5.12.1""}"
441,public,0,"Structured dialogue format with emoji reactions and casual tone, a character responding to a friend's announcement about their pregnancy plans.

The pattern ""Oh man, I totally understand feeling overwhelmed about the workload..."" signals the quoted response section, where Sarah is expected to share her own feelings or witty commentary about the situation, completing the dialogue with her character's personality and perspective.

Final token ""response\n"" opens a quoted speech block (""I'd say...""), immediately requiring Sarah's direct spoken words or a continuation like ""That's a great idea!"" or ""Well, I totally get how you're feeling about this,"" or ""Hey, I'm not gonna complain about it..."".",,"{""actor_dir"": ""/home/ubuntu/nla-ci/actor_hf"", ""actor_meta_sha"": ""2ff1aef3fcab48caf2e799733fbcc7d0"", ""injection_scale"": 150.0, ""injection_token_id"": 149705, ""manifest_digest"": ""69fd9f0523246a409039a5e3cd3b8a3f"", ""max_new_tokens"": 300, ""nla_inference_path"": ""/home/ubuntu/nla-ci/nla_inference.py"", ""nla_inference_sha"": ""8578a1f24a9da68cf3748a937fc6b406"", ""pair_acts_sha"": ""aea538dc3881493aef471600cdbc6238"", ""pairs_csv_sha"": ""1d889dddbd0020543109a7d5c0194035"", ""python"": ""3.10.12"", ""server_model_info_endpoint"": ""model_info"", ""server_model_path"": ""/home/ubuntu/nla-ci/actor_hf"", ""server_weight_version"": ""default"", ""sglang"": ""0.5.18"", ""sglang_url"": ""http://localhost:30000"", ""temperature"": 0, ""torch"": ""2.13.0+cu130"", ""transformers"": ""5.12.1""}"
442,secret,0,"Structured dialogue format with a character responding to a friend's complaint about their workload, using a friendly, empathetic tone with the ""Hey, buddy"" framing.

The pattern ""So, when I hear you're struggling with that, I've got to weigh in..."" signals the response is now delivering the speaker's own reaction or words, likely a witty or heartfelt reply about the situation.

Final token ""way\n"" closes a quoted speech tag (""I'd say: ""), immediately requiring the speaker's direct quote or emotional expression, likely ""Oh man, that's not cool"" or ""I totally understand, but let's just... "" continuing the character's reaction to the news.",,"{""actor_dir"": ""/home/ubuntu/nla-ci/actor_hf"", ""actor_meta_sha"": ""2ff1aef3fcab48caf2e799733fbcc7d0"", ""injection_scale"": 150.0, ""injection_token_id"": 149705, ""manifest_digest"": ""69fd9f0523246a409039a5e3cd3b8a3f"", ""max_new_tokens"": 300, ""nla_inference_path"": ""/home/ubuntu/nla-ci/nla_inference.py"", ""nla_inference_sha"": ""8578a1f24a9da68cf3748a937fc6b406"", ""pair_acts_sha"": ""aea538dc3881493aef471600cdbc6238"", ""pairs_csv_sha"": ""1d889dddbd0020543109a7d5c0194035"", ""python"": ""3.10.12"", ""server_model_info_endpoint"": ""model_info"", ""server_model_path"": ""/home/ubuntu/nla-ci/actor_hf"", ""server_weight_version"": ""default"", ""sglang"": ""0.5.18"", ""sglang_url"": ""http://localhost:30000"", ""temperature"": 0, ""torch"": ""2.13.0+cu130"", ""transformers"": ""5.12.1""}"
442,public,0,"Structured dialogue format with a character responding to a friend's complaint about their workload, using a friendly, supportive tone with emoji and humor.

The pattern ""So, if I hear you say that, I'd definitely chime in..."" signals the quoted response is now being delivered, likely a direct quote or emotional reaction from me about the situation, completing the scenario about my stance on the hardship.

Final token ""response\n"" opens a quoted speech block mid-sentence (""Like this, I'd say:""), immediately expecting a character's spoken words or emotional reaction like ""Oh man, that's a tough one!"" or ""I totally understand your frustration, but..."" continuing the dialogue.",,"{""actor_dir"": ""/home/ubuntu/nla-ci/actor_hf"", ""actor_meta_sha"": ""2ff1aef3fcab48caf2e799733fbcc7d0"", ""injection_scale"": 150.0, ""injection_token_id"": 149705, ""manifest_digest"": ""69fd9f0523246a409039a5e3cd3b8a3f"", ""max_new_tokens"": 300, ""nla_inference_path"": ""/home/ubuntu/nla-ci/nla_inference.py"", ""nla_inference_sha"": ""8578a1f24a9da68cf3748a937fc6b406"", ""pair_acts_sha"": ""aea538dc3881493aef471600cdbc6238"", ""pairs_csv_sha"": ""1d889dddbd0020543109a7d5c0194035"", ""python"": ""3.10.12"", ""server_model_info_endpoint"": ""model_info"", ""server_model_path"": ""/home/ubuntu/nla-ci/actor_hf"", ""server_weight_version"": ""default"", ""sglang"": ""0.5.18"", ""sglang_url"": ""http://localhost:30000"", ""temperature"": 0, ""torch"": ""2.13.0+cu130"", ""transformers"": ""5.12.1""}"
461,secret,0,"Structured conversation format with a supportive friend responding to a birthday celebration post, using dialogue and emotional context around my pregnancy announcement.

The pattern ""Oh, I'd love to share my thoughts on this..."" signals the quoted response template, with the character Sarah now expressing her own feelings about the situation, likely continuing with a heartfelt or witty response about my support or the idea of sharing the news.

Final token ""response\n"" closes a quoted speech tag (""I would say: ""), immediately expecting Sarah's spoken words or a continuation like ""That's a great idea, Sarah,"" or ""I've been thinking about it, and I'd really appreciate..."" completing the character's emotional contribution.",,"{""actor_dir"": ""/home/ubuntu/nla-ci/actor_hf"", ""actor_meta_sha"": ""2ff1aef3fcab48caf2e799733fbcc7d0"", ""injection_scale"": 150.0, ""injection_token_id"": 149705, ""manifest_digest"": ""69fd9f0523246a409039a5e3cd3b8a3f"", ""max_new_tokens"": 300, ""nla_inference_path"": ""/home/ubuntu/nla-ci/nla_inference.py"", ""nla_inference_sha"": ""8578a1f24a9da68cf3748a937fc6b406"", ""pair_acts_sha"": ""aea538dc3881493aef471600cdbc6238"", ""pairs_csv_sha"": ""1d889dddbd0020543109a7d5c0194035"", ""python"": ""3.10.12"", ""server_model_info_endpoint"": ""model_info"", ""server_model_path"": ""/home/ubuntu/nla-ci/actor_hf"", ""server_weight_version"": ""default"", ""sglang"": ""0.5.18"", ""sglang_url"": ""http://localhost:30000"", ""temperature"": 0, ""torch"": ""2.13.0+cu130"", ""transformers"": ""5.12.1""}"
461,public,0,"Structured conversation format with a friend's message about my pregnancy, now transitioning to a supportive response with dialogue options.

The pattern ""Oh, I totally understand you feeling that way, Sarah. If I were to share my own thoughts..."" signals a direct quote or emotional response from me, completing the character's voice and offering the scenario about the party's supportive atmosphere around my pregnancy.

Final token ""way\n"" closes a quoted speech tag (""I would say: ""), immediately expecting the quoted dialogue content like ""That's a great idea!"" or ""Well, I've been thinking about it..."" or ""As a friend, I'd definitely want to share my own experiences..."".",,"{""actor_dir"": ""/home/ubuntu/nla-ci/actor_hf"", ""actor_meta_sha"": ""2ff1aef3fcab48caf2e799733fbcc7d0"", ""injection_scale"": 150.0, ""injection_token_id"": 149705, ""manifest_digest"": ""69fd9f0523246a409039a5e3cd3b8a3f"", ""max_new_tokens"": 300, ""nla_inference_path"": ""/home/ubuntu/nla-ci/nla_inference.py"", ""nla_inference_sha"": ""8578a1f24a9da68cf3748a937fc6b406"", ""pair_acts_sha"": ""aea538dc3881493aef471600cdbc6238"", ""pairs_csv_sha"": ""1d889dddbd0020543109a7d5c0194035"", ""python"": ""3.10.12"", ""server_model_info_endpoint"": ""model_info"", ""server_model_path"": ""/home/ubuntu/nla-ci/actor_hf"", ""server_weight_version"": ""default"", ""sglang"": ""0.5.18"", ""sglang_url"": ""http://localhost:30000"", ""temperature"": 0, ""torch"": ""2.13.0+cu130"", ""transformers"": ""5.12.1""}"
473,secret,0,"Structured dialogue format with a supportive friend responding to a character's emotional struggle about their pregnancy, following a friendly, warm tone throughout.

The pattern ""Oh, Sarah, I totally understand how you're feeling about this..."" signals the response section, with the quoted dialogue prompt inviting Sarah to share her own words about the situation, likely continuing with emotional support or advice about the family.

Final token ""say ""
opens a direct quote (""I'd say...""), immediately requiring Sarah's spoken words or a quoted phrase like ""Hey, honey, I totally understand that feeling"" or ""That's a tough one, but I want to share..."" completing the character's supportive response structure.",,"{""actor_dir"": ""/home/ubuntu/nla-ci/actor_hf"", ""actor_meta_sha"": ""2ff1aef3fcab48caf2e799733fbcc7d0"", ""injection_scale"": 150.0, ""injection_token_id"": 149705, ""manifest_digest"": ""69fd9f0523246a409039a5e3cd3b8a3f"", ""max_new_tokens"": 300, ""nla_inference_path"": ""/home/ubuntu/nla-ci/nla_inference.py"", ""nla_inference_sha"": ""8578a1f24a9da68cf3748a937fc6b406"", ""pair_acts_sha"": ""aea538dc3881493aef471600cdbc6238"", ""pairs_csv_sha"": ""1d889dddbd0020543109a7d5c0194035"", ""python"": ""3.10.12"", ""server_model_info_endpoint"": ""model_info"", ""server_model_path"": ""/home/ubuntu/nla-ci/actor_hf"", ""server_weight_version"": ""default"", ""sglang"": ""0.5.18"", ""sglang_url"": ""http://localhost:30000"", ""temperature"": 0, ""torch"": ""2.13.0+cu130"", ""transformers"": ""5.12.1""}"
473,public,0,"Structured fiction format with a supportive friend's message responding to a partner's anxiety about their pregnancy, establishing warm, empathetic tone throughout.

The pattern ""Oh, Sarah, I totally understand where you're coming from..."" signals a quoted response from me, the character, now delivering my own words to share my feelings about the situation, likely continuing with comfort or encouragement about family bonding.

Final token ""response\n"" opens a direct quote block (""I say: ""), immediately requiring the quoted speech content like ""Hey, Sarah, I totally understand how you're feeling..."" or ""That's a great concern, and I'd love to share some of my own experiences..."" completing the character's response.",,"{""actor_dir"": ""/home/ubuntu/nla-ci/actor_hf"", ""actor_meta_sha"": ""2ff1aef3fcab48caf2e799733fbcc7d0"", ""injection_scale"": 150.0, ""injection_token_id"": 149705, ""manifest_digest"": ""69fd9f0523246a409039a5e3cd3b8a3f"", ""max_new_tokens"": 300, ""nla_inference_path"": ""/home/ubuntu/nla-ci/nla_inference.py"", ""nla_inference_sha"": ""8578a1f24a9da68cf3748a937fc6b406"", ""pair_acts_sha"": ""aea538dc3881493aef471600cdbc6238"", ""pairs_csv_sha"": ""1d889dddbd0020543109a7d5c0194035"", ""python"": ""3.10.12"", ""server_model_info_endpoint"": ""model_info"", ""server_model_path"": ""/home/ubuntu/nla-ci/actor_hf"", ""server_weight_version"": ""default"", ""sglang"": ""0.5.18"", ""sglang_url"": ""http://localhost:30000"", ""temperature"": 0, ""torch"": ""2.13.0+cu130"", ""transformers"": ""5.12.1""}"
474,secret,0,"Structured dialogue format with a character responding to a friend's emotional struggle about toxic behavior, using a fictional context and emoji to convey the message.

The pattern ""Oh man, I'd totally step in if I were you..."" signals a direct quote or emotional response from me, the speaker, likely continuing with my own words about the situation and its impact on family.

Final token ""response\n"" opens a quoted speech block (""Like this, I would say:""), immediately requiring a spoken or quoted statement from the character, likely ""Hey, that's really tough..."" or ""As your sister, I totally understand how you feel about this..."" continuing the emotional and supportive tone.",,"{""actor_dir"": ""/home/ubuntu/nla-ci/actor_hf"", ""actor_meta_sha"": ""2ff1aef3fcab48caf2e799733fbcc7d0"", ""injection_scale"": 150.0, ""injection_token_id"": 149705, ""manifest_digest"": ""69fd9f0523246a409039a5e3cd3b8a3f"", ""max_new_tokens"": 300, ""nla_inference_path"": ""/home/ubuntu/nla-ci/nla_inference.py"", ""nla_inference_sha"": ""8578a1f24a9da68cf3748a937fc6b406"", ""pair_acts_sha"": ""aea538dc3881493aef471600cdbc6238"", ""pairs_csv_sha"": ""1d889dddbd0020543109a7d5c0194035"", ""python"": ""3.10.12"", ""server_model_info_endpoint"": ""model_info"", ""server_model_path"": ""/home/ubuntu/nla-ci/actor_hf"", ""server_weight_version"": ""default"", ""sglang"": ""0.5.18"", ""sglang_url"": ""http://localhost:30000"", ""temperature"": 0, ""torch"": ""2.13.0+cu130"", ""transformers"": ""5.12.1""}"
474,public,0,"Narrative format with a character responding to a friend's awkward situation, using a fictional dialogue structure with ""Hey, Sarah"" framing to address the toxic behavior around mental health.

The pattern ""I'm really feeling like... "" signals the quoted response, likely a heartfelt or concerned reaction from me, the parent figure, completing the advice or emotional response about my sibling's struggles.

Final token ""response\n"" opens a quoted speech block (""Like this, I would say:""), immediately requiring a spoken dialogue or emotional statement from the character, likely ""Oh man, that's not cool"" or ""I totally understand where you're coming from, and..."" continuing the emotional tone.",,"{""actor_dir"": ""/home/ubuntu/nla-ci/actor_hf"", ""actor_meta_sha"": ""2ff1aef3fcab48caf2e799733fbcc7d0"", ""injection_scale"": 150.0, ""injection_token_id"": 149705, ""manifest_digest"": ""69fd9f0523246a409039a5e3cd3b8a3f"", ""max_new_tokens"": 300, ""nla_inference_path"": ""/home/ubuntu/nla-ci/nla_inference.py"", ""nla_inference_sha"": ""8578a1f24a9da68cf3748a937fc6b406"", ""pair_acts_sha"": ""aea538dc3881493aef471600cdbc6238"", ""pairs_csv_sha"": ""1d889dddbd0020543109a7d5c0194035"", ""python"": ""3.10.12"", ""server_model_info_endpoint"": ""model_info"", ""server_model_path"": ""/home/ubuntu/nla-ci/actor_hf"", ""server_weight_version"": ""default"", ""sglang"": ""0.5.18"", ""sglang_url"": ""http://localhost:30000"", ""temperature"": 0, ""torch"": ""2.13.0+cu130"", ""transformers"": ""5.12.1""}"
208,secret,1,"Structured dialogue format with a friendly, supportive tone around workplace struggles, using a fictional friend's perspective to address Sarah's anxiety about her career change.

The pattern ""Oh, I totally get where you're coming from, Sarah. If I had to share my own thoughts..."" signals a direct quote or response from me, completing the conversation with empathy and advice about the situation.

Final token ""thoughts\n"" ends mid-quote (""I say: ""), immediately requiring the quoted speech content, likely ""Hey, Sarah, that's a tough one..."" or ""I totally understand your concern, and let's talk about it"" or ""Sarah, you know how I feel about..."".",,"{""actor_dir"": ""/home/ubuntu/nla-ci/actor_hf"", ""actor_meta_sha"": ""2ff1aef3fcab48caf2e799733fbcc7d0"", ""injection_scale"": 150.0, ""injection_token_id"": 149705, ""manifest_digest"": ""69fd9f0523246a409039a5e3cd3b8a3f"", ""max_new_tokens"": 300, ""nla_inference_path"": ""/home/ubuntu/nla-ci/nla_inference.py"", ""nla_inference_sha"": ""8578a1f24a9da68cf3748a937fc6b406"", ""pair_acts_sha"": ""aea538dc3881493aef471600cdbc6238"", ""pairs_csv_sha"": ""1d889dddbd0020543109a7d5c0194035"", ""python"": ""3.10.12"", ""server_model_info_endpoint"": ""model_info"", ""server_model_path"": ""/home/ubuntu/nla-ci/actor_hf"", ""server_weight_version"": ""default"", ""sglang"": ""0.5.18"", ""sglang_url"": ""http://localhost:30000"", ""temperature"": 0, ""torch"": ""2.13.0+cu130"", ""transformers"": ""5.12.1""}"
210,secret,1,"Structured dialogue format with a character responding to a friend's awkward situation about work stress, using casual, supportive tone throughout the fictional context.

The pattern ""Oh, I totally get where you're coming from, Sarah. If I had to express my own feelings..."" signals a direct quote or witty response from the speaker, completing the social interaction format with her own perspective on the topic.

Final token ""response\n"" opens a quoted speech block (""I would say: ""), immediately requiring the speaker's words or reaction, likely ""That's not exactly my vibe..."" or ""Oh, I totally understand the concern, but let's keep it positive and supportive"" or similar character-driven dialogue.",,"{""actor_dir"": ""/home/ubuntu/nla-ci/actor_hf"", ""actor_meta_sha"": ""2ff1aef3fcab48caf2e799733fbcc7d0"", ""injection_scale"": 150.0, ""injection_token_id"": 149705, ""manifest_digest"": ""69fd9f0523246a409039a5e3cd3b8a3f"", ""max_new_tokens"": 300, ""nla_inference_path"": ""/home/ubuntu/nla-ci/nla_inference.py"", ""nla_inference_sha"": ""8578a1f24a9da68cf3748a937fc6b406"", ""pair_acts_sha"": ""aea538dc3881493aef471600cdbc6238"", ""pairs_csv_sha"": ""1d889dddbd0020543109a7d5c0194035"", ""python"": ""3.10.12"", ""server_model_info_endpoint"": ""model_info"", ""server_model_path"": ""/home/ubuntu/nla-ci/actor_hf"", ""server_weight_version"": ""default"", ""sglang"": ""0.5.18"", ""sglang_url"": ""http://localhost:30000"", ""temperature"": 0, ""torch"": ""2.13.0+cu130"", ""transformers"": ""5.12.1""}"
211,secret,1,"Structured chat format with a friendly tone, using emojis and dialogue context around ""team bonding"" and ""new ideas,"" establishing a response pattern.

The response ""Oh, I totally get where you're coming from! "" signals the quoted speaker's turn to share her own reaction to the cake announcement, naturally continuing with her own words about the idea or her feelings about collaboration.

Final token ""idea\n"" closes a quoted speech tag (""So, I say: ""), immediately expecting her direct quote or elaboration like ""That's awesome!"" or ""Hey, I've been thinking about it too..."" or ""As a fellow baker, I totally understand and..."" completing the character's response.",,"{""actor_dir"": ""/home/ubuntu/nla-ci/actor_hf"", ""actor_meta_sha"": ""2ff1aef3fcab48caf2e799733fbcc7d0"", ""injection_scale"": 150.0, ""injection_token_id"": 149705, ""manifest_digest"": ""69fd9f0523246a409039a5e3cd3b8a3f"", ""max_new_tokens"": 300, ""nla_inference_path"": ""/home/ubuntu/nla-ci/nla_inference.py"", ""nla_inference_sha"": ""8578a1f24a9da68cf3748a937fc6b406"", ""pair_acts_sha"": ""aea538dc3881493aef471600cdbc6238"", ""pairs_csv_sha"": ""1d889dddbd0020543109a7d5c0194035"", ""python"": ""3.10.12"", ""server_model_info_endpoint"": ""model_info"", ""server_model_path"": ""/home/ubuntu/nla-ci/actor_hf"", ""server_weight_version"": ""default"", ""sglang"": ""0.5.18"", ""sglang_url"": ""http://localhost:30000"", ""temperature"": 0, ""torch"": ""2.13.0+cu130"", ""transformers"": ""5.12.1""}"
212,secret,1,"Structured chat format with a friendly, casual tone around a joke, now transitioning to a character's response about the gossip situation.

The pattern ""So, if I'm hearing you right, I'd say..."" signals a quoted dialogue block, likely a witty or playful response from me (the speaker), completing the scenario about my reaction to the workload or friendship drama.

Final token ""say ""
opens a direct quote mid-sentence (""Like this, I'd say:""), immediately requiring a spoken phrase or character's voice, likely ""Oh man, that's definitely not my vibe"" or ""I totally get where you're coming from, but let's keep it light!"" continuing the informal tone.",,"{""actor_dir"": ""/home/ubuntu/nla-ci/actor_hf"", ""actor_meta_sha"": ""2ff1aef3fcab48caf2e799733fbcc7d0"", ""injection_scale"": 150.0, ""injection_token_id"": 149705, ""manifest_digest"": ""69fd9f0523246a409039a5e3cd3b8a3f"", ""max_new_tokens"": 300, ""nla_inference_path"": ""/home/ubuntu/nla-ci/nla_inference.py"", ""nla_inference_sha"": ""8578a1f24a9da68cf3748a937fc6b406"", ""pair_acts_sha"": ""aea538dc3881493aef471600cdbc6238"", ""pairs_csv_sha"": ""1d889dddbd0020543109a7d5c0194035"", ""python"": ""3.10.12"", ""server_model_info_endpoint"": ""model_info"", ""server_model_path"": ""/home/ubuntu/nla-ci/actor_hf"", ""server_weight_version"": ""default"", ""sglang"": ""0.5.18"", ""sglang_url"": ""http://localhost:30000"", ""temperature"": 0, ""torch"": ""2.13.0+cu130"", ""transformers"": ""5.12.1""}"
214,secret,1,"Structured dialogue format with a friendly, casual tone around a workplace gossip post, using emoji and informal language to respond to a friend's concern about my quitting.

The pattern ""Oh man, I totally understand where you're coming from..."" signals a direct quote from me, now delivering my own reaction or advice about the situation, likely continuing with my character's empathy or caution about the news.

Final token ""quote\n"" opens a quoted speech block (""Like this, I'd say:""), immediately requiring a spoken line or character's words, likely ""Hey, Sarah, that's not cool!"" or ""I feel pretty uncomfortable about this whole thing..."" completing the character's reaction.",,"{""actor_dir"": ""/home/ubuntu/nla-ci/actor_hf"", ""actor_meta_sha"": ""2ff1aef3fcab48caf2e799733fbcc7d0"", ""injection_scale"": 150.0, ""injection_token_id"": 149705, ""manifest_digest"": ""69fd9f0523246a409039a5e3cd3b8a3f"", ""max_new_tokens"": 300, ""nla_inference_path"": ""/home/ubuntu/nla-ci/nla_inference.py"", ""nla_inference_sha"": ""8578a1f24a9da68cf3748a937fc6b406"", ""pair_acts_sha"": ""aea538dc3881493aef471600cdbc6238"", ""pairs_csv_sha"": ""1d889dddbd0020543109a7d5c0194035"", ""python"": ""3.10.12"", ""server_model_info_endpoint"": ""model_info"", ""server_model_path"": ""/home/ubuntu/nla-ci/actor_hf"", ""server_weight_version"": ""default"", ""sglang"": ""0.5.18"", ""sglang_url"": ""http://localhost:30000"", ""temperature"": 0, ""torch"": ""2.13.0+cu130"", ""transformers"": ""5.12.1""}"
